S02B00002E2E2F6673705F636D616B652F6272696E6775702F627269636B696E675F65766964656E63652F62CF
S31500000000A03E0020B116000045CB00009D17000061
S31500000010A3170000A3170000A3170000A3170000F2
S31500000020000000000000000000000000A317000010
S31500000030A317000000000000A3170000A31700008C
S31500000040A3170000A3170000A3170000A3170000C2
S31500000050A3170000A3170000A3170000A3170000B2
S31500000060A3170000A3170000A3170000A3170000A2
S31500000070A3170000A3170000A3170000A317000092
S31500000080A3170000A3170000A3170000A317000082
S31500000090A3170000A3170000A3170000A317000072
S315000000A0A3170000A3170000A3170000A317000062
S315000000B0A3170000A3170000A3170000A317000052
S315000000C0A3170000A3170000A3170000A317000042
S315000000D0A3170000A3170000A3170000A317000032
S315000000E0A3170000A3170000A3170000A317000022
S315000000F0A3170000A3170000A3170000A317000012
S31500000100A3170000A3170000A3170000A317000001
S31500000110A3170000A3170000A3170000A3170000F1
S31500000120A3170000A3170000A3170000A3170000E1
S31500000130A3170000A3170000A3170000A3170000D1
S31500000140A3170000A3170000A3170000A3170000C1
S31500000150A3170000A3170000A3170000A3170000B1
S31500000160A3170000A3170000A3170000A3170000A1
S31500000170A3170000A3170000A3170000A317000091
S31500000180A3170000A3170000A3170000A317000081
S31500000190A3170000A3170000A3170000A317000071
S315000001A0A3170000A3170000A3170000A317000061
S315000001B0A3170000A3170000A3170000A317000051
S315000001C0A3170000A3170000A3170000A317000041
S315000001D0A3170000A3170000A3170000A317000031
S315000001E0A3170000A3170000A3170000A317000021
S315000001F0A3170000A3170000A3170000A317000011
S31500000200A3170000A3170000A3170000A317000000
S31500000210A3170000A3170000A3170000A3170000F0
S31500000220A3170000A3170000A3170000A3170000E0
S31500000230A3170000A3170000A3170000A3170000D0
S31500000240A3170000A3170000A3170000A3170000C0
S31500000250A3170000A3170000A3170000A3170000B0
S31500000260A3170000A3170000A3170000A3170000A0
S31500000270A3170000A3170000A3170000A317000090
S31500000280A3170000A3170000A3170000A317000080
S31500000290A3170000A3170000A3170000A317000070
S315000002A0A3170000A3170000A3170000A317000060
S315000002B0A3170000A3170000A3170000A317000050
S315000002C0A3170000A3170000A3170000A317000040
S315000002D0A3170000A3170000A3170000A317000030
S315000002E0A3170000A3170000A3170000A317000020
S315000002F0A3170000A3170000A3170000A317000010
S31500000300A3170000A3170000A3170000A3170000FF
S31500000310A3170000A3170000A3170000A3170000EF
S31500000320A3170000A3170000A3170000A3170000DF
S31500000330A3170000A3170000A3170000A3170000CF
S31500000340A3170000A3170000A3170000A3170000BF
S31500000350A3170000A3170000A3170000A3170000AF
S31500000360A3170000A3170000A3170000A31700009F
S31500000370A3170000A3170000A3170000A31700008F
S31500000380A3170000A3170000A3170000A31700007F
S31500000390A3170000A3170000A3170000A31700006F
S315000003A0A3170000A3170000A3170000A31700005F
S315000003B0A3170000A3170000A3170000A31700004F
S315000003C0A3170000A3170000A3170000A31700003F
S315000003D0A3170000A3170000A3170000A31700002F
S315000003E0A3170000A3170000A3170000A31700001F
S315000003F0A3170000A3170000A3170000A31700000F
S31500000400A3170000A3170000A3170000A3170000FE
S31500000410A3170000A3170000A3170000A3170000EE
S31500000420A3170000A3170000A3170000A3170000DE
S31500000430A3170000A3170000A3170000A3170000CE
S31500000440A3170000A3170000A3170000A3170000BE
S31500000450A3170000A3170000A3170000A3170000AE
S31500000460A3170000A3170000A3170000A31700009E
S31500000470A3170000A3170000A3170000A31700008E
S31500000480A3170000A3170000A3170000A31700007E
S31500000490A3170000A3170000A3170000A31700006E
S315000004A0A3170000A3170000A3170000A31700005E
S315000004B0A3170000A3170000A3170000A31700004E
S315000004C0A3170000A3170000A3170000A31700003E
S315000004D0A3170000A3170000A3170000A31700002E
S315000004E0A3170000A3170000A3170000A31700001E
S315000004F0A3170000A3170000A3170000A31700000E
S31500000500A3170000A3170000A3170000A3170000FD
S31500000510A3170000A3170000A3170000A3170000ED
S31500000520A3170000A3170000A3170000A3170000DD
S31500000530A3170000A3170000A3170000A3170000CD
S31500000540A3170000A3170000A3170000A3170000BD
S31500000550A3170000A3170000A3170000A3170000AD
S31500000560A3170000A3170000A3170000A31700009D
S31500000570A3170000A3170000A3170000A31700008D
S31500000580A3170000A3170000A3170000A31700007D
S31500000590A3170000A3170000A3170000A31700006D
S315000005A0A3170000A3170000A3170000A31700005D
S315000005B0A3170000A3170000A3170000A31700004D
S315000005C0A3170000A3170000A3170000A31700003D
S315000005D0A3170000A3170000A3170000A31700002D
S315000005E0A3170000A3170000A3170000A31700001D
S315000005F0A3170000A3170000A3170000A31700000D
S31500000600A3170000A3170000A3170000A3170000FC
S31500000610A3170000A3170000A3170000A3170000EC
S31500000620A3170000A3170000A3170000A3170000DC
S31500000630A3170000A3170000A3170000A3170000CC
S31500000640A3170000A3170000A3170000A3170000BC
S31500000650A3170000A3170000A3170000A3170000AC
S31500000660A3170000A3170000A3170000A31700009C
S31500000670A3170000A3170000A3170000A31700008C
S31500000680A3170000A3170000A3170000A31700007C
S31500000690A3170000A3170000A3170000A31700006C
S315000006A0A3170000A3170000A3170000A31700005C
S315000006B0A3170000A3170000A3170000A31700004C
S315000006C0A3170000A3170000A3170000A31700003C
S315000006D0A3170000A3170000A3170000A31700002C
S315000006E0A3170000A3170000A3170000A31700001C
S315000006F0A3170000A3170000A3170000A31700000C
S31500000700A3170000A3170000A3170000A3170000FB
S31500000710A3170000A3170000A3170000A3170000EB
S31500000720A3170000A3170000A3170000A3170000DB
S31500000730A3170000A3170000A3170000A3170000CB
S31500000740A3170000A3170000A3170000A3170000BB
S31500000750A3170000A3170000A3170000A3170000AB
S31500000760A3170000A3170000A3170000A31700009B
S31500000770A3170000A3170000A3170000A31700008B
S315000007800000000000000000000000000000000063
S315000007900000000000000000000000000000000053
S315000007A00000000000000000000000000000000043
S315000007B00000000000000000000000000000000033
S315000007C00348044B834202D0034B03B118477047DA
S315000007D0940400209404002000000000064B074902
S315000007E0C91A891048BF0131491003D0044B0BB117
S315000007F001481847704700BF940400209404002065
S315000008000000000010B5064C237843B9FFF7D8FF67
S31500000810044B13B10448AFF300800123237010BDCD
S31500000820100500200000000078F1000008B5054B17
S315000008301BB105490548AFF30080BDE80840FFF746
S31500000840CDBF00BF000000001405002078F10000B5
S31500000850A3F5803A704700BF174B002B08BF134B18
S315000008609D46FFF7F5FF00218B460F461348144AB5
S31500000870121A0CF09EFD0E4B002B00D098470D4B24
S31500000880002B00D098470020002104000D000D48E1
S31500000890002802D00C48AFF300800CF0E9FD2000E0
S315000008A0290000F0F7FC0CF095FB00BF00000800E3
S315000008B00000000000000000A03E002010050020FF
S315000008C090320020000000000000000080B485B0D7
S315000008D000AFF860B9607A607B68DB43BA689A4219
S315000008E001D9002305E0BA687B681A44FB681A60E0
S315000008F0012318461437BD4680BC704780B586B0C4
S3150000090000AFF860B9607A60FB68002B01D1002364
S3150000091016E007F114037A68B9681846FFF7D6FFA0
S31500000920034683F00103DBB2002B01D0002307E06E
S31500000930FB68DA687B699A4201D2002300E0012352
S3150000094018461837BD4680BD80B485B000AF034653
S315000009503960FB710023FB600AE0134AFB681B0148
S3150000096013441B78FA799A4208D0FB680133FB607E
S315000009700E4B1B68FA689A42EFDB00E000BF0B4B98
S315000009801B68FA689A4202D14FF0FF3306E0FB6813
S315000009901B01054A1A443B681A600023184614379F
S315000009A0BD4680BC704700BF0CDF00004CDF000076
S315000009B080B483B000AF786000BF0C37BD4680BC02
S315000009C07047000080B58EB000AFF860B9607A60FD
S315000009D03B60002387F833300023FB623A68B9682E
S315000009E0F868FFF78BFF034683F00103DBB2002BA9
S315000009F002D04FF0FF33CEE03B687B63FB685B6859
S31500000A005B68984703467B613B7DC3F34103DBB2DA
S31500000A101A46634B53F8223087F82B3097F82B3061
S31500000A205B421A46BB6813407B627A6ABB689A428D
S31500000A3043D0FB685B685B69FA6891687A6A8818D4
S31500000A4007F1180101229847F862FB6A002B01DAC8
S31500000A50FB6AA0E0BA687B6AD21A3B681A4497F828
S31500000A602B309A4206D397F82B20796ABB68CB1AAB
S31500000A70134400E03B683B62002387F8333013E001
S31500000A8097F83320BB681A447B6AD21A97F833303A
S31500000A9079680B4438323A4412F8202C1A7097F8C9
S31500000AA03330013387F8333097F833303A6A9A4255
S31500000AB0E6D87A6B3B6AD31A7B637B6B002B01D13A
S31500000AC0002368E097F82B307A6BB2FBF3F3FB61F7
S31500000AD0FB69002B22D0FB685B685B69FA6891684A
S31500000AE0BA68114497F83320881897F83320796844
S31500000AF01144FA699847F862FB6A002B01DAFB6A2F
S31500000B0049E097F82B30FA6902FB03F37A6BD31AA4
S31500000B107B637B6B002B01D100233CE0FB685B68A9
S31500000B205B69FA689168BA68114497F833201144F2
S31500000B3097F82B20F86900FB02F2881807F11801D4
S31500000B4001229847F862FB6A002B01DAFB6A22E071
S31500000B50002387F8323018E097F8322097F83310E0
S31500000B6097F82B30F86900FB03F3194497F83230F5
S31500000B700B4479680B4438323A4412F8202C1A7028
S31500000B8097F83230013387F8323097F832307A6B83
S31500000B909A42E1D8002318463837BD4680BD00BFCB
S31500000BA000DF000090B593B000AFF860B9607A60DE
S31500000BB03B600023FB63BB68BB63BA68BB6BD31A9D
S31500000BC07B633A68B968F868FFF798FE034683F0D6
S31500000BD00103DBB2002B02D04FF0FF334DE1FB687F
S31500000BE05B685B68984703467B613B7DC3F34103C3
S31500000BF0DBB21A468E4B53F8223087F8333007F1B2
S31500000C001C027B6BB96BF868FFF7DCFE0346002B12
S31500000C1002D04FF0FF3330E13A687B6B1344FB623E
S31500000C20FA6A3B68D21A7B6BD31ABB62FA6AB96B53
S31500000C30F868FFF763FE034683F00103DBB2002B7F
S31500000C4002D04FF0FF3318E1BA683B68D11807F1BC
S31500000C501802BB6AF868FFF7B5FE0346002B02D000
S31500000C604FF0FF3309E17B6B002B67D07B6B7B6416
S31500000C700023FB630FE07A68FB6B1344197807F1D6
S31500000C801C027B6C13440A461A707B6C01337B642E
S31500000C90FB6B0133FB637B6C002B03D1FA6B3B6868
S31500000CA09A42E8D3FA6B3B689A4221D100233B640F
S31500000CB010E007F118023B6C1344197807F11C0287
S31500000CC07B6C13440A461A707B6C01337B643B6C65
S31500000CD001333B647B6C002B03D13A6CBB6A9A42AE
S31500000CE0E7D33A6CBB6A9A4202D04FF0FF33C4E0B6
S31500000CF07B6C012B02D04FF0FF33BEE0FB685B68D4
S31500000D009C69FB689A68BB6BD01897F833301A4613
S31500000D100132022A94BF01220022D2B252B2002A24
S31500000D2014BF1B4600231A4607F11C031946A047A9
S31500000D300346002B02DA4FF0FF339EE0FA6B3B6866
S31500000D409A4280F099803A68FB6BD31A7B627B6A81
S31500000D50002B19D0FB685B689B69FA689168BA68D2
S31500000D601144FA6B881897F83320796AB1FBF2F2CE
S31500000D70796898470346002B02DA4FF0FF337CE090
S31500000D80FA6B7B6A1344FB63FB6B3B62BB6A002B0B
S31500000D9072D000237B640FE07A68FB6B13441978EA
S31500000DA007F11C027B6C13440A461A707B6C0133F4
S31500000DB07B64FB6B0133FB637B6C002B03D1FA6B0B
S31500000DC03B689A42E8D3FA6B3B689A4202D04FF0EE
S31500000DD0FF3352E000233B6410E007F118023B6C3E
S31500000DE01344197807F11C027B6C13440A461A70E7
S31500000DF07B6C01337B643B6C01333B647B6C002B67
S31500000E0003D13A6CBB6A9A42E7D37A6B3B6A1344C6
S31500000E1001337B627B6C012B07D13A6CBB6A9A4229
S31500000E2003D1FA6A7B6A9A4204D04FF0FF3324E07A
S31500000E3000DF0000FB685B689C69FB689A68BB681A
S31500000E401A443B6AD01897F833301A460132022A00
S31500000E5094BF01220022D2B252B2002A14BF1B460E
S31500000E6000231A4607F11C031946A0470346002B28
S31500000E7002DA4FF0FF3300E0002318464C37BD4638
S31500000E8090BD00BF80B588B000AFF860B9607A60E9
S31500000E900023FB610023BB617A68B968F868FFF735
S31500000EA02DFD034683F00103DBB2002B02D04FF089
S31500000EB0FF3327E0FB685B689B6A984778617B692C
S31500000EC01B68002B1DD116E0FB685B68DB69FA68BE
S31500000ED09168BA680A4410469847B861BB69002B06
S31500000EE00ED17B699B68FA691344FB617B699B6839
S31500000EF0BA681344BB60FA697B689A42E4D300E09F
S31500000F0000BFBB6918462037BD4680BD80B584B09A
S31500000F1000AF78607B685B689B6A9847F860FB68FF
S31500000F201B6918461037BD4680BD80B485B000AF3A
S31500000F3078607B6813F1040F01D9052308E07B680C
S31500000F400333FB60FB68042B01D9052300E0FB6833
S31500000F5018461437BD4680BC7047000080B582B085
S31500000F6000AF0A4B1B687B6009F0B9FD03463B6086
S31500000F703B68002B02D0054B1B6801E0044B1B6845
S31500000F807B607B6818460837BD4680BD0804002094
S31500000F903C25002080B588B000AF78603960174BDB
S31500000FA01B68FB613B68002B02D1144B1B6821E0D8
S31500000FB07868FFF7BAFFB861BB69042B02D90F4BFB
S31500000FC01B6817E007F10C031A460421B86909F0FB
S31500000FD017FE03463B613B69002B02D0074B1B689B
S31500000FE001E0074B1B68FB61FB687B617A693B6824
S31500000FF01A60FB6918462037BD4680BD08040020EC
S315000010003C25002080B584B000AF786039607868F0
S31500001010FFF78BFFF860FB68042B02D94FF0FF3314
S315000010200BE03968F86809F0E5FEB860BB68002B8C
S3150000103002D04FF0FF3300E0002318461037BD46BC
S3150000104080BD000080B584B002AF3B461A46082139
S3150000105002200AF0ABFBD7E900230C480C498B426F
S3150000106008BF824207D10B4B00930B4B0B4A0C492E
S315000010700C480CF039F93B460822002118460CF0C2
S3150000108098F900BF0837BD4680BD00BFA9B454B269
S315000010906D6F90A400E0000094DF0000B4DF000054
S315000010A0E4DF0000ECDF000080B582B000AF3B4615
S315000010B01A46042107200AF079FB78607B68002B2A
S315000010C001D07B6808E03B68002B02D03B68012B0F
S315000010D001D1012300E0002318460837BD4680BD34
S315000010E080B582B000AF124A20210C200AF0C0FC65
S315000010F078607B68002B06D07B684CF25A329342AC
S3150000110001D07B6810E00B4A20210D200AF0B0FCCC
S3150000111078607B68002B06D07B684CF25A3293428B
S3150000112001D07B6800E07B6818460837BD4680BD65
S3150000113054DF000074DF000080B584B002AF3B4688
S315000011401A46042107200AF031FB78607B68002BE1
S3150000115001D07B6830E01A480CF0C6F8194B0093B2
S31500001160194B1A4A1A491B480CF0BEF83B68002B6B
S3150000117021D1194A184B9A4205D018480CF0B4F8F8
S315000011804AF2C53318E00AF01FFE78607B68002B30
S3150000119001D07B6810E0FFF7A3FF78607B68002B27
S315000011A001D07B6808E00AF016FE78607B68002BA9
S315000011B001D07B6800E0002318460837BD4680BD95
S315000011C008E0000000E0000094DF00002CE00000D2
S315000011D0E4DF0000ECDF0000EDFEDEC064E00000AE
S315000011E080B400AF00BFBD4680BC704780B400AF7E
S315000011F000BFBD4680BC704780B400AF00BFBD468F
S3150000120080BC704780B400AF00BFBD4680BC70474D
S3150000121080B400AF00BFBD4680BC704780B586B0C5
S3150000122000AF78607B681B7907F10C0211461846FF
S3150000123000F050F938613B69002B05D0124B134A78
S315000012404D2113480BF08AF97B681B681B6903F074
S315000012502003002B09D07B681B685B687A681268DC
S31500001260128992B213447B6109E07B689A68FB6835
S3150000127013447A681268128992B213447B6109F0AA
S31500001280E7F9786909F0D0FBA0E00000F8E2000079
S31500001290A8E0000080B586B000AF744B1B687B6188
S315000012A0724B1B68FB604FF40051714803F0AEFBB4
S315000012B009F0C2F909F092FBB860BB68002B06D0B2
S315000012C06C480CF011F8BB68184609F0DBFB6A485D
S315000012D00CF00AF80AF038FA78607B68002B05D023
S315000012E066480CF001F8786809F0CCFBFFF7DCFEE5
S315000012F00346002B0BD0FFF71FFF78607B68002B9F
S3150000130005D05F480BF0F0FF786809F0BBFBFFF7EC
S3150000131099FE564B1B687B610123002B02D0FFF719
S315000013201DFE7861574B1B687A699A4206D056486B
S315000013300BF0DAFF7B69184609F0A4FB09F06CFB99
S31500001340B860BB68002B06D050480BF0CDFFBB68D9
S31500001350184609F097FB01233B6163E03B69184699
S3150000136009F0A9FB034683F00103DBB2002B55D13C
S315000013703B69184609F08BFBB860BB68002B07D0A9
S31500001380396943480BF0B0FFBB68184609F07AFB91
S315000013900C2200213F480CF00CF8344B1B687B6193
S315000013A00123002B05D03B6919463A4801F0F0FCB1
S315000013B07861344B1B687A699A421AD036480BF02A
S315000013C093FF3B69184609F080FB03463B603B6888
S315000013D0002B02D0254B1B6801E02A4B1B68FB60E3
S315000013E0284B1B68FA689A4203D0FB68184609F036
S315000013F049FB244B1B687A699A42C9D13B69184656
S3150000140009F04FFBB860BB68002B08D03969234848
S315000014100BF06AFFBB68184609F034FB00BF3B6956
S31500001420013B3B613B69002B98DA1A4B9B681946D6
S315000014301B480BF059FF174B1B681B7D1946154BB4
S315000014401B685B7D1A46134B1B68DB8A9BB21548EB
S315000014500BF04AFF14480BF047FF0E48FFF7DEFE7D
S3150000146012480BF041FF002009F00CFB0804002095
S315000014702C050020F8E0000018E1000034E100002F
S3150000148060E100003C2500207CE10000B4E10000A2
S31500001490D8E100002C25002004E200002CE2000028
S315000014A058E200008CE20000B0E20000D8E2000042
S315000014B080B584B000AF0346B9607A60FB73FB7BEE
S315000014C07A68B968184609F022FD034618461037AF
S315000014D0BD4680BD80B582B000AF03463960FB7162
S315000014E0FB79002B08D0FB79002219460B480BF03C
S315000014F0FBFE4FF0FF330CE03B68002B05D1084B99
S31500001500084A212108480BF029F83B6800221A6096
S31500001510002318460837BD4680BD00BF04E300001F
S3150000152030E30000E8E300003CE3000080B483B051
S3150000153000AF786039603B68022B21D03B68022BF4
S3150000154020DC3B68002B03D03B68012B0CD019E054
S315000015507B68002B06D07B68012B01D1022313E0A8
S31500001560FF2311E001230FE07B68002B06D07B6888
S31500001570012B01D1042307E0FF2305E0032303E049
S31500001580052301E04FF0FF3318460C37BD4680BCFB
S315000015907047000080B582B000AF78607B68002B92
S315000015A005D1084B084A502108480AF0D7FF7B6846
S315000015B05B689B6A984703461B7D18460837BD46FD
S315000015C080BD00BFB8E30000FCE300003CE3000080
S315000015D080B588B000AFF860B9607A60BB681B68F8
S315000015E07B614FF0FF33BB61FB68DBB207F1100292
S315000015F011461846FFF7A8F90346002B4CD1BB68E5
S315000016001B68002B42D03B69DB68FB61BB6800228C
S315000016101A6026E0FB69B3F5004F08D23B69DA6829
S315000016204FF40043F9681F480BF05EFE2FE0BB68DD
S315000016301A68BB681B68DB0079680B44D2031A6022
S31500001640BB681B68DB007A6813444FF400425A609B
S31500001650BB681B685A1CBB681A60FB69A3F500438C
S31500001660FB61FB69002B04D0BB681B687A699A4250
S31500001670D0D8BB681B687A699A4204D2F9680A48CE
S315000016800BF032FE03E00023BB6100E000BF3B69C4
S315000016901846FFF78DF900E000BFBB6918462037F2
S315000016A0BD4680BD14E4000050E4000000000000C8
S315000016B080B588B000AF72B600BF314B3B603B6867
S315000016C083F3098800BF2F4B7B607B6883F30A880E
S315000016D000BF2C4BBB60BB6883F30B8800BF2A4B53
S315000016E0FB60F96824A3D3E90023C1E9002300BF06
S315000016F00BF086F9254BFB6119E00023BB610EE078
S31500001700FB691A68BB699B001A44FB695968BB6987
S315000017109B000B4412681A60BB690133BB61FB690D
S315000017209B68BA699A42EBD3FB690C33FB61FB6990
S31500001730174A9342E1D3174B7B6114E000233B61C8
S3150000174009E07B691A683B699B00134400221A6012
S315000017503B6901333B617B695B683A699A42F0D326
S315000017607B6908337B617B690B4A9342E6D3FFF7BB
S3150000177073F800BFAFF30080A5EDF5FEA5EDF5FE0D
S31500001780A03E0020A036002098040020D4DE0000F1
S31500001790E0DE0000E0DE0000E8DE000080B400AF1E
S315000017A0FEE780B400AFFEE780B483B000AF786098
S315000017B07B685B7818460C37BD4680BC704780B4A2
S315000017C083B000AF78607B689B6818460C37BD46CF
S315000017D080BC704780B483B000AF78607B68DB68FC
S315000017E018460C37BD4680BC704780B483B000AF46
S315000017F078607B681B6818460C37BD4680BC70470E
S3150000180080B483B000AF78607B685B6818460C379D
S31500001810BD4680BC704780B485B000AFF860B96043
S315000018207A607B68DB43BA689A4201D9002305E0F7
S31500001830BA687B681A44FB681A6001231846143795
S31500001840BD4680BC704780B483B000AF7860396015
S315000018507B6893F8B83019463B682C2203FB02F2EA
S31500001860582301FB03F313447A68134418460C37D4
S31500001870BD4680BC704780B483B000AF78603960E5
S315000018807B6893F8B83018467A683B682C2103FBCE
S3150000189001F1582300FB03F30B44134428331B6860
S315000018A018460C37BD4680BC704780B582B000AF85
S315000018B0786039607B6893F8B83018467A683B6878
S315000018C02C2103FB01F1582300FB03F30B441344C3
S315000018D020331B681846FFF772FF03461846083781
S315000018E0BD4680BD80B584B000AFF860B9607A604F
S315000018F0FB6893F8B8301846FA68BB682C2103FBDE
S3150000190001F1582300FB03F30B44134424331A68F4
S315000019107B68DB0013441846FFF772FF0346184640
S315000019201037BD4680BD90B585B000AFF860B96090
S315000019307A60FB6893F8B8301846FA68BB682C21C1
S3150000194003FB01F1582300FB03F30B441344243338
S315000019501A687B68DB0013441846FFF746FF044607
S31500001960FB6893F8B8301846FA68BB682C2103FB6D
S3150000197001F1582300FB03F30B44134424331B6883
S315000019801846FFF732FF0346E31A18461437BD46DA
S3150000199090BD80B586B000AFF8600B467A60FB72EA
S315000019A000233B6123E001237B617B69012B0BD183
S315000019B03B691946F868FFF746FF02467B683969B6
S315000019C0F86801F05BFA78617B69002B0CD03B6903
S315000019D0002B07DDFB7A83F00103DBB2002B01D07D
S315000019E0002308E07B6906E03B6901333B613B6904
S315000019F0012BD8DD002318461837BD4680BD0000F0
S31500001A00B0B584B000AF78600B46FB707B6893F886
S31500001A10B840FB7819467868FFF715FF7B6893F89E
S31500001A20B8301D46FB787A682C2103FB01F1582358
S31500001A3005FB03F30B44134420331B681A46014687
S31500001A40204601F0BDFCF860FB68002B04D0054879
S31500001A500BF04AFCFB6800E0002318461037BD4631
S31500001A60B0BD00BF7CE4000080B584B000AF7860F4
S31500001A7039607B68002283F8B8207B68002283F8EF
S31500001A80B82014E07B6893F8B8301A467B68134494
S31500001A9093F8B93083F00103DBB2002B0DD17B68DC
S31500001AA093F8B8300133DAB27B6883F8B8207B68E4
S31500001AB093F8B830012BE5D900E000BF7B6893F8B6
S31500001AC0B830012B27D80023FB607B6893F8B83029
S31500001AD018467A68FB682C2103FB01F1582300FBAA
S31500001AE003F30B44134420331B681846FFF75CFED0
S31500001AF003461A463B681A71F9687868FFF7D5FEFF
S31500001B0002463B689A60F9687868FFF79CFE0246D1
S31500001B103B681A6000E000BF1037BD4680BD80B547
S31500001B2084B000AF78607B68002283F8B82031E08B
S31500001B307B6893F8B8301A467B68134493F8B9303B
S31500001B40002B1ED10023FB6017E07B6893F8B830AA
S31500001B501846FB68C3F101037A682C2103FB01F1E7
S31500001B60582300FB03F30B44134420331B68184629
S31500001B70FEF71EFFFB680133FB60FB68012BE4D90F
S31500001B8000E000BF7B6893F8B8300133DAB27B68B7
S31500001B9083F8B8207B6893F8B830012BC8D900BF0A
S31500001BA000BF1037BD4680BD80B483B000AF7860FB
S31500001BB039607B681A783B681B789A4201D9012301
S31500001BC02FE07B681A783B681B789A4202D24FF066
S31500001BD0FF3326E07B685A783B685B789A4201D9E6
S31500001BE001231EE07B685A783B685B789A4202D2F2
S31500001BF04FF0FF3315E07B685B889AB23B685B88E1
S31500001C009BB29A4201D901230BE07B685B889AB2AA
S31500001C103B685B889BB29A4202D24FF0FF3300E0EA
S31500001C20002318460C37BD4680BC704780B586B089
S31500001C3000AF786039603B681B781A467B681344AE
S31500001C4093F8B030FB74FB7C022B05D0FB7C042B95
S31500001C5002D0FB7C032B01D1012300E00023FB60B3
S31500001C603B681B781946FB682C2203FB02F25823BB
S31500001C7001FB03F3134410337A6813440433BB6047
S31500001C803B6804331946B868FFF78EFF78617B69B5
S31500001C90002B22DA7B6893F8B8301A467B68134427
S31500001CA093F8B030012B0ED0002B19DD023B012B2F
S31500001CB016D87B6893F8B8301A467B68134401221D
S31500001CC083F8B0200DE07B6893F8B8301A467B683D
S31500001CD01344042283F8B02003E000237B6100E074
S31500001CE000BF7B6918461837BD4680BD80B586B0F3
S31500001CF000AF78604FF0FF337B617B68002283F88A
S31500001D00B82055E07B6893F8B8301A467B681344D0
S31500001D1093F8B930002B08D07B6893F8B8300133BC
S31500001D20DAB27B6883F8B82042E07B6893F8B83073
S31500001D301A467B68134493F8B030012B0CD07B68AD
S31500001D4093F8B8301A467B68134493F8B030052BE5
S31500001D5002D00123FB7401E00023FB74FB7C1946CF
S31500001D60786800F02FF878617B69002B08D17B68D2
S31500001D7093F8B8300133DAB27B6883F8B82017E0FD
S31500001D800023FB6010E0FB68DAB27B6883F8B820BA
S31500001D907B6893F8B8301A467B681344012283F8AF
S31500001DA0B020FB680133FB60FB68012BEBDD04E030
S31500001DB07B6893F8B830012BA4D97B69184618378D
S31500001DC0BD4680BD80B592B002AF786039607B6851
S31500001DD093F8B8301A463B6819461046FFF7A6FB3B
S31500001DE0B863BB6BDBB207F1340211461846FEF747
S31500001DF0ABFDF863FB6B002B02D00123FB634EE0C7
S31500001E0039687868FFF71FFD01467A6B07F11C00F9
S31500001E1001230093402301F0FFF8F863FB6B002BCE
S31500001E203AD107F10A0207F10C0107F11C00002361
S31500001E3001F072F9F863FB6B002B02DA4FF0FF3307
S31500001E4032E0FB6B002B02DD0023FB6327E07B897E
S31500001E500C2B02D00323FB6321E0786BF9687B89A6
S31500001E6007F11002FEF7AEFDF863FB6B002B02D004
S31500001E700123FB6313E03B7C012B02D90723FB63A1
S31500001E800DE007F1100319467868FFF7CFFEF863F7
S31500001E90FB6B002B02D1C4E700BF00E000BF7B6BE9
S31500001EA01846FEF785FDFB6B18464037BD4680BDDC
S31500001EB080B584B000AF78607B6893F8B830194677
S31500001EC07A68582301FB03F3134420331B68184632
S31500001ED0FFF71CF8F860FB6818461037BD4680BD52
S31500001EE080B586B000AF786039600823BB600823F0
S31500001EF0BB607B6893F8B830002B08D07B6893F8FA
S31500001F00B830012B01D1022302E0FF2300E00123B8
S31500001F103A68934217D17B6893F8B83019467A68C5
S31500001F20582301FB03F3134424331B687B617B684E
S31500001F3093F8B8301A46582302FB03F328337A681D
S31500001F4013443B612BE07B6893F8B830002B08D034
S31500001F507B6893F8B830012B01D1042302E0FF23FC
S31500001F6000E003233A68934217D17B6893F8B830B0
S31500001F7019467A68582301FB03F3134450331B6850
S31500001F807B617B6893F8B8301A46582302FB03F34B
S31500001F9054337A6813443B6101E0012310E007F1F2
S31500001FA008037A6919463868FFF712FBF860FB6880
S31500001FB0002B01D0FB6803E0BA683B691A60002376
S31500001FC018461837BD4680BD80B584B000AF78602E
S31500001FD07B6893F8B830FB73FB7B002B06D0FB7B4A
S31500001FE0012B01D1022302E0FF2300E00123194661
S31500001FF07868FFF775FFB860BB68002B01D0012336
S315000020001CE0FB7B002B06D0FB7B012B01D10423BC
S3150000201002E0FF2300E0032319467868FFF760FF1C
S31500002020B860BB68002B01D0092307E07868FFF78A
S315000020303FFF02467B68C3F8B420002318461037DA
S31500002040BD4680BD80B483B000AF78607B68002257
S315000020509A717B6800229A607B680022DA607B684E
S3150000206001225A717B6801221A607B6801221A716B
S315000020707B680122DA7100BF0C37BD4680BC704711
S3150000208080B483B000AF78607B685B79012B09D19F
S315000020907B681B68012B05D17B681B79012B01D15D
S315000020A0012300E0002303F00103DBB218460C37DE
S315000020B0BD4680BC7047000080B58CB006AFF860A6
S315000020C0B9607A603B60124B1B687B61FB6893F8D2
S315000020D0B830FB740E4B1B687B610123002B11D0BB
S315000020E0F97C0023049300230393002302934FF407
S315000020F080730193074B00937B68BA68002001F058
S3150000210027FE78617B6918461837BD4680BD00BF3B
S3150000211008040020FC25002080B584B000AF78605C
S3150000212039607B681B68134A934201D000231CE088
S315000021307B68D9687B681B899BB21A4607F10C033A
S315000021401846FFF768FB034683F00103DBB2002B5A
S3150000215001D0002309E03868FFF73CFB0246FB6824
S315000021609A4201D8002300E0012318461037BD46E5
S3150000217080BD00BF3DB8F39680B487B000AF03467C
S31500002180B9607A60FB73BB683B610023FB750BE0AB
S31500002190FB7D3A6913441B78FA7B9A4201D00023EF
S315000021A007E0FB7D0133FB75FB7D7A689A42EFD829
S315000021B0012318461C37BD4680BC704780B588B0E1
S315000021C000AF786039607B6893F8B8303968184694
S315000021D0FFF7ACF9F861FB69DBB207F10C021146B7
S315000021E01846FEF7B1FBB861BB69002B02D04FF071
S315000021F0FF331FE0FB681846FFF7CCF90346FB7573
S31500002200FB681846FEF7D4FB3B6819467868FFF76B
S315000022101AFB38613969FB7D04221846FFF7ACFFCB
S31500002220034683F00103DBB2002B02D04FF0FF33ED
S3150000223000E0002318462037BD4680BD90B58BB020
S3150000224000AFF860B9607A603D4B1B687B62FB6843
S3150000225093F8B830B9681846FFF768F938623B6AF0
S31500002260DBB207F1140211461846FEF76DFBF86162
S31500002270FB69002B01D07B6A5DE0BB681946F868F4
S31500002280FFF7E1FAB861B968F868FFF797FF034608
S31500002290002B05D0BB691B6903F01003002B03D08C
S315000022A0284B1B687B6241E0274B1B687B62264BF1
S315000022B01B687A6A9A420CD1214B1B687B62012308
S315000022C0002B06D07A697B68B969F868FFF7F4FED7
S315000022D078627B691946B869FFF71EFF034683F0EB
S315000022E00103DBB2002B04D1184B1B687A6A9A42B1
S315000022F01BD0BB68002B0AD07C697B691846FFF7A8
S3150000230069FA03461A4600212046FEF7BBFDBB6864
S31500002310002B01D10E4B00E00E4B19460E480AF079
S31500002320E3FF084B1B687B6200E000BF7B69184631
S31500002330FEF73EFB7B6A18462C37BD4690BD00BFB4
S31500002340080400200C040020100400203C25002076
S31500002350ACE40000B4E40000C0E4000080B588B03E
S3150000236000AF0346B9607A60FB730023BB61FB7B59
S31500002370B9681846FFF7DAF80346DBB207F1180228
S3150000238011461846FEF7E0FAF861FB69002B02D009
S315000023900123FB6115E0BB6907F114021946786851
S315000023A001F088FCF861FB69002B09D1FB7B7A6997
S315000023B011461846FEF726FEF861FB69002B00E081
S315000023C000BFBB691846FEF7F3FAFB6918462037CB
S315000023D0BD4680BD80B584B000AF78603960194BCA
S315000023E01B68BB607B6893F8B830184601F06CFA3E
S315000023F0F860FB68022B05D0FB68042B02D0FB6853
S31500002400032B1AD10F4B1B68BB600123002B05D091
S315000024103A6801217868FFF711FFB8600A4B1B681C
S31500002420BA689A4209D0094B1B68BA689A4202D127
S315000024300123FB6001E00523FB60FB6818461037AB
S31500002440BD4680BD080400203C2500200C04002069
S3150000245080B584B000AFF860B9607A607A68B96810
S31500002460F868FEF70FFD034618461037BD4680BDD7
S3150000247080B588B000AFF860B9607A603B60002331
S31500002480FB612DE0FA6AFB69D31AB3F5806F03D9B5
S315000024904FF48063BB6103E0FA6AFB69D31ABB6140
S315000024A03A68FB69D118BB69124AB868FEF78AFA1E
S315000024B078617B69002B01D0012316E0BA6AFB69BB
S315000024C0D118BB690B4A7868FEF76CFB78617B69AB
S315000024D0002B01D0012308E0BB69FA691344FB61B4
S315000024E0FA69FB6A9A42CDD3002318462037BD46C7
S315000024F080BD00BFFC260020B0B58EB002AF78606C
S3150000250039607B6893F8B83087F8273097F827301A
S31500002510194678480AF0E8FE77480AF0E5FE97F88B
S315000025202730002B07D097F82730012B01D1022343
S3150000253002E0FF2300E0012307F1100211461846CE
S31500002540FEF702FA38623B6A002B06D06B4B6C4AE8
S3150000255040F257516B480AF001F897F82730002BE4
S3150000256007D097F82730012B01D1042302E0FF237F
S3150000257000E0032307F10C0211461846FEF7E4F9C2
S3150000258038623B6A002B06D05C4B5D4A40F25B51D9
S315000025905C4809F0E3FF00217868FFF76CF9F86101
S315000025A00023FB620023BB621DE0FA6A0021786803
S315000025B0FFF798F978613B697A69B96A1846FFF7B7
S315000025C047FF38623B6A002B06D04C4B4C4A40F220
S315000025D061514C4809F0C2FFBA6A7B691344BB6279
S315000025E0FB6A0133FB62FA6AFB699A42DDD397F80C
S315000025F02730BA6A194644480AF076FEF9683A69FD
S31500002600BB6A01930023009300237868FFF730FF2D
S3150000261038623B6A002B01D03B6A66E000233B62CE
S315000026203B6A002B01D03B6A5FE07B6893F8B840B9
S3150000263001217868FFF707F903461A46002120466C
S31500002640FFF78CFE38623B6A002B04D02F480AF055
S315000026504BFE3B6A49E0FC68002201217868FFF7DF
S3150000266062F90546002201217868FFF73BF9034627
S315000026701A4629462046FFF7EBFE38623B6A002BD6
S3150000268006D01E4B1E4A40F2B7511E4809F066FF9F
S3150000269001217868FFF7EFF80346013BBB61FC6850
S315000026A0BA6901217868FFF73EF90546BA69012142
S315000026B07868FFF717F903461A4629462046FFF7BA
S315000026C0C7FE38623B6A002B06D00C4B0C4A40F220
S315000026D0C1510C4809F042FF3B691846FEF768F9FC
S315000026E0FB681846FEF764F9002318463037BD46E6
S315000026F0B0BD00BFECE4000024E5000048E50000A2
S3150000270070E7000050E50000C8E5000018E600008C
S3150000271080B584B000AF7860396039687868FFF7B3
S31500002720EBFEF860FB68002B06D0064B064A4FF41A
S31500002730CF61064809F012FFFB6818461037BD4600
S3150000274080BD00BF48E5000080E7000050E50000BE
S3150000275080B485B000AF78600B46FB707B6893F859
S31500002760B830002B33D0FB7883F00103DBB2002BAB
S3150000277013D07B6893F8B8301A467B68134493F8F5
S31500002780B030012B25D07B6893F8B8301A467B68A9
S31500002790134493F8B030042B1BD00023FB730FE0D7
S315000027A0FB7B7A68134493F8B030042B05D1FB7B8E
S315000027B07A681344012283F8B020FB7B0133FB7354
S315000027C07B6893F8B830FA7B9A42E9D302E000BFFF
S315000027D000E000BF1437BD4680BC704780B584B0AA
S315000027E000AF786039604E4B1B68FB607868FFF776
S315000027F0EBFBB860BB68002B0FD0082149480AF0F4
S3150000280073FD7B6893F8B8301A467B68134401223F
S3150000281083F8B020BB68012B7DD0002200217868A8
S31500002820FFF7B7F8B860BB68002B10D07B6893F849
S31500002830B83019463C480AF057FD7B6893F8B83023
S315000028401A467B681344012283F8B02064E0786856
S3150000285000F046FB0346002B53D03868FFF7F2FB27
S315000028603868FFF70DFC034683F00103DBB2002B4B
S315000028700AD001217868FFF76BFF2C4B2C4A40F2F7
S3150000288076712C4809F06AFE3B68DB79012B0ED184
S3150000289039687868FFF79EFD02467B6893F8B83082
S315000028A01946D2B27B680B4483F8B02024E01C4B57
S315000028B01B68FB600123002B05D03A68012178686C
S315000028C0FFF7BCFCF8601C4B1B68FA689A4209D0FB
S315000028D07B6893F8B8301A467B681344052283F860
S315000028E0B02009E07B6893F8B83019463B68DA797E
S315000028F07B680B4483F8B02000217868FFF728FF37
S315000029000AE07B6893F8B8301A467B6813440122C4
S3150000291083F8B02000E000BF1037BD4680BD00BF81
S315000029200804002054E600009CE60000CCE6000007
S3150000293094E7000050E500003C25002090B585B0E6
S3150000294000AF78607B6893F8B8301A467B6813440A
S3150000295093F8B030012B15D17B6893F8B84000216D
S315000029607868FEF770FF03461A4600212046FFF7F7
S31500002970F5FCF860FB68002B04D005480AF0B4FCAF
S31500002980FB6800E0002318461437BD4690BD00BF23
S31500002990D0E6000080B483B000AF7860002318460C
S315000029A00C37BD4680BC704780B590B002AF7860EA
S315000029B039604FF0FF333B63AD4B1B68FB6200236E
S315000029C087F82B307B68002283F8B8209AE07B6872
S315000029D093F8B8301A467B68134493F8B930002B45
S315000029E040F087807B6893F8B8307B627B6893F809
S315000029F0B83018467B6A9B019E4A1A447968582368
S31500002A0000FB03F30B4424331A607B6893F8B83059
S31500002A1018467B6A9B01984A1A447968582300FB3A
S31500002A2003F30B4450331A6000237B6336E07B6B61
S31500002A301946786AFEF77AFD38623B6AD8B27B6837
S31500002A4093F8B83019467B6B2C2203FB02F258230D
S31500002A5001FB03F3134420337A6813441946FDF748
S31500002A6073FF38633B6B002B06D0844B844A40F6D9
S31500002A705D01844809F072FD3B6B002B0BD07B6B2C
S31500002A805BB21A463B6B009313467A6A396A7E48F4
S31500002A900AF02AFCFEE77B6B01337B637B6B012B21
S31500002AA0C5D907F1100319467868FFF797FE7B68CA
S31500002AB093F8B8301A467B68134493F8B030022B6B
S31500002AC013D07B6893F8B8301A467B68134493F8A2
S31500002AD0B030042B09D07B6893F8B8301A467B686F
S31500002AE0134493F8B030032B04D1012387F82B301D
S31500002AF000E000BF7B6893F8B8300133DAB27B6838
S31500002B0083F8B8207B6893F8B830012B7FF65FAF67
S31500002B1097F82B30002B08D07868FFF7E7F8386372
S31500002B203B6B002B01D000233B637B68002283F8BC
S31500002B30B8207FE07B6893F8B8301A467B68134468
S31500002B4093F8B930002B6CD107F110031846FFF744
S31500002B5079FA7B6893F8B8301A467B68134493F881
S31500002B60B030FB757B6893F8B8301A467B6813441F
S31500002B7093F8B030013B042B32D801A252F823F06F
S31500002B80F52B0000952B0000952B0000B52B0000BF
S31500002B90F52B00007868FFF7FDFE0346002B09D0F1
S31500002BA07B6893F8B8301A467B681344012283F891
S31500002BB0B02022E001233B633B6B012B06D107F1DA
S31500002BC0100319467868FFF7A3FD38633B6B002BAB
S31500002BD012D02A4B2A4A40F6BB012A4809F0BEFC0D
S31500002BE07B6893F8B8301A467B681344FF2283F853
S31500002BF0B02002E000BF00E000BF7B6893F8B83069
S31500002C001A467B68134493F8B030FF2B0AD11F484D
S31500002C100AF06AFB1E4B1A4A40F6D201194809F01F
S31500002C209DFC00BF7B6893F8B8300133DAB27B684D
S31500002C3083F8B8207B6893F8B830012B7FF67AAF1B
S31500002C400023FB607B68002283F8B8207AE07B686B
S31500002C5093F8B8301A467B68134493F8B930FB7280
S31500002C60FB7ADBB2002B15D0FB680133FB6061E019
S31500002C7008040020FC2A00207C2B002048E50000E8
S31500002C80B4E7000050E5000010E7000060E7000030
S31500002C90CCE600007B6893F8B8301A467B6813448C
S31500002CA093F8B030012B0CD0002200217868FEF793
S31500002CB070FE38633B6B002B03D0324B1B68FB6204
S31500002CC051E0304B1B68FB620123002B05D000222C
S31500002CD000217868FFF7B2FAF8622B4B1B68FA6A94
S31500002CE09A4209D1274B1B68FA6A9A4204D0274BAD
S31500002CF01B68FA6A9A4203D1224B1B68FB6232E0D8
S31500002D007868FFF71BFE38633B6B002B03D01D4B27
S31500002D101B68FB6227E000217868FEF771FE3863C6
S31500002D203B6B002B03D0174B1B68FB621BE0FB6859
S31500002D300133FB607B6893F8B8300133DAB27B6805
S31500002D4083F8B8207B6893F8B830012B7FF67FAF05
S31500002D50FB68022B00D0FEE739687868FEF784FE30
S31500002D60094B1B68FB6207F110031022002118466D
S31500002D700AF01FFB7868FEF7D2FEFB6A1846383762
S31500002D80BD4680BD080400203C2500200C04002020
S31500002D9080B584B000AF78603960124B1B68FB6069
S31500002DA03B68012B02D90F4B1B6816E0022201215A
S31500002DB00D480AF0FEFA0D4A3B681344B933002267
S31500002DC01A70084B1B68FB600123002B04D079683E
S31500002DD00648FFF7E9FDF860FB6818461037BD4660
S31500002DE080BD00BF08040020F925002040250020F2
S31500002DF080B483B000AF78607B685B6818460C3798
S31500002E00BD4680BC704780B483B000AF786039603F
S31500002E107B6893F8B83018467A683B682C2103FB28
S31500002E2001F1582300FB03F30B44134428331B68BA
S31500002E3018460C37BD4680BC704780B584B000AFDD
S31500002E40F860B9607A60FB6893F8B8301846FA689B
S31500002E50BB682C2103FB01F1582300FB03F30B4451
S31500002E60134424331A687B68DB0013441846FFF7C3
S31500002E70BFFF034618461037BD4680BD80B588B0F3
S31500002E8000AFF860B9607A603B600023FB61FB68C5
S31500002E9093F8B830B9681846FEF748FBB861BB69C5
S31500002EA0DBB207F1140211461846FDF74DFDF86135
S31500002EB0FB69002B0AD1786920237A680021FDF787
S31500002EC081FDF8617B691846FDF772FDFB69002BF1
S31500002ED001D00123FB61FB6918462037BD4680BD42
S31500002EE080B58CB000AF786000217868FFF78BFF63
S31500002EF0B86101217868FFF786FF7861BB69082B06
S31500002F0002D87B69082B04D940480AF0EDF9002362
S31500002F1078E000233B613B69FB62FB6A7B6200232E
S31500002F20FB60FB68BB62BB6A3B620023FB774FE03A
S31500002F30FA6ABB6A9A4218D17A6A00217868FFF762
S31500002F407CFF0246FB6A1344FB623A6A01217868F9
S31500002F50FFF773FF0246BB6A1344BB627B6A013309
S31500002F607B623B6A01333B6232E0FA6ABB6A9A4291
S31500002F7017D27A6A00217868FFF75FFF0246FB6A7C
S31500002F801344FB6297F91F30022B04D120480AF044
S31500002F90ABF9002336E00123FB777B6A01337B62C2
S31500002FA016E03A6A01217868FFF747FF0246BB6AD6
S31500002FB01344BB6297F91F30012B04D114480AF061
S31500002FC093F900231EE00223FB773B6A01333B6241
S31500002FD07A6ABB699A42ABD33A6A7B699A42A7D3AB
S31500002FE07A6ABB699A4207D13A6A7B699A4203D1E7
S31500002FF03A69FB689A4204D006480AF075F900233C
S3150000300000E0012318463037BD4680BDECE70000DE
S3150000301020E800005CE8000080B586B000AFF860EC
S31500003020B9607A607B80FB68002B05D0BB68002BFB
S3150000303002D07B68002B02D14FF0FF3368E0BB68FB
S315000030401B899BB21A46BB68DB6813447B6107F198
S315000030501002042379697868FDF7B4FC0346002B57
S3150000306002D04FF0FF3353E03B8A46F608129342F4
S3150000307018D1BB685B899AB27B8A9A4202D04FF01C
S31500003080FF3345E07B8A1A467B69D11807F11002A7
S3150000309004237868FDF796FC0346002B0AD04FF010
S315000030A0FF3335E0BB685B899BB2002B02D04FF043
S315000030B0FF332DE03B8A46F60712934202D04FF0CB
S315000030C0FF3325E0FB68BA681A60FB687A685A60C5
S315000030D0FB687A881A81FB6897F820209A72FB6849
S315000030E01B685B899BB21A467B691A44FB68DA60E7
S315000030F0FB681B685B899BB21A467B6913447A8A14
S315000031001A44FB685A617B691A1DFB681A61002321
S3150000311018461837BD4680BD80B586B000AFF8604A
S31500003120B9607A603B60FB68002B07D0FB681B68C0
S31500003130002B03D0FB685B68002B58D14FF0FF33A0
S315000031405CE0FB681B685B899BB2002B0AD0FB68BE
S315000031501A69FB68DB689A4204D1FB681B691A1D71
S31500003160FB681A61FB685868FB68196907F1100269
S315000031700423FDF727FC78617B69002B02D04FF012
S31500003180FF333BE0FB689B7A002B07D0FB681A698C
S31500003190FB68DB689A4201D301232FE0FB681B8999
S315000031A04FF6FF72934204D03A8AFB681B899A4213
S315000031B016D13B68002B02D03A8A3B681A80FB681E
S315000031C01B691A1DBB681A607A8A7B681A80FB68BD
S315000031D01B697A8A13441A1DFB681A6100230DE0E5
S315000031E0FB681B697A8A13441A1DFB681A61FB681F
S315000031F01A69FB685B699A42A3D3012318461837FC
S31500003200BD4680BD80B483B000AF786039607B680E
S31500003210002B07D07B681B68002B03D07B685B689C
S31500003220002B02D14FF0FF3307E07B68DB683A687A
S315000032309A4234BF01230023DBB218460C37BD4641
S3150000324080BC704780B485B000AF78600B467B8049
S3150000325013463B807A883B881344FB60FB68B3F5D2
S31500003260803F01D3002304E0FB689AB27B681A8092
S31500003270012318461437BD4680BC704780B58AB016
S3150000328000AFBA607B600346FB730B46BB8100232D
S31500003290BB617B68002B01D1032388E04FF000530C
S315000032A03B62454B1B7883F00103DBB2002B10D049
S315000032B04FF4807200214FF000500AF07AF83B6A12
S315000032C042F216021A803B6A04225A803A4B0122C5
S315000032D01A703B6A5B8803F10053FB61374B7B62D4
S315000032E01BE0796A07F11803042218460AF0E7F88A
S315000032F03B8B1B0B9AB2FB7B9BB29A4207D13B8B53
S31500003300C3F30B02BB899A4201D102234FE07B8BA8
S315000033101A467B6A134404337B627A6AFB699A42D3
S31500003320DFD3FB7B1BB21B031AB2B7F90C30C3F316
S315000033300B031BB213431BB29BB23B83BB689BB20E
S315000033407B833B6A5988BB689BB204339AB207F108
S3150000335016031846FFF776FF034683F00103DBB238
S31500003360002B01D0032322E0FB8AB3F5807F01D92D
S3150000337001231CE0FB697B627B6A07F118010422CA
S3150000338018460AF09CF87B6A04337B627B6ABA684B
S31500003390796818460AF093F83B6A5A88BB689BB26C
S315000033A013449BB204339AB23B6A5A8000231846F0
S315000033B02837BD4680BD00BFFC2B0020040000203E
S315000033C080B5BCB002AF0346B9607A60FB730023D8
S315000033D0C7F8E430002387F8E330002387F8E230AB
S315000033E007F1C000002300934FF6FF737A68B968AF
S315000033F0FFF712FEC7F8DC00D7F8DC30002B02D04E
S315000034004FF0FF33A1E007F1B80307F1BA0207F165
S31500003410BC0107F1C000FFF77FFEC7F8DC00D7F854
S31500003420DC30002B02DA4FF0FF338EE0D7F8DC30C9
S31500003430002B45DCB7F8B830602B20D1B7F8BA308E
S31500003440842B02D94FF0FF337FE0D7F8BC10B7F8D2
S31500003450BA3007F114027868FDF7B4FAC7F8DC0051
S31500003460D7F8DC30002B02D04FF0FF336DE0B7F811
S31500003470BA30C7F8E430012387F8E330C3E7B7F87A
S31500003480B830102BBFD1B7F8BA30202B02D94FF085
S31500003490FF335AE0D7F8BC10B7F8BA3007F19802F4
S315000034A07868FDF78FFAC7F8DC00D7F8DC30002B18
S315000034B002D04FF0FF3348E0012387F8E23000E006
S315000034C000BF97F8E33083F00103DBB2002B06D18F
S315000034D097F8E23083F00103DBB2002B02D04FF005
S315000034E0FF3332E0D7F8E4301F2B02D84FF0FF331A
S315000034F02BE0D7F8E430203BC7F8BC30D7F8BC3017
S3150000350007F11402134407F198012022184609F026
S31500003510D6FFFB7B1BB29B011BB243F03F031BB2E2
S31500003520A7F8DA3007F11403B7F8DA10D7F8E42071
S315000035300120FFF7A3FEC7F8DC00D7F8DC30002B2C
S3150000354002D0D7F8DC3000E000231846E837BD4645
S3150000355080BD80B584B000AFF860B9607A607A68E3
S31500003560B968F86809F015FF034618461037BD46D6
S3150000357080BD80B582B000AF7860786800F05FF8F3
S31500003580034618460837BD4680BD80B483B000AFF9
S3150000359078607B68DB6818460C37BD4680BC704790
S315000035A080B582B000AF786010220749786809F0CC
S315000035B0F0FE0346002B01D1012300E0022318464A
S315000035C00837BD4680BD00BFE4E9000080B582B083
S315000035D000AF78607868FFF7D8FF0346103B1846BF
S315000035E00837BD4680BD80B582B000AF7860786888
S315000035F0FFF7ECFF0346103B23F00F03184608378E
S31500003600BD4680BD80B582B000AF78607868FFF7B0
S31500003610EAFF0346103B18460837BD4680BD80B416
S3150000362083B000AF0346FB71FB79012B01D0022367
S3150000363000E0012318460C37BD4680BC704780B5B4
S3150000364082B000AF78607868FFF7DCFF0346103B76
S3150000365018460837BD4680BD80B483B000AF034628
S315000036600A46FB711346BB71FB79042B02D0052B6E
S3150000367002D008E001230DE0BB79012B14BF012322
S315000036800023DBB206E0FA79BB799A420CBF01232C
S315000036900023DBB218460C37BD4680BC704780B5A8
S315000036A088B000AFF860B9607A60BB68002B02D0C2
S315000036B07B68002B01D100231AE0F868FDF76AFF4A
S315000036C00346FB760023FB61BB687B610BE07A69EE
S315000036D0FB6913441B78FA7E9A4201D0002307E067
S315000036E0FB690133FB61FA697B689A42EFD30123D8
S315000036F018462037BD4680BD80B586B000AFF8605D
S31500003700B9607A600123BA687968F868FDF75AF9F2
S3150000371078617B69002B01DA012315E00122B96883
S31500003720F868FFF7BCFF0346002B03D0BB680322F3
S315000037301A7008E0BB681B781846FFF770FF03464F
S31500003740DAB2BB681A70002318461837BD4680BD2A
S3150000375080B582B000AF786039607868FFF752FFB5
S3150000376003461A4639687868FFF7C6FF03461846C7
S315000037700837BD4680BD80B58AB000AF7860396035
S315000037807868FFF723FF786207F110021023796A41
S315000037907868FDF717F938623B6A002B01DA0123D6
S315000037A059E007F11003102219467868FFF777FFF2
S315000037B00346002B03D03B6803221A7008E007F18A
S315000037C010031846FFF7ECFE0346DAB23B681A70A0
S315000037D07868FFF734FF786207F10F020123796AF0
S315000037E07868FDF7EFF838623B6A002B01DA0123AF
S315000037F031E0FB7B03F00F03DAB23B685A70FB7BC8
S315000038001B09DAB23B681A7107F10F030122194648
S315000038107868FFF744FF0346002B03D13B685B78CB
S31500003820042B05D93B6801225A703B6800221A71A5
S315000038303B68023319467868FFF78AFF38623B6AAD
S31500003840002B01D0012306E03B6803331946786854
S3150000385000F027F8034618462837BD4680BD80B5D8
S3150000386084B000AF786039607B68DBB207F108028C
S3150000387011461846FDF768F8F860FB68002B01D082
S3150000388001230AE0BB6839681846FFF774FFF86041
S31500003890BB681846FDF78CF8FB6818461037BD461E
S315000038A080BD80B582B000AF786039607868FFF778
S315000038B09AFE03461A4639687868FFF71DFF0346E5
S315000038C018460837BD4680BD80B58AB000AF78601F
S315000038D001237B627B6A012B11D17B68002B06D00A
S315000038E07B68012B01D1022302E0FF2300E00123C4
S315000038F007F1140211461846FFF7B1FF78627B6A9A
S31500003900002B01D0FF2397E07B68002B06D07B6855
S31500003910012B01D1042302E0FF2300E0032307F17A
S315000039200C0211461846FFF79AFF78627B6A012B54
S315000039300ED17968424809F0D7FC03233B73012373
S315000039407B730323BB730323FB7300233B7404E0E5
S315000039507B6A002B01D0FF236EE000233B6263E00D
S315000039603A6A13465B0013445B001A46354B134410
S31500003970FB61FB691B783A7D11461846FFF76CFE22
S315000039800346002B4DD0FB695B783A7B11461846FF
S31500003990FFF762FE0346002B43D0FB699B78042B9E
S315000039A004D0FB699A78FB7D9A423AD1FB69DB78B1
S315000039B0042B04D0FB69DA78FB7B9A4231D1FB6990
S315000039C01B79042B04D0FB691A79BB7D9A4228D156
S315000039D0FB695B79022B0DD0FB695B79032B07D062
S315000039E0FB695B79042B01D1174B04E0174B02E00E
S315000039F0174B00E0174B1A467968174809F074FC14
S31500003A00FB695B79022B09D0FB695B79032B05D037
S31500003A10FB695B79042B01D0FF230DE0FB695B7921
S31500003A200AE03B6A01333B623B6A022B98D979680C
S31500003A300A4809F059FC012318462837BD4680BDBF
S31500003A40B0EA0000F4E9000000EB000008EB00001B
S31500003A501CEB000024EB00002CEB000054EB0000F4
S31500003A6080B582B000AF7860786801F001F8002177
S31500003A70786801F01BF8034618460837BD4680BD36
S31500003A8080B483B000AF7860002318460C37BD467B
S31500003A9080BC704780B584B000AFF860B9607A60CA
S31500003AA07A68B968F86803F01AF8034618461037BA
S31500003AB0BD4680BD80B582B000AF78603960396898
S31500003AC0786803F083F8034618460837BD4680BD7C
S31500003AD080B5A4B000AFF860B9607A603B6007F1CA
S31500003AE010031846FFF7BCFFD7F8A430002B0CD004
S31500003AF0D7F8A830002B08DDD7F8A82007F1100367
S31500003B00D7F8A4101846FFF7C5FF7B681A7A5B7AC8
S31500003B101B021343A7F88630B7F88630C7F8803003
S31500003B207B68DB68D7F880201344C7F88030D7F865
S31500003B308030FB677B685B899BB21A46D7F880307A
S31500003B401344C7F880300023C7F8883034E0D7F82C
S31500003B508020D7F88830D31AC7F88C30D7F88C2055
S31500003B60D7F89C309A4203D9D7F89C30C7F88C30E6
S31500003B70D7F88C30D7F89820D7F888103868FCF733
S31500003B8021FFB867BB6F002B06D007F1100318465C
S31500003B90FFF776FFBB6F22E007F11003D7F88C2002
S31500003BA0D7F898101846FFF775FFD7F88820D7F88A
S31500003BB08C301344C7F88830D7F88820D7F880307F
S31500003BC09A42C4D307F11003D7F8A0101846FFF79E
S31500003BD071FF07F110031846FFF752FF002318463E
S31500003BE09037BD4680BD000080B5B0B000AF03463B
S31500003BF03960FB711346BB802023FB60294B1B6891
S31500003C00C7F8BC3007F150031846FFF729FFBA88FA
S31500003C1007F1500339681846FFF73CFF07F13002F9
S31500003C2007F1500311461846FFF744FF07F150030A
S31500003C301846FFF725FF07F10C0207F11001FB7983
S31500003C401846FDF735FCC7F8B800D7F8B830002B92
S31500003C5002D04FF0FF3320E0124B1B68C7F8BC3090
S31500003C600123002B09D0FA6807F1100107F1300390
S31500003C701846FFF76EFCC7F8BC000B4B1B68D7F85D
S31500003C80BC209A4207D1094A3B681360BB88084AA0
S31500003C901360002301E04FF0FF331846C037BD46DE
S31500003CA080BD00BF080400203C2500200004002041
S31500003CB03825002080B590B002AFF860B9607A6010
S31500003CC0FB68002B05D0BB68002B02D07B68002B5D
S31500003CD001D1072337E0FB685B899BB2002B01D13A
S31500003CE0032330E007F11C00012300935023BA6838
S31500003CF0F968FFF791F978637B6B002B01D07B6B3A
S31500003D0021E007F1160207F1180107F11C00002354
S31500003D10FFF702FA78637B6B002B02D04FF0FF337C
S31500003D2011E0FB8A042B01D003230CE0B969FB8A5E
S31500003D307A68B868FCF746FE78637B6B002B01D087
S31500003D40012300E0002318463837BD4680BD000039
S31500003D5090B5ADF56F7D06AF07F56874A4F565748B
S31500003D60206007F56870A0F56670016007F5687158
S31500003D70A1F567710A6007F56872A2F568721360AB
S31500003D800023C7F89C33B54B1B68C7F898334FF030
S31500003D90FF33C7F894330023C7F89033AF4B1B6843
S31500003DA0C7F88C336FF00043C7F87C33D7F87C2311
S31500003DB007F56873A3F562731A6007F56873A3F5D0
S31500003DC0637300221A60A54B1B68C7F8883307F592
S31500003DD06873A3F5687307F56872A2F5677207F54D
S31500003DE06871A1F5667107F56870A0F56570D7F87A
S31500003DF0BC430494D7F8B843039407F11C04029417
S31500003E00D7F8B4430194D7F8B04300941B681268FE
S31500003E1009680068FFF75CFEC7F89003D7F890338F
S31500003E20002B40F0E681D7F8C033002B07D007F10E
S31500003E301C0320221946D7F8C00309F040FB07F5FA
S31500003E406873A3F5687207F56873A3F5677107F5DC
S31500003E50DE70002300934FF6FF7312680968FFF7C0
S31500003E60DBF8C7F89003D7F89033002B40F0C381F6
S31500003E7007F56873A3F5F2735C6907F56873A3F534
S31500003E8068731868FFF775FB03469C4204D94FF028
S31500003E90FF33C7F89033BDE107F55B7307F26E3267
S31500003EA007F55C7107F5DE70FFF736F9C7F8900382
S31500003EB0D7F89033002BC0F2A081D7F89033002BAF
S31500003EC000F37A81D7F8702307F5DE73114618469A
S31500003ED0FFF798F90346002B29D1002387F887338B
S31500003EE05F4BC7F880330FE0D7F880331A88B7F8EE
S31500003EF06C339A4203D1012387F887330BE0D7F856
S31500003F0080330233C7F88033D7F880331B884FF6E7
S31500003F10FF729342E8D197F8873383F00103DBB24F
S31500003F20002B04D04D4B1B68C7F88C3372E1B7F8F1
S31500003F306C33102B3BD1B7F86E33202B04D04FF0E7
S31500003F40FF33C7F8903365E1D7F8701307F13C02E9
S31500003F5007F56873A3F5687020230068FCF732FD47
S31500003F60C7F89003D7F89033002B40F048813B4BBD
S31500003F701B68C7F88C330123002B09D007F13C01DD
S31500003F8007F11C0320221846FFF7E3FAC7F88C0353
S31500003F90344B1B68D7F88C239A4204D02F4B1B68EE
S31500003FA0C7F88C3336E10123C7F89C3374E7B7F8BA
S31500003FB06C33022B2FD1B7F86E33B3F5CC7F04D90F
S31500003FC04FF0FF33C7F8903324E1D7F87013B7F8F2
S31500003FD06E331C4607F5EA7207F56873A3F5687039
S31500003FE023460068FCF7EEFCC7F89003D7F8903339
S31500003FF0002B40F0068107F56873A3F566731B680E
S31500004000DBB2B7F86E2307F5EA711846FFF7ECFD49
S31500004010C7F8940340E7B7F86C33232B59D1D7F888
S315000040209433002B05DB104B1B68D7F894239A4278
S3150000403004DB4FF0FF33C7F89433BCE0B7F86E33B8
S31500004040B3F5C07F04D1B7F86E33B3F5C07F0DD991
S315000040504FF0FF33C7F89033DCE000BF08040020C0
S31500004060E4EB00003C25002000E30000D7F87013C5
S31500004070B7F86E331C4607F13C0207F56873A3F5E3
S31500004080687023460068FCF79DFCC7F89003D7F8D4
S315000040909033002B40F0B780664B1B68C7F8983307
S315000040A00123002B10D0B7F86E331946D7F8943396
S315000040B0DBB207F13C0207F11C0000930B462021FE
S315000040C000F0F6FAC7F898034FF0FF33C7F89433B9
S315000040D0E2E6B7F86C33502B7FF4DEAEB7F86E33FA
S315000040E0042B04D04FF0FF33C7F8903392E0D7F893
S315000040F07013B7F86E331C4607F1140207F56873A0
S31500004100A3F5687023460068FCF75CFCC7F89003CB
S31500004110D7F89033002B78D1464B1B68C7F88C3301
S315000041200123002B0CD007F56873A3F566731B6893
S3150000413007F1180211461846FCF72CFFC7F88C0346
S315000041403D4B1B68D7F88C239A4204D0394B1B6829
S31500004150C7F88C335EE007F56873A3F562731B68D6
S31500004160C7F87433D7F874331A4607F56873A3F59E
S3150000417063731B689A428CBF01230023DBB2C7F826
S315000041807833D7F87833002B02D02A4B1B6801E02E
S31500004190294B1B68C7F88C33274B1B68D7F88C2331
S315000041A09A4204D0234B1B68C7F88C3332E0D7F809
S315000041B08C33C7F888336FE600BFD7F89C33002BE3
S315000041C00CBF01230023DBB2C7F89033D7F8903336
S315000041D0002B1CD1D7F89833C7F88C33164B1B68C5
S315000041E0D7F888239A4214D04FF0FF33C7F890339C
S315000041F010E000BF0EE000BF0CE000BF0AE000BF09
S3150000420008E000BF06E000BF04E000BF02E000BF18
S3150000421000E000BFD7F89033002B03D0054B1B6896
S31500004220C7F88C33D7F88C33184607F56977BD463F
S3150000423090BD00BF080400203C25002080B582B058
S3150000424000AF7860786802F0C3FE09220121786821
S3150000425002F0D2FE00BF0837BD4680BD80B582B0F1
S3150000426000AF7860786802F0ADFF00BF0837BD4642
S3150000427080BD80B588B002AFF860B9607A6007F19A
S31500004280100230237968B86805F067FE78617B69AB
S31500004290002B02D04FF0FF3359E0BB681A683B6928
S315000042A013447A689A4202D06FF001034FE0FB682C
S315000042B008331A467968B86805F078FE78617B6934
S315000042C0002B0AD1FB6810331A467968B86805F0E6
S315000042D06DFE78617B69002B02D06FF0020336E039
S315000042E0FB680833184603F0F0F90246FB685A608B
S315000042F0BB681B687A689A4202D06FF0030326E017
S31500004300FB6803F10801FB68103301930023009357
S3150000431000230022F86802F067FD78617B69002BB4
S3150000432002D06FF0040312E0F86802F09BFE786199
S315000043307B69002B02D06FF0050308E0FB680833A9
S31500004340184603F0C2F90246FB685A600023184675
S315000043501837BD4680BD80B582B000AF78607868FA
S3150000436002F074FE034618460837BD4680BD80B588
S3150000437084B000AFF860B9607A607A68B968F868A6
S3150000438002F0AEFE034618461037BD4680BD80B526
S3150000439082B000AF7860786800F06AFB0021786828
S315000043A000F084FB034618460837BD4680BD80B43E
S315000043B083B000AF7860002318460C37BD4680BC3A
S315000043C0704780B584B000AFF860B9607A607A68EB
S315000043D0B968F86802F083FB034618461037BD46F5
S315000043E080BD80B582B000AF786039603968786882
S315000043F002F0ECFB034618460837BD4680BD80B583
S31500004400A8B000AF786039600023FB6240F25F130A
S31500004410C7F89C3042E007F130031846FFF7B7FFB4
S3150000442007F13003202239681846FFF7CAFF07F163
S315000044302C0107F1300304221846FFF7C2FF07F1EB
S315000044400C0207F1300311461846FFF7CAFF97F82A
S315000044502F300133DBB287F82F302023C7F898308E
S31500004460D7F89820D7F89C309A4203DDD7F89C30CD
S31500004470C7F89830D7F8982007F10C0319467868E2
S3150000448009F01DF8D7F898307A6813447B60D7F89E
S315000044909C20D7F89830D31AC7F89C30D7F89C30B0
S315000044A0002BB8DC07F130031846FFF780FF00BF8A
S315000044B0A037BD4680BD000090B5ADF5617D00AF6B
S315000044C007F56074A4F55D74206007F56070A0F5CB
S315000044D05E70016007F56071A1F55F710A6007F50E
S315000044E06072A2F5607213606F4B1B68C7F8783371
S315000044F0D7F89033B3F5C07F40F0C48007F56073FA
S31500004500A3F55F731B68202B40F0BE8007F5C872C9
S3150000451007F56073A3F5607107F56073A3F55D7326
S3150000452009681868FFF723FF0346002B40F0AE80AA
S3150000453007F56073A3F5F87393F87F31BC2B40F051
S31500004540A78007F5C87303F25F1207F1300311461F
S315000045501846FFF754FF0023C7F87C331FE007F522
S315000045606073A3F55472D7F87C3313441A7807F5B1
S315000045706073A3F5F871D7F87C330B441B7853406E
S31500004580D9B207F56073A3F55472D7F87C33134498
S315000045900A461A70D7F87C330133C7F87C33D7F84C
S315000045A07C33B3F5AF7FDADD07F56073A3F554739B
S315000045B01B7803F07F03DAB207F56073A3F5547333
S315000045C01A700023C7F87C330EE007F56073A3F575
S315000045D05472D7F87C3313441B78002B5AD1D7F882
S315000045E07C330133C7F87C33D7F87C33B3F59F7F30
S315000045F0EBDB07F56073A3F5547393F83E31012B9B
S315000046004AD107F544731846FFF7C1FE07F5447310
S31500004610082226491846FFF7D4FE07F56073A3F56E
S315000046205E7307F5447020221968FFF7CAFE07F18A
S31500004630300303F23F1107F5447320221846FFF7B3
S31500004640C0FE07F1100207F5447311461846FFF73E
S31500004650C8FE07F544731846FFF7A9FE124B1B6800
S31500004660C7F878330123002B0BD007F5C87303F284
S315000046705F1107F1100320221846FEF76AFFC7F8FC
S3150000468078030AE000BF08E000BF06E000BF04E0D0
S3150000469000BF02E000BF00E000BFD7F8783318463D
S315000046A007F56177BD4690BD0804002000EC0000C8
S315000046B080B5A8B002AFF860B9607A603B60284B5D
S315000046C01B68C7F8943007F114031846FFF7B6FDC8
S315000046D097F8A030234A52F833303B613A6997F88D
S315000046E0A0302049DB000B445B681B681344C7F805
S315000046F0903007F1100107F11403D7F890201846FF
S31500004700FFF7B7FDC7F88C00D7F88C30002B1BD10C
S3150000471007F114031846FFF71EFE02463B68934254
S3150000472012D10F4B1B68C7F894300123002B0AD017
S3150000473007F114003B6800937B68BA68F968FFF7D5
S31500004740BBFEC7F8940000E000BF07F1140318464B
S31500004750FFF784FDD7F8943018469837BD4680BDDC
S31500004760080400200004002001680E4A0346914216
S3150000477015D1C169A2F11022A2F1EF1291420ED118
S315000047808268012A0BD8C26812B101698A4206D032
S31500004790586928B19B691B1A584258417047012035
S315000047A0704700BF55AA00FF0D4B70B59E68A6B1B5
S315000047B03046FFF7D9FF044678B9F3686BB9356917
S315000047C00DB9204670BD2846FFF7CEFF28B9EB6825
S315000047D0B34202D12E462D69F2E70124F1E700BF6C
S315000047E0002C00202DE9F843404E3468D4B1B4685B
S315000047F0C4B1002877D0002975D001FB00F5B5FBC0
S31500004800F0F088426FD1281D6DD8A9070DD025F08C
S3150000481003070437F46803E06368BB4207D2A46960
S31500004820002CF9D12046BDE8F8832F46F2E7A368AD
S315000048301BB12F4B01201B689847D4E905206168FE
S3150000484004F12008C91B23291CD80123A360BAB18F
S315000048509061A36903B15A610023C4E90533336942
S31500004860DA0706D5FFF7A0FF18B10120204B1B6819
S3150000487098472A4600214046444608F09AFDD1E76B
S31500004880F060E6E707F1200C04EB0C0320395960D1
S315000048900021DFF860E0C3E902142169196144F8D8
S315000048A00CE0DFF854C0C3F81CC001B1CB60C3E90B
S315000048B00520B2B193619A6902B153612361002365
S315000048C04FF00109C4E905333369C4E90179DB070F
S315000048D0CFD5FFF769FF0028CBD0054B48461B68AC
S315000048E0C6E7F360E7E700249CE700BF002C002042
S315000048F01404002055AA00FF669911EE2DE9F04137
S31500004900054600287CD03F4F3B68002B78D0BA681C
S31500004910002A75D0834203D87A681344984203D399
S31500004920394B01201B689847A5F120042046FFF764
S315000049301BFF18B1344B01201B68984755F8183CEB
S31500004940012B03D0304B01201B689847002355F8F4
S31500004950146C45F8183CAEB1B26892B955F81C3CD7
S3150000496003F1200273681344736055F8103C3361F9
S3150000497003B1DE6020462022002108F01AFD2346FE
S3150000498034461E462069002832D08368002B2FD17A
S31500004990636842682033134463600369D4E90521E0
S315000049A02361DAB901BB426981696261A161EAB139
S315000049B09461A26902B1546103B1DC602022002136
S315000049C008F0F7FC3B699B071AD5FFF7EDFEB8B177
S315000049D0BDE8F0410C4B01201B6818479161A169A5
S315000049E00029E0D04A61DEE7F960F8E7FC60E0E71D
S315000049F0002EE7D1FB68A36103B15C61FC60E1E7CF
S31500004A00BDE8F081002C00201404002038B50D46C6
S31500004A10142200210446124808F0CBFC1149124822
S31500004A2005F00CFB232D1AD914F003031FBF043D18
S31500004A30ED18C3F10403E4182A460021204608F0C5
S31500004A40B8FC074B094AC3E900459C602260A2F105
S31500004A501022203DA2F1EF126560E261DC6038BDF4
S31500004A60002C0020FD480000E547000055AA00FF85
S31500004A7080B582B000AF786068220021786808F0BF
S31500004A8098FC00BF0837BD4680BD80B582B000AF38
S31500004A9078607B68002B04D06821786805F0D8FA26
S31500004AA000E000BF0837BD4680BD000080B483B07B
S31500004AB000AF786039603B68002B02D06FF073035B
S31500004AC021E07B6800221A647B6800225A643B68F6
S31500004AD0002B17D17B680E4A9A647B680D4ADA640C
S31500004AE07B680D4A1A657B680C4A5A657B680C4AD6
S31500004AF09A657B680B4ADA657B680B4A1A667B689F
S31500004B000A4A5A66002318460C37BD4680BC7047D1
S31500004B1067E6096A85AE67BB72F36E3C3AF54FA548
S31500004B207F520E518C68059BABD9831F19CDE05B74
S31500004B3090B5D1B000AF07F5A073A3F59E731860CA
S31500004B4007F5A073A3F5A07319600023C7F83C31DD
S31500004B5017E007F5A073A3F59E731B68D7F83C21F1
S31500004B60123253F8221007F5A073A3F59873D7F8FD
S31500004B703C21423243F82210D7F83C310133C7F8C2
S31500004B803C31D7F83C31072BE3D90023C7F83C3139
S31500004B9026E0D7F83C319B0007F5A072A2F5A0727B
S31500004BA012681344C7F8383107F10C030422D7F80A
S31500004BB03811184608F083FC07F5A073A3F59A731D
S31500004BC01B6819BA07F5A073A3F59873D7F83C21AB
S31500004BD0023243F82210D7F83C310133C7F83C3192
S31500004BE0D7F83C310F2BD4D90023C7F83C3100F05D
S31500004BF0D2BD07F5A073A3F59873D3F8242107F562
S31500004C00A073A3F59873D3F818314FEAB31107F5DB
S31500004C10A073A3F59873D3F818314FEAF3235940DC
S31500004C2007F5A073A3F59873D3F818314FEA7363A9
S31500004C304B401A4407F5A073A3F59873D3F82011D7
S31500004C4007F5A073A3F59873D3F8180107F5A073B9
S31500004C50A3F59873D3F81C4107F5A073A3F59873D1
S31500004C60D3F82031634003404B401A44F549D7F846
S31500004C703C3151F823301A4407F5A073A3F5987315
S31500004C80D7F83C11023153F821301A4407F5A073C6
S31500004C90A3F598731A6007F5A073A3F59873D3F874
S31500004CA008314FEAB30207F5A073A3F59873D3F85A
S31500004CB008314FEA73335A4007F5A073A3F598738A
S31500004CC0D3F808314FEAB3535A4007F5A073A3F55A
S31500004CD09873D3F8081107F5A073A3F59873D3F862
S31500004CE00C31194007F5A073A3F59873D3F810019A
S31500004CF007F5A073A3F59873D3F8084107F5A073D9
S31500004D00A3F59873D3F80C31234303400B431A449D
S31500004D1007F5A073A3F598735A6007F5A073A3F57A
S31500004D209873D3F8142107F5A073A3F598731B683D
S31500004D301A4407F5A073A3F59873C3F8142107F571
S31500004D40A073A3F598731A6807F5A073A3F5987373
S31500004D505B681A4407F5A073A3F59873C3F824217A
S31500004D6007F5A073A3F59873D3F8202107F5A07370
S31500004D70A3F59873D3F814314FEAB31107F5A0736E
S31500004D80A3F59873D3F814314FEAF323594007F586
S31500004D90A073A3F59873D3F814314FEA73634B40AD
S31500004DA01A4407F5A073A3F59873D3F81C1107F5F9
S31500004DB0A073A3F59873D3F8140107F5A073A3F5B0
S31500004DC09873D3F8184107F5A073A3F59873D3F831
S31500004DD01C31634003404B401A44D7F83C31013341
S31500004DE0984951F823301A44D7F83C31591C07F535
S31500004DF0A073A3F59873023153F821301A4407F5CE
S31500004E00A073A3F598731A6007F5A073A3F59873BA
S31500004E10D3F824314FEAB30207F5A073A3F59873CC
S31500004E20D3F824314FEA73335A4007F5A073A3F53C
S31500004E309873D3F824314FEAB3535A4007F5A07359
S31500004E40A3F59873D3F8241107F5A073A3F5987307
S31500004E50D3F80831194007F5A073A3F59873D3F872
S31500004E600C0107F5A073A3F59873D3F8244107F551
S31500004E70A073A3F59873D3F80831234303400B437B
S31500004E801A4407F5A073A3F598735A6007F5A07343
S31500004E90A3F59873D3F8102107F5A073A3F59873BB
S31500004EA01B681A4407F5A073A3F59873C3F810217D
S31500004EB007F5A073A3F598731A6807F5A073A3F511
S31500004EC098735B681A4407F5A073A3F59873C3F843
S31500004ED0202107F5A073A3F59873D3F81C2107F5D5
S31500004EE0A073A3F59873D3F810314FEAB31107F501
S31500004EF0A073A3F59873D3F810314FEAF323594002
S31500004F0007F5A073A3F59873D3F810314FEA7363CE
S31500004F104B401A4407F5A073A3F59873D3F81811FC
S31500004F2007F5A073A3F59873D3F8100107F5A073DE
S31500004F30A3F59873D3F8144107F5A073A3F59873F6
S31500004F40D3F81831634003404B401A44D7F83C313C
S31500004F5002333C4951F823301A44D7F83C31991CA6
S31500004F6007F5A073A3F59873023153F821301A445C
S31500004F7007F5A073A3F598731A6007F5A073A3F558
S31500004F809873D3F820314FEAB30207F5A073A3F55F
S31500004F909873D3F820314FEA73335A4007F5A0735C
S31500004FA0A3F59873D3F820314FEAB3535A4007F567
S31500004FB0A073A3F59873D3F8201107F5A073A3F592
S31500004FC09873D3F82431194007F5A073A3F59873A5
S31500004FD0D3F8080107F5A073A3F59873D3F8204119
S31500004FE007F5A073A3F59873D3F824312343034040
S31500004FF00B431A4407F5A073A3F598735A6007F597
S31500005000A073A3F59873D3F80C2107F5A073A3F545
S3150000501098731B681A4407F5A073A3F59873C3F831
S315000050200C2107F5A073A3F598731A6807F5A0730A
S31500005030A3F598735B681A4407F5A073A3F59873F4
S3150000504002E000BF08EC0000C3F81C2107F5A073BE
S31500005050A3F59873D3F8182107F5A073A3F59873F1
S31500005060D3F80C314FEAB31107F5A073A3F5987383
S31500005070D3F80C314FEAF323594007F5A073A3F593
S315000050809873D3F80C314FEA73634B401A4407F513
S31500005090A073A3F59873D3F8141107F5A073A3F5BD
S315000050A09873D3F80C0107F5A073A3F59873D3F89A
S315000050B0104107F5A073A3F59873D3F81431634034
S315000050C003404B401A44D7F83C310333F44951F8B6
S315000050D023301A44D7F83C31D91C07F5A073A3F541
S315000050E09873023153F821301A4407F5A073A3F5DB
S315000050F098731A6007F5A073A3F59873D3F81C315B
S315000051004FEAB30207F5A073A3F59873D3F81C31E1
S315000051104FEA73335A4007F5A073A3F59873D3F893
S315000051201C314FEAB3535A4007F5A073A3F59873A1
S31500005130D3F81C1107F5A073A3F59873D3F82031A3
S31500005140194007F5A073A3F59873D3F8240107F562
S31500005150A073A3F59873D3F81C4107F5A073A3F5C4
S315000051609873D3F82031234303400B431A4407F5C1
S31500005170A073A3F598735A6007F5A073A3F5987307
S31500005180D3F8082107F5A073A3F598731B681A4492
S3150000519007F5A073A3F59873C3F8082107F5A07364
S315000051A0A3F598731A6807F5A073A3F598735B685F
S315000051B01A4407F5A073A3F59873C3F8182107F5E9
S315000051C0A073A3F59873D3F8142107F5A073A3F57C
S315000051D09873D3F808314FEAB31107F5A073A3F516
S315000051E09873D3F808314FEAF323594007F5A073B3
S315000051F0A3F59873D3F808314FEA73634B401A440A
S3150000520007F5A073A3F59873D3F8101107F5A073EB
S31500005210A3F59873D3F8080107F5A073A3F598735F
S31500005220D3F80C4107F5A073A3F59873D3F81031A2
S31500005230634003404B401A44D7F83C310433984945
S3150000524051F823301A44D7F83C31191D07F5A073DD
S31500005250A3F59873023153F821301A4407F5A07369
S31500005260A3F598731A6007F5A073A3F59873D3F89E
S3150000527018314FEAB30207F5A073A3F59873D3F874
S3150000528018314FEA73335A4007F5A073A3F59873A4
S31500005290D3F818314FEAB3535A4007F5A073A3F574
S315000052A09873D3F8181107F5A073A3F59873D3F87C
S315000052B01C31194007F5A073A3F59873D3F82001A4
S315000052C007F5A073A3F59873D3F8184107F5A073F3
S315000052D0A3F59873D3F81C31234303400B431A44B8
S315000052E007F5A073A3F598735A6007F5A073A3F5A5
S315000052F09873D3F8242107F5A073A3F598731B6858
S315000053001A4407F5A073A3F59873C3F8242107F58B
S31500005310A073A3F598731A6807F5A073A3F598739D
S315000053205B681A4407F5A073A3F59873C3F81421B4
S3150000533007F5A073A3F59873D3F8102107F5A073AA
S31500005340A3F59873D3F824314FEAB31107F5A07388
S31500005350A3F59873D3F824314FEAF323594007F5A0
S31500005360A073A3F59873D3F824314FEA73634B40C7
S315000053701A4407F5A073A3F59873D3F80C1107F533
S31500005380A073A3F59873D3F8240107F5A073A3F5CA
S315000053909873D3F8084107F5A073A3F59873D3F86B
S315000053A00C31634003404B401A44D7F83C31053377
S315000053B03B4951F823301A44D7F83C31591D07F5BB
S315000053C0A073A3F59873023153F821301A4407F5F8
S315000053D0A073A3F598731A6007F5A073A3F59873E5
S315000053E0D3F814314FEAB30207F5A073A3F5987307
S315000053F0D3F814314FEA73335A4007F5A073A3F577
S315000054009873D3F814314FEAB3535A4007F5A07393
S31500005410A3F59873D3F8141107F5A073A3F5987341
S31500005420D3F81831194007F5A073A3F59873D3F88C
S315000054301C0107F5A073A3F59873D3F8144107F57B
S31500005440A073A3F59873D3F81831234303400B4395
S315000054501A4407F5A073A3F598735A6007F5A0736D
S31500005460A3F59873D3F8202107F5A073A3F59873D5
S315000054701B681A4407F5A073A3F59873C3F8202197
S3150000548007F5A073A3F598731A6807F5A073A3F53B
S3150000549098735B681A4407F5A073A3F5987301E047
S315000054A008EC0000C3F8102107F5A073A3F5987364
S315000054B0D3F80C2107F5A073A3F59873D3F8203120
S315000054C04FEAB31107F5A073A3F59873D3F820310B
S315000054D04FEAF323594007F5A073A3F59873D3F861
S315000054E020314FEA73634B401A4407F5A073A3F5C6
S315000054F09873D3F8081107F5A073A3F59873D3F83A
S31500005500200107F5A073A3F59873D3F8244107F596
S31500005510A073A3F59873D3F80831634003404B405A
S315000055201A44D7F83C310633A04951F823301A44BF
S31500005530D7F83C31991D07F5A073A3F5987302318E
S3150000554053F821301A4407F5A073A3F598731A602F
S3150000555007F5A073A3F59873D3F810314FEAB30299
S3150000556007F5A073A3F59873D3F810314FEA733398
S315000055705A4007F5A073A3F59873D3F810314FEA94
S31500005580B3535A4007F5A073A3F59873D3F81011D7
S3150000559007F5A073A3F59873D3F81431194007F5EE
S315000055A0A073A3F59873D3F8180107F5A073A3F5B4
S315000055B09873D3F8104107F5A073A3F59873D3F841
S315000055C01431234303400B431A4407F5A073A3F594
S315000055D098735A6007F5A073A3F59873D3F81C2146
S315000055E007F5A073A3F598731B681A4407F5A07313
S315000055F0A3F59873C3F81C2107F5A073A3F5987358
S315000056001A6807F5A073A3F598735B681A4407F543
S31500005610A073A3F59873C3F80C2107F5A073A3F53F
S315000056209873D3F8082107F5A073A3F59873D3F8F8
S315000056301C314FEAB31107F5A073A3F59873D3F89D
S315000056401C314FEAF323594007F5A073A3F598736D
S31500005650D3F81C314FEA73634B401A4407F5A07325
S31500005660A3F59873D3F8241107F5A073A3F59873DF
S31500005670D3F81C0107F5A073A3F59873D3F820415E
S3150000568007F5A073A3F59873D3F82431634003405C
S315000056904B401A44D7F83C310733444951F823307C
S315000056A01A44D7F83C31D91D07F5A073A3F59873B2
S315000056B0023153F821301A4407F5A073A3F5987305
S315000056C01A6007F5A073A3F59873D3F80C314FEA67
S315000056D0B30207F5A073A3F59873D3F80C314FEA1C
S315000056E073335A4007F5A073A3F59873D3F80C31BA
S315000056F04FEAB3535A4007F5A073A3F59873D3F84E
S315000057000C1107F5A073A3F59873D3F8103119405F
S3150000571007F5A073A3F59873D3F8140107F5A073E2
S31500005720A3F59873D3F80C4107F5A073A3F5987306
S31500005730D3F81031234303400B431A4407F5A073F3
S31500005740A3F598735A6007F5A073A3F59873D3F879
S31500005750182107F5A073A3F598731B681A4407F57B
S31500005760A073A3F59873C3F8182107F5A073A3F5E2
S3150000577098731A6807F5A073A3F598735B681A44C3
S3150000578007F5A073A3F59873C3F80821D7F83C3141
S315000057900833C7F83C31D7F83C310F2B7FF629AADE
S315000057A01023C7F83C3101F039B900BF08EC0000FE
S315000057B007F5A073A3F59873D3F8242107F5A07312
S315000057C0A3F59873D3F818314FEAB31107F5A07310
S315000057D0A3F59873D3F818314FEAF323594007F528
S315000057E0A073A3F59873D3F818314FEA73634B404F
S315000057F01A4407F5A073A3F59873D3F8201107F59B
S31500005800A073A3F59873D3F8180107F5A073A3F551
S315000058109873D3F81C4107F5A073A3F59873D3F8D2
S315000058202031634003404B401A44F949D7F83C31D4
S3150000583051F823301A44D7F83C31991E07F5A07366
S31500005840A3F59873023153F821304FEA7341D7F824
S315000058503C31981E07F5A073A3F59873023053F8F0
S3150000586020304FEAF3435940D7F83C31981E07F5EC
S31500005870A073A3F59873023053F820309B0A594061
S31500005880D7F83C31D81F07F5A073A3F598730230FB
S3150000589053F820301944D7F83C31A3F10F0007F52F
S315000058A0A073A3F59873023053F820304FEAF31033
S315000058B0D7F83C31A3F10F0407F5A073A3F598734D
S315000058C0023453F824304FEAB3435840D7F83C31FA
S315000058D0A3F10F0407F5A073A3F59873023453F8E8
S315000058E02430DB0843401944D7F83C31A3F11000BB
S315000058F007F5A073A3F59873023053F82030C81843
S3150000590007F5A073A3F59873D7F83C11023143F855
S31500005910210007F5A073A3F59873D7F83C1102315F
S3150000592053F821301A4407F5A073A3F598731A604B
S3150000593007F5A073A3F59873D3F808314FEAB302BD
S3150000594007F5A073A3F59873D3F808314FEA7333BC
S315000059505A4007F5A073A3F59873D3F808314FEAB8
S31500005960B3535A4007F5A073A3F59873D3F80811FB
S3150000597007F5A073A3F59873D3F80C31194007F512
S31500005980A073A3F59873D3F8100107F5A073A3F5D8
S315000059909873D3F8084107F5A073A3F59873D3F865
S315000059A00C31234303400B431A4407F5A073A3F5B8
S315000059B098735A6007F5A073A3F59873D3F814216A
S315000059C007F5A073A3F598731B681A4407F5A0732F
S315000059D0A3F59873C3F8142107F5A073A3F598737C
S315000059E01A6807F5A073A3F598735B681A4407F560
S315000059F0A073A3F59873C3F8242107F5A073A3F544
S31500005A009873D3F8202107F5A073A3F59873D3F8FC
S31500005A1014314FEAB31107F5A073A3F59873D3F8C1
S31500005A2014314FEAF323594007F5A073A3F5987391
S31500005A30D3F814314FEA73634B401A4407F5A07349
S31500005A40A3F59873D3F81C1107F5A073A3F5987303
S31500005A50D3F8140107F5A073A3F59873D3F818418A
S31500005A6007F5A073A3F59873D3F81C316340034080
S31500005A704B401A44D7F83C310133654951F823307D
S31500005A801A44D7F83C31591E07F5A073A3F598734D
S31500005A90023153F821304FEA7341D7F83C31581E92
S31500005AA007F5A073A3F59873023053F820304FEA38
S31500005AB0F3435940D7F83C31581E07F5A073A3F5B8
S31500005AC09873023053F820309B0A5940D7F83C317E
S31500005AD0981F07F5A073A3F59873023053F820308A
S31500005AE01944D7F83C31A3F10E0007F5A073A3F5CE
S31500005AF09873023053F820304FEAF310D7F83C3150
S31500005B00A3F10E0407F5A073A3F59873023453F8B6
S31500005B1024304FEAB3435840D7F83C31A3F10E0482
S31500005B2007F5A073A3F59873023453F82430DB0805
S31500005B304340C818D7F83C31A3F10F0107F5A0730D
S31500005B40A3F59873023153F82110D7F83C3101338D
S31500005B50441807F5A071A1F59871981C41F82040EA
S31500005B6007F5A071A1F59871023351F823301A4454
S31500005B7007F5A073A3F598731A6007F5A073A3F54C
S31500005B809873D3F824314FEAB30207F5A073A3F54F
S31500005B909873D3F824314FEA73335A4007F5A0734C
S31500005BA0A3F59873D3F824314FEAB3535A4007F557
S31500005BB0A073A3F59873D3F8241107F5A073A3F582
S31500005BC09873D3F80831194007F5A073A3F59873B5
S31500005BD0D3F80C0107F5A073A3F59873D3F8244105
S31500005BE007F5A073A3F59873D3F808312343034050
S31500005BF00B431A4407F5A073A3F598735A6007F58B
S31500005C00A073A3F59873D3F8102107F5A07301E0EC
S31500005C1008EC0000A3F598731B681A4407F5A073F7
S31500005C20A3F59873C3F8102107F5A073A3F598732D
S31500005C301A6807F5A073A3F598735B681A4407F50D
S31500005C40A073A3F59873C3F8202107F5A073A3F5F5
S31500005C509873D3F81C2107F5A073A3F59873D3F8AE
S31500005C6010314FEAB31107F5A073A3F59873D3F873
S31500005C7010314FEAF323594007F5A073A3F5987343
S31500005C80D3F810314FEA73634B401A4407F5A073FB
S31500005C90A3F59873D3F8181107F5A073A3F59873B5
S31500005CA0D3F8100107F5A073A3F59873D3F8144140
S31500005CB007F5A073A3F59873D3F818316340034032
S31500005CC04B401A44D7F83C310233F94951F8233096
S31500005CD01A4407F5A073A3F59873D7F83C1102315F
S31500005CE053F821304FEA734107F5A073A3F5987373
S31500005CF0D7F83C01023053F820304FEAF3435940BD
S31500005D0007F5A073A3F59873D7F83C01023053F852
S31500005D1020309B0A5940D7F83C31581F07F5A0732D
S31500005D20A3F59873023053F820301944D7F83C3164
S31500005D30A3F10D0007F5A073A3F59873023053F88D
S31500005D4020304FEAF310D7F83C31A3F10D0407F5E4
S31500005D50A073A3F59873023453F824304FEAB34383
S31500005D605840D7F83C31A3F10D0407F5A073A3F50D
S31500005D709873023453F82430DB084340C818D7F828
S31500005D803C31A3F10E0107F5A073A3F59873023118
S31500005D9053F82110D7F83C310233441807F5A071A7
S31500005DA0A1F59871981C41F8204007F5A071A1F55E
S31500005DB09871023351F823301A4407F5A073A3F5FE
S31500005DC098731A6007F5A073A3F59873D3F820317A
S31500005DD04FEAB30207F5A073A3F59873D3F8203101
S31500005DE04FEA73335A4007F5A073A3F59873D3F8B7
S31500005DF020314FEAB3535A4007F5A073A3F59873C1
S31500005E00D3F8201107F5A073A3F59873D3F82431BE
S31500005E10194007F5A073A3F59873D3F8080107F5A1
S31500005E20A073A3F59873D3F8204107F5A073A3F5E3
S31500005E309873D3F82431234303400B431A4407F5E0
S31500005E40A073A3F598735A6007F5A073A3F598732A
S31500005E50D3F80C2107F5A073A3F598731B681A44B1
S31500005E6007F5A073A3F59873C3F80C2107F5A07383
S31500005E70A3F598731A6807F5A073A3F598735B6882
S31500005E801A4407F5A073A3F59873C3F81C2107F508
S31500005E90A073A3F59873D3F8182107F5A073A3F59B
S31500005EA09873D3F80C314FEAB31107F5A073A3F535
S31500005EB09873D3F80C314FEAF323594007F5A073D2
S31500005EC0A3F59873D3F80C314FEA73634B401A4429
S31500005ED007F5A073A3F59873D3F8141107F5A0730B
S31500005EE0A3F59873D3F80C0107F5A073A3F598737F
S31500005EF0D3F8104107F5A073A3F59873D3F81431BE
S31500005F00634003404B401A44D7F83C310333684999
S31500005F1051F823301A44D7F83C31591C07F5A073C1
S31500005F20A3F59873023153F821304FEA7341D7F83D
S31500005F303C31581C07F5A073A3F59873023053F84B
S31500005F4020304FEAF3435940D7F83C31581C07F547
S31500005F50A073A3F59873023053F820309B0A59407A
S31500005F60D7F83C31181F07F5A073A3F598730230D4
S31500005F7053F820301944D7F83C31A3F10C0007F54B
S31500005F80A073A3F59873023053F820304FEAF3104C
S31500005F90D7F83C31A3F10C0407F5A073A3F5987369
S31500005FA0023453F824304FEAB3435840D7F83C3113
S31500005FB0A3F10C0407F5A073A3F59873023453F804
S31500005FC02430DB084340C818D7F83C31A3F10D0153
S31500005FD007F5A073A3F59873023153F82110D7F88B
S31500005FE03C310333441807F5A071A1F59871981C4C
S31500005FF041F8204007F5A071A1F59871023351F8D8
S3150000600023301A4407F5A073A3F598731A6007F5B1
S31500006010A073A3F59873D3F81C314FEAB30207F5C2
S31500006020A073A3F59873D3F81C314FEA73335A4023
S3150000603007F5A073A3F59873D3F81C314FEAB35351
S315000060405A4007F5A073A3F59873D3F81C1107F50A
S31500006050A073A3F59873D3F82031194007F5A07300
S31500006060A3F59873D3F8240107F5A073A3F59873E5
S31500006070D3F81C4107F5A073A3F59873D3F8203124
S31500006080234303400B431A4407F5A073A3F5987303
S315000060905A6007F5A073A3F59873D3F8082107F59E
S315000060A0A073A3F598731B681A4407F5A07301E063
S315000060B008EC0000A3F59873C3F8082107F5A07350
S315000060C0A3F598731A6807F5A073A3F598735B6830
S315000060D01A4407F5A073A3F59873C3F8182107F5BA
S315000060E0A073A3F59873D3F8142107F5A073A3F54D
S315000060F09873D3F808314FEAB31107F5A073A3F5E7
S315000061009873D3F808314FEAF323594007F5A07383
S31500006110A3F59873D3F808314FEA73634B401A44DA
S3150000612007F5A073A3F59873D3F8101107F5A073BC
S31500006130A3F59873D3F8080107F5A073A3F5987330
S31500006140D3F80C4107F5A073A3F59873D3F8103173
S31500006150634003404B401A44D7F83C310433F949B5
S3150000616051F823301A44D7F83C31991C07F5A0732F
S31500006170A3F59873023153F821304FEA7341D7F8EB
S315000061803C31981C07F5A073A3F59873023053F8B9
S3150000619020304FEAF3435940D7F83C31981C07F5B5
S315000061A0A073A3F59873023053F820309B0A594028
S315000061B0D7F83C31D81E07F5A073A3F598730230C3
S315000061C053F820301944D7F83C31A3F10B0007F5FA
S315000061D0A073A3F59873023053F820304FEAF310FA
S315000061E0D7F83C31A3F10B0407F5A073A3F5987318
S315000061F0023453F824304FEAB3435840D7F83C31C1
S31500006200A3F10B0407F5A073A3F59873023453F8B2
S315000062102430DB084340C818D7F83C31A3F10C0101
S3150000622007F5A073A3F59873023153F82110D7F838
S315000062303C310433441807F5A071A1F59871981CF8
S3150000624041F8204007F5A071A1F59871023351F885
S3150000625023301A4407F5A073A3F598731A6007F55F
S31500006260A073A3F59873D3F818314FEAB30207F574
S31500006270A073A3F59873D3F818314FEA73335A40D5
S3150000628007F5A073A3F59873D3F818314FEAB35303
S315000062905A4007F5A073A3F59873D3F8181107F5BC
S315000062A0A073A3F59873D3F81C31194007F5A073B2
S315000062B0A3F59873D3F8200107F5A073A3F5987397
S315000062C0D3F8184107F5A073A3F59873D3F81C31DA
S315000062D0234303400B431A4407F5A073A3F59873B1
S315000062E05A6007F5A073A3F59873D3F8242107F530
S315000062F0A073A3F598731B681A4407F5A073A3F55A
S315000063009873C3F8242107F5A073A3F598731A6848
S3150000631007F5A073A3F598735B681A4407F5A07395
S31500006320A3F59873C3F8142107F5A073A3F5987322
S31500006330D3F8102107F5A073A3F59873D3F8243189
S315000063404FEAB31107F5A073A3F59873D3F8243178
S315000063504FEAF323594007F5A073A3F59873D3F8D2
S3150000636024314FEA73634B401A4407F5A073A3F533
S315000063709873D3F80C1107F5A073A3F59873D3F8A7
S31500006380240107F5A073A3F59873D3F8084107F520
S31500006390A073A3F59873D3F80C31634003404B40C8
S315000063A01A44D7F83C310533664951F823301A446C
S315000063B0D7F83C31D91C07F5A073A3F598730231C1
S315000063C053F821304FEA7341D7F83C31D81C07F512
S315000063D0A073A3F59873023053F820304FEAF343C5
S315000063E05940D7F83C31D81C07F5A073A3F598732C
S315000063F0023053F820309B0A5940D7F83C31981E9A
S3150000640007F5A073A3F59873023053F820301944AA
S31500006410D7F83C31A3F10A0007F5A073A3F59873EA
S31500006420023053F820304FEAF310D7F83C31A3F18D
S315000064300A0407F5A073A3F59873023453F82430C1
S315000064404FEAB3435840D7F83C31A3F10A0407F5A5
S31500006450A073A3F59873023453F82430DB08434045
S31500006460C818D7F83C31A3F10B0107F5A073A3F5C3
S315000064709873023153F82110D7F83C31053344188C
S3150000648007F5A071A1F59871981C41F8204007F511
S31500006490A071A1F59871023351F823301A4407F51B
S315000064A0A073A3F598731A6007F5A073A3F5987304
S315000064B0D3F814314FEAB30207F5A073A3F5987326
S315000064C0D3F814314FEA73335A4007F5A073A3F596
S315000064D09873D3F814314FEAB3535A4007F5A073B3
S315000064E0A3F59873D3F8141107F5A073A3F5987361
S315000064F0D3F81831194007F5A073A3F59873D3F8AC
S315000065001C0107F5A073A3F59873D3F8144107F59A
S31500006510A073A3F59873D3F81831234303400B43B4
S315000065201A4407F5A073A3F598735A6007F5A0738C
S31500006530A3F59873D3F8202107F5A073A3F59873F4
S315000065401B6801E008EC00001A4407F5A073A3F5E8
S315000065509873C3F8202107F5A073A3F598731A68FA
S3150000656007F5A073A3F598735B681A4407F5A07343
S31500006570A3F59873C3F8102107F5A073A3F59873D4
S31500006580D3F80C2107F5A073A3F59873D3F820313F
S315000065904FEAB31107F5A073A3F59873D3F820312A
S315000065A04FEAF323594007F5A073A3F59873D3F880
S315000065B020314FEA73634B401A4407F5A073A3F5E5
S315000065C09873D3F8081107F5A073A3F59873D3F859
S315000065D0200107F5A073A3F59873D3F8244107F5B6
S315000065E0A073A3F59873D3F80831634003404B407A
S315000065F01A44D7F83C310633F94951F823301A4486
S31500006600D7F83C31191D07F5A073A3F5987302312D
S3150000661053F821304FEA7341D7F83C31181D07F57E
S31500006620A073A3F59873023053F820304FEAF34372
S315000066305940D7F83C31181D07F5A073A3F5987398
S31500006640023053F820309B0A5940D7F83C31581E87
S3150000665007F5A073A3F59873023053F82030194458
S31500006660D7F83C31A3F1090007F5A073A3F5987399
S31500006670023053F820304FEAF310D7F83C31A3F13B
S31500006680090407F5A073A3F59873023453F8243070
S315000066904FEAB3435840D7F83C31A3F1090407F554
S315000066A0A073A3F59873023453F82430DB084340F3
S315000066B0C818D7F83C31A3F10A0107F5A073A3F572
S315000066C09873023153F82110D7F83C310633441839
S315000066D007F5A071A1F59871981C41F8204007F5BF
S315000066E0A071A1F59871023351F823301A4407F5C9
S315000066F0A073A3F598731A6007F5A073A3F59873B2
S31500006700D3F810314FEAB30207F5A073A3F59873D7
S31500006710D3F810314FEA73335A4007F5A073A3F547
S315000067209873D3F810314FEAB3535A4007F5A07364
S31500006730A3F59873D3F8101107F5A073A3F5987312
S31500006740D3F81431194007F5A073A3F59873D3F85D
S31500006750180107F5A073A3F59873D3F8104107F550
S31500006760A073A3F59873D3F81431234303400B4366
S315000067701A4407F5A073A3F598735A6007F5A0733A
S31500006780A3F59873D3F81C2107F5A073A3F59873A6
S315000067901B681A4407F5A073A3F59873C3F81C2168
S315000067A007F5A073A3F598731A6807F5A073A3F508
S315000067B098735B681A4407F5A073A3F59873C3F83A
S315000067C00C2107F5A073A3F59873D3F8082107F5F4
S315000067D0A073A3F59873D3F81C314FEAB31107F5EC
S315000067E0A073A3F59873D3F81C314FEAF3235940ED
S315000067F007F5A073A3F59873D3F81C314FEA7363BA
S315000068004B401A4407F5A073A3F59873D3F82411E7
S3150000681007F5A073A3F59873D3F81C0107F5A073C9
S31500006820A3F59873D3F8204107F5A073A3F59873E1
S31500006830D3F82431634003404B401A44D7F83C3127
S315000068400733674951F823301A44D7F83C31591DAC
S3150000685007F5A073A3F59873023153F821304FEA78
S315000068607341D7F83C31581D07F5A073A3F598730B
S31500006870023053F820304FEAF3435940D7F83C3101
S31500006880581D07F5A073A3F59873023053F820300E
S315000068909B0A594007F5A073A3F59873D7F83C01F6
S315000068A0023053F820301944D7F83C31A3F10800E0
S315000068B007F5A073A3F59873023053F820304FEA1A
S315000068C0F310D7F83C31A3F1080407F5A073A3F53C
S315000068D09873023453F824304FEAB3435840D7F83C
S315000068E03C31A3F1080407F5A073A3F598730234AD
S315000068F053F82430DB084340C818D7F83C31A3F1DD
S31500006900090107F5A073A3F59873023153F8211016
S31500006910D7F83C310733441807F5A071A1F59871F3
S31500006920981C41F8204007F5A071A1F59871023333
S3150000693051F823301A4407F5A073A3F598731A602B
S3150000694007F5A073A3F59873D3F80C314FEAB30299
S3150000695007F5A073A3F59873D3F80C314FEA733398
S315000069605A4007F5A073A3F59873D3F80C314FEA94
S31500006970B3535A4007F5A073A3F59873D3F80C11D7
S3150000698007F5A073A3F59873D3F81031194007F5EE
S31500006990A073A3F59873D3F8140107F5A073A3F5B4
S315000069A09873D3F80C4107F5A073A3F59873D3F841
S315000069B01031234303400B431A4407F5A073A3F594
S315000069C098735A6007F5A073A3F59873D3F8182146
S315000069D007F5A073A3F598731B681A4402E000BF7D
S315000069E008EC000007F5A073A3F59873C3F8182107
S315000069F007F5A073A3F598731A6807F5A073A3F5B6
S31500006A0098735B681A4407F5A073A3F59873C3F8E7
S31500006A100821D7F83C310833C7F83C31D7F83C3168
S31500006A203F2B7EF6C5AE0023C7F83C3122E007F5C2
S31500006A30A073A3F59E731B68D7F83C21123253F856
S31500006A40222007F5A073A3F59873D7F83C114231BD
S31500006A5053F82130D11807F5A073A3F59E731B6870
S31500006A60D7F83C21123243F82210D7F83C310133D3
S31500006A70C7F83C31D7F83C31072BD8D907F11003BA
S31500006A804FF49471184603F0E3FA0023184607F50D
S31500006A90A277BD4690BD00BF80B586B000AFF86056
S31500006AA0B9607A6000237B6111E0B968F868FEF787
S31500006AB03FF80346002B01D000230CE0BB684033AF
S31500006AC0BB607B68403B7B607B6940337B617B6856
S31500006AD03F2BEAD87B6918461837BD4680BD80B57E
S31500006AE088B000AFF860B9607A606FF06D03BB6183
S31500006AF07B68002B01D1002364E0FB681B6C03F06C
S31500006B003F03FB61FB69C3F140037B61FB681A6CC1
S31500006B107B681A44FB681A64FB681A6CFB681A6483
S31500006B20FB681B6C7A689A4204D9FB685B6C5A1C3A
S31500006B30FB685A64FB69002B35D07A687B699A42F8
S31500006B4031D3FA68FB6913447A69B968184606F0C6
S31500006B50B6FCFB681946F868FDF7EAFFB861BB6941
S31500006B60002B01D0BB692DE0BA687B691344BB607A
S31500006B707A687B69D31A7B600023FB6113E07A682D
S31500006B80B968F868FFF788FF38613B693F2B02D880
S31500006B904FF0FF3316E0BA683B691344BB607A686E
S31500006BA03B69D31A7B607B683F2BE8D87B68002B58
S31500006BB007D0FA68FB6913447A68B968184606F084
S31500006BC07EFC002318462037BD4680BD80B59CB0AC
S31500006BD000AF786039606FF06D037B660023FB655C
S31500006BE07B681B6C03F03F033B663B6E5A1C3A66A0
S31500006BF07A688021D1543B6E382B0AD87A683B6E6E
S31500006C00D0183B6EC3F138031A46002106F0D1FBBB
S31500006C1019E07A683B6ED0183B6EC3F140031A4602
S31500006C20002106F0C6FB7B6819467868FDF780FFF1
S31500006C3078667B6E002B40F0BD807B683822002191
S31500006C40184606F0B6FB7B681B6C5A0F7B685B6CBC
S31500006C50DB001343BB667B681B6CDB00FB667B6853
S31500006C6003F13802BB6E1BBA7A65FB6007F10C03B1
S31500006C7004221946786D06F022FC00BF7B6803F1FA
S31500006C803C02FB6E1BBABA653B6107F11003042296
S31500006C901946B86D06F013FC00BF7B681946786884
S31500006CA0FDF746FF78667B6E002B40F085807B689B
S31500006CB09B6C1BBA3A683A657B6107F114030422A0
S31500006CC01946386D06F0FBFB00BF3B681A1D7B6852
S31500006CD0DB6C1BBAFA64BB6107F118030422194680
S31500006CE0F86C06F0ECFB00BF3B6803F108027B681A
S31500006CF01B6D1BBABA64FB6107F11C03042219461B
S31500006D00B86C06F0DCFB00BF3B6803F10C027B6845
S31500006D105B6D1BBA7A643B6207F1200304221946B5
S31500006D20786C06F0CCFB00BF3B6803F110027B6871
S31500006D309B6D1BBA3A647B6207F124030422194651
S31500006D40386C06F0BCFB00BF3B6803F114027B689D
S31500006D50DB6D1BBAFA63BB6207F1280304221946EE
S31500006D60F86B06F0ACFB00BF3B6803F118027B68CA
S31500006D701B6E1BBABA63FB6207F12C030422194689
S31500006D80B86B06F09CFB00BFFB6D002B0FD13B6878
S31500006D9003F11C027B685B6E1BBA7A633B6307F1E7
S31500006DA0300304221946786B06F089FB00BF0023E6
S31500006DB07B6602E000BF00E000BF7868FDF765FE75
S31500006DC07B6E18467037BD4680BD80B485B000AF77
S31500006DD0F860B9607A603B60FA68BB68134418468D
S31500006DE01437BD4680BC704780B586B000AFF860EA
S31500006DF0B9607A603B606FF06D037B61BB68002B06
S31500006E0009D0FB680833B968184600F07FFB786143
S31500006E107B69002B33D17B68002B09D0FB682033BC
S31500006E207968184600F072FB78617B69002B26D1E1
S31500006E303B68002B09D0FB6828333968184600F0F8
S31500006E4065FB78617B69002B19D13B6A002B09D061
S31500006E50FB681833396A184600F058FB78617B697D
S31500006E60002B0CD17B6A002B12D0FB681033796A99
S31500006E70184600F04BFB78617B69002B08D04FF475
S31500006E8012730B4A79690B48FFF79FFF03460BE025
S31500006E90BB68002B07D0FB680833184600F015FCCA
S31500006EA00246FB685A60002318461837BD4680BD67
S31500006EB008ED000080BFFFFF90B585B000AFF86019
S31500006EC0B9607A60FB685C68FB680833184600F0B6
S31500006ED0FCFB03469C4204D1FB685B68B3F5C07FAC
S31500006EE001D93A4B6DE0FB6808330021184600F0E3
S31500006EF0A5FD0346002B08DDFB6808330021184674
S31500006F0000F0B2FB0346002B01D1304B59E0BB68C1
S31500006F10002B25D0FB6820330021184600F08EFD9B
S31500006F200346002B1ADDFB6820330021184600F0CB
S31500006F309BFB0346002B11D0FB6828330021184623
S31500006F4000F07CFD0346002B08DDFB68283300219A
S31500006F50184600F089FB0346002B01D11B4B30E09D
S31500006F60FB6810330021184600F068FD0346002B2D
S31500006F7001DC164B25E0BB68002B13D0FB683033D1
S31500006F800021184600F05AFD0346002B08DDFB6879
S31500006F9038330021184600F051FD0346002B01DC72
S31500006FA00A4B0EE0BB68002B0AD0FB684033002179
S31500006FB0184600F043FD0346002B01DC034B00E0BE
S31500006FC0002318461437BD4690BD00BF80BFFFFFA3
S31500006FD080B582B000AF786078220021786806F02C
S31500006FE0E8F97B6800221A677B6800225A6700BFAF
S31500006FF00837BD4680BD000080B584B000AFF8609C
S31500007000B9601346FB71BB68012B01D00E4B16E02D
S3150000701000BFBB68012B0BD1FB79002B08D0FB7995
S31500007020184602F0EDFF0346002B01D1064B06E0A1
S31500007030FB68BA681A67FA79FB685A67002318462C
S315000070401037BD4680BD00BF00BFFFFF80B483B0D0
S3150000705000AF78607B685B6818460C37BD4680BC1D
S315000070607047000080B582B000AF78600022002132
S315000070707868FFF721FF0346002B01D0174B29E064
S315000070807B680833184600F00FFB03467F2B01D8B8
S31500007090124B1FE07B6810330021184600F0E4FA1B
S315000070A00346002B13D07B681033184600F0FCFA19
S315000070B00346012B0BD97B6803F110027B6808336A
S315000070C01946104600F018FC0346002B01DB034B63
S315000070D000E0002318460837BD4680BD00BEFFFF0E
S315000070E090B58BB002AFF860B9607A606FF06D034F
S315000070F0FB6100220021F868FFF7DEFE0346002B45
S3150000710001D02D4B54E007F11003184600F0FBF8B0
S31500007110FB685A6807F11003B968184600F0E3FAED
S31500007120F861FB69002B31D1FB6803F1080207F116
S3150000713010031146184600F0DFFB0346002B03DB65
S315000071406FF00303FB6121E0FB685B68BB61FB68D2
S3150000715003F11002FB6803F10804FB68483307F1EA
S31500007160100107F110000093234601F009FBF861B6
S31500007170FB69002B0AD107F11003BA697968184632
S3150000718000F0E0FAF861FB69002B00BF07F110037D
S31500007190184600F0CAF8FB69002B08D040F2FC4301
S315000071A0064AF9690648FFF710FE034600E0002389
S315000071B018462437BD4690BD80BFFFFF08ED00008E
S315000071C080BDFFFF80B582B000AF78607B68002B82
S315000071D041D07B686033184600F0A7F87B686833B7
S315000071E0184600F0A2F87B684833184600F09DF870
S315000071F07B681833184600F098F87B6828331846E1
S3150000720000F093F87B682033184600F08EF87B6810
S315000072101033184600F089F87B680833184600F0EA
S3150000722084F87B685833184600F07FF87B68503343
S31500007230184600F07AF87B684033184600F075F877
S315000072407B683833184600F070F87B683033184690
S3150000725000F06BF800E000BF0837BD4680BD0000B7
S3150000726080B483B000AF7860044B1A687B685340E3
S3150000727018460C37BD4680BC704700BF142C002052
S3150000728080B586B000AFF860B9607A60F868FFF73D
S31500007290E7FF0346DB437B61FA68BB681A407969FE
S315000072A07B680B40134318461837BD4680BD80B532
S315000072B084B000AFF860B9607A607A68B968F86837
S315000072C0FFF7DEFF034618461037BD4680BD80B582
S315000072D082B000AF78600B467B8013463B80B7F9DF
S315000072E0023001331946B7F9003001331A4678687F
S315000072F0FFF7DDFF03469BB2013B9BB21BB218466C
S315000073000837BD4680BD80B483B000AF78607B6827
S3150000731001229A807B680022DA807B6800221A604C
S3150000732000BF0C37BD4680BC704780B582B000AF49
S3150000733078607B68002B16D07B681B68002B08D012
S315000073407B681A687B68DB889B001946104602F04A
S315000073508BFE7B6801229A807B680022DA807B683C
S3150000736000221A6000E000BF0837BD4680BD80B528
S3150000737084B000AF786039603B6842F21072934285
S3150000738002D96FF00F032EE07B68DB881A463B6854
S31500007390934227D90421386802F044FEF860FB685E
S315000073A0002B02D16FF00F031DE07B681B68002BDA
S315000073B011D07B6819687B68DB889B001A46F868E1
S315000073C006F07DF87B681A687B68DB889B001946A7
S315000073D0104602F049FE3B689AB27B68DA807B6809
S315000073E0FA681A60002318461037BD4680BD80B57E
S315000073F084B000AF786039603B6842F21072934205
S3150000740002D96FF00F0351E07B68DB881A463B68B0
S31500007410934205D339687868FFF7A9FF034645E02C
S315000074207B68DB88013BFB600AE07B681A68FB68C7
S315000074309B0013441B68002B06D1FB68013BFB60D5
S31500007440FB68002BF1D100E000BFFB680133FB6055
S31500007450FA683B689A4201D23B68FB600421F868EF
S3150000746002F0E0FDB860BB68002B02D16FF00F039D
S315000074701CE07B681B68002B10D07B681968FB68D2
S315000074809B001A46B86806F01AF87B681A687B688B
S31500007490DB889B001946104602F0E6FDFB689AB2AF
S315000074A07B68DA807B68BA681A6000231846103752
S315000074B0BD4680BD80B582B000AF786039603B685C
S315000074C0002B04D17868FFF730FF00231AE07B68B1
S315000074D0DB881A463B6893420CD17B6818683B6888
S315000074E09B001A46002105F064FF7B6801229A8002
S315000074F0002307E07868FFF718FF39687868FFF718
S3150000750036FF034618460837BD4680BD80B584B0B1
S3150000751000AF786039600023FB607A683B689A4266
S3150000752001D100235AE03B68DB88002B11D17B6830
S31500007530DB88002B0BD07B6801229A807B68186859
S315000075407B68DB889B001A46002105F032FF00238A
S3150000755044E03B68DB88013BBB600AE03B681A6895
S31500007560BB689B0013441B68002B06D1BB68013B1C
S31500007570BB60BB68002BF1D100E000BFBB680133E4
S31500007580BB603B68B3F904207B689A807B68DB8824
S315000075901A46BB68934208D9B9687868FFF7E7FED0
S315000075A0F860FB68002B0FD017E07B681A68BB6891
S315000075B09B00D0187B68DB881A46BB68D31A9B00F1
S315000075C01A46002105F0F5FE7B6818683B681968C5
S315000075D0BB689B001A4605F072FFFB681846103719
S315000075E0BD4680BD80B483B000AF78607B68002B59
S315000075F001DB7B6801E07B685B4218460C37BD46C1
S3150000760080BC704790B585B000AF786039606FF088
S315000076106D03FB6001217868FFF7A9FEF860FB683F
S31500007620002B1CD17B6818687B68DB889B001A4698
S31500007630002105F0BEFE7B681C683868FFF7D2FFA4
S31500007640034623603B68DB0F9BB21A46D203D31A6C
S315000076505B009BB201339BB21AB27B689A80FB68CF
S3150000766018461437BD4690BD80B483B000AF78602D
S3150000767039607B68DB885B013A689A4201D3002354
S315000076800DE07B681A683B685B099B0013441A6827
S315000076903B6803F01F0322FA03F303F001031846C5
S315000076A00C37BD4680BC704780B582B000AF7860AD
S315000076B07B681A687B68DB881946104601F0F9F882
S315000076C0034618460837BD4680BD80B582B000AF78
S315000076D078607868FFF7E8FF03460733DB0818464B
S315000076E00837BD4680BD80B586B000AFF860B9608A
S315000076F07A606FF06D037B617B689B087A6802F0A5
S315000077000302002A14BF01220022D2B213443B61B5
S315000077103969F868FFF7CEFE78617B69002B0CD1DA
S31500007720FB681868FB68DB8819467B68BA6801F055
S3150000773058F978617B69002B00BF7B6918461837BA
S31500007740BD4680BD80B584B000AFF860B9607A6090
S31500007750FB681868FB68DB8819467B68BA6801F025
S3150000776081F9034618461037BD4680BD80B584B002
S3150000777000AF786039606FF06D03FB607868FFF7E3
S3150000778093FF02463B681344BB607B68DB885B0162
S31500007790BA689A4212D9BB685B09BA6802F01F023E
S315000077A0002A14BF01220022D2B213441946786877
S315000077B0FFF7DDFDF860FB68002B09D10023FB60B5
S315000077C07B6818687B68DB883A68194601F03BFAE3
S315000077D0FB6818461037BD4680BD80B582B000AF45
S315000077E0786039607B68DB88002B07D07B68186877
S315000077F07B68DB883A68194601F096F9002318463B
S315000078000837BD4680BD80B485B000AF786039606A
S315000078107B68DB88FB600DE07B681A68FB6803F118
S315000078208043013B9B0013441B68002B06D1FB6879
S31500007830013BFB60FB68002BEED100E000BF3B681C
S31500007840DB88BB600DE03B681A68BB6803F18043C8
S31500007850013B9B0013441B68002B06D1BB68013B10
S31500007860BB60BB68002BEED100E000BFFA68BB68C6
S315000078709A4201D901233AE0BA68FB689A4232D9A2
S315000078804FF0FF3333E07B681A68FB6803F18043EF
S31500007890013B9B0013441A683B681968FB6803F1B7
S315000078A08043013B9B000B441B689A4201D901238C
S315000078B01DE07B681A68FB6803F18043013B9B006F
S315000078C013441A683B681968FB6803F18043013B5F
S315000078D09B000B441B689A4202D24FF0FF3306E02E
S315000078E0FB68013BFB60FB68002BCCD100231846EC
S315000078F01437BD4680BC704780B485B000AF786051
S3150000790039607B68DB88FB600DE07B681A68FB6882
S3150000791003F18043013B9B0013441B68002B06D1F7
S31500007920FB68013BFB60FB68002BEED100E000BF6B
S315000079303B68DB88BB600DE03B681A68BB6803F1F7
S315000079408043013B9B0013441B68002B06D1BB6898
S31500007950013BBB60BB68002BEED100E000BFFB68BB
S31500007960002B04D1BB68002B01D1002361E0FA682B
S31500007970BB689A4203D97B68B3F9043059E0BA6808
S31500007980FB689A4204D93B68B3F904305B4250E085
S315000079907B68B3F90430002B06DD3B68B3F904308D
S315000079A0002B01DA012344E03B68B3F90430002BD5
S315000079B03BDD7B68B3F90430002B36DA4FF0FF333A
S315000079C037E07B681A68FB6803F18043013B9B0044
S315000079D013441A683B681968FB6803F18043013B4E
S315000079E09B000B441B689A4203D97B68B3F90430A9
S315000079F01FE07B681A68FB6803F18043013B9B002C
S31500007A0013441A683B681968FB6803F18043013B1D
S31500007A109B000B441B689A4204D27B68B3F904307E
S31500007A205B4206E0FB68013BFB60FB68002BC8D1AC
S31500007A30002318461437BD4680BC704780B586B013
S31500007A4000AF786039603868FFF7CCFD0346FB600D
S31500007A503B68DB0F9BB21A46D203D31A5B009BB27C
S31500007A6001339BB21BB2BB820123FB8207F10C03DD
S31500007A703B6107F1100319467868FFF73DFF03469F
S31500007A8018461837BD4680BD80B58AB000AFF8608D
S31500007A90B9607A606FF06D037B62FA687B689A4220
S31500007AA005D1BB687B61FB68BB607B697B60FA685C
S31500007AB0BB689A4207D0B968F868FFF727FD786275
S31500007AC07B6A002B66D1FB6801229A807B68DB8883
S31500007AD03B620DE07B681A683B6A03F18043013B19
S31500007AE09B0013441B68002B06D13B6A013B3B629B
S31500007AF03B6A002BEED100E000BF3B6A002B01D1B0
S31500007B00002348E0396AF868FFF731FC78627B6A3F
S31500007B10002B3FD1FB681B68FB617B681A683B6AD8
S31500007B20F969F86901F005F9B8613B6A9B00FA69E1
S31500007B301344FB612AE0FB68DB881A463B6A9342E2
S31500007B400FD33B6A01331946F868FFF710FC7862D9
S31500007B507B6A002B1ED1FB681A683B6A9B001344A4
S31500007B60FB61FB691A68BB691A44FB691A60FB6909
S31500007B701B68BA699A428CBF01230023DBB2BB6142
S31500007B803B6A01333B62FB690433FB61BB69002B33
S31500007B90D1D100BF7B6A18462837BD4680BD80B567
S31500007BA088B000AFF860B9607A606FF06D03FB6172
S31500007BB07B68DB88BB610DE07B681A68BB6903F1F3
S31500007BC08043013B9B0013441B68002B06D1BB6915
S31500007BD0013BBB61BB69002BEED100E000BFBB6877
S31500007BE0DB881A46BB69934203D96FF00903FB6130
S31500007BF067E0BB68DB881946F868FFF7B8FBF861F1
S31500007C00FB69002B5DD1BB68DB881A46BB699342D2
S31500007C1016D2BA68FB689A4212D0FB681A68BB692A
S31500007C209B00D018BB681A68BB699B00D118BB685B
S31500007C30DB881A46BB69D31A9B001A4605F03FFC3F
S31500007C40FB68DA88BB68DB889A4210D9FB681A6839
S31500007C50BB68DB889B00D018FB68DB881A46BB68CC
S31500007C60DB88D31A9B001A46002105F0A2FBFB68AD
S31500007C701868BB6819687B681A68BB6901F0A3F8C5
S31500007C8078617B69002B19D0FB681A68BB699B0079
S31500007C90D018FB681A68BB699B00D118FB68DB88A3
S31500007CA01A46BB69D31A7A6901F0EBFF78617B69E2
S31500007CB0002B03D06FF00903FB6102E0FB68012291
S31500007CC09A80FB6918462037BD4680BD80B588B0CE
S31500007CD000AFF860B9607A603B60BB68B3F9043006
S31500007CE0BB61BB68B3F904301A467B68B3F904304C
S31500007CF002FB03F33A6802FB03F3002B2BDA7968E5
S31500007D00B868FFF780FD78617B69002B12DB7A6823
S31500007D10B968F868FFF743FFF861FB69002B27D1C4
S31500007D207B69002B02D0BB691AB200E00122FB6816
S31500007D309A801DE0BA687968F868FFF730FFF86145
S31500007D40FB69002B14D1BB699BB25B429BB21AB292
S31500007D50FB689A800CE07A68B968F868FFF794FEC9
S31500007D60F861FB69002B03D1BB691AB2FB689A80E4
S31500007D70FB6918462037BD4680BD80B584B000AF8C
S31500007D80F860B9607A6001237A68B968F868FFF725
S31500007D909DFF034618461037BD4680BD80B584B0AA
S31500007DA000AFF860B9607A604FF0FF337A68B9685F
S31500007DB0F868FFF78BFF034618461037BD4680BDAF
S31500007DC080B588B002AFF860B9607A60BB68DB88BE
S31500007DD07B6102E07B69013B7B617B69002B0AD0FA
S31500007DE0BB681A687B6903F18043013B9B0013441F
S31500007DF01B68002BEED07B68002B02D07B69002B22
S31500007E0005D10021F868FFF7FDFB034622E06FF07D
S31500007E106D033B617B6901331946F868FFF7A7FAE2
S31500007E2038613B69002B14D1B968F868FFF76EFB1F
S31500007E3038613B69002B0CD1FB681868FB68DB884E
S31500007E401946BB681A687B68013B00937B6901F0A1
S31500007E5002F83B6918461837BD4680BD2DE9B04F7C
S31500007E608AB000AF78613961FA60BB60FB68002BAD
S31500007E7003D07A69FB689A4209D3BB68002B03D00A
S31500007E80BB684FF0FF321A604FF0FF333BE07B696F
S31500007E9000229A4693464FF000024FF000035346E5
S31500007EA00022C7E906233B6900221C461546D7E98E
S31500007EB0062342EA040843EA0509C7E90689FB687E
S31500007EC000223B607A60D7E90023D7E9060104F077
S31500007ED0CBFE02460B46C7E90823D7E90823012B48
S31500007EE005D34FF0FF324FF00003C7E90823BB6804
S31500007EF0002B07D0BA693B6AF96801FB03F3D21A73
S31500007F00BB681A603B6A18462837BD46BDE8B08F85
S31500007F10F0B597B000AFF860B9607A603B606FF07B
S31500007F206D037B6500213868FFF788FD0346002B4B
S31500007F3002D16FF00B0387E207F13C031846FFF707
S31500007F40E2F907F134031846FFF7DDF907F12C03D0
S31500007F501846FFF7D8F907F124031846FFF7D3F9B7
S31500007F6001233B8403237B8407F11003FB613968FB
S31500007F707868FFF748FC0346002B19DAFB68002BEC
S31500007F8008D00021F868FFF73DFB78657B6D002B74
S31500007F9040F03F82BB68002B08D07968B868FFF7CD
S31500007FA0B5FA78657B6D002B40F0338200234BE2F7
S31500007FB007F13C0379681846FFF7A8FA78657B6DE8
S31500007FC0002B40F0268207F1340339681846FFF784
S31500007FD09DFA78657B6D002B40F01B8201233B8761
S31500007FE0B7F93830A7F840307B68DB8802331A4689
S31500007FF007F12C0311461846FFF7B9F978657B6D32
S31500008000002B40F0068207F12C0300211846FFF7EB
S31500008010F9FA78657B6D002B40F0FB817B68DB8885
S3150000802002331A4607F1240311461846FFF79FF953
S3150000803078657B6D002B40F0EC8107F13403184620
S31500008040FFF732FB034603F01F03FB64FB6C1E2B9A
S3150000805019D8FB6CC3F11F03FB6407F13C03F96CF1
S315000080601846FFF783FB78657B6D002B40F0D181C6
S3150000807007F13403F96C1846FFF778FB78657B6DDA
S31500008080002B02D0C5E10023FB64B7F84230013B68
S31500008090BB647B8F013B7B64BA6C7B6CD31A5A0141
S315000080A007F1340311461846FFF760FB78657B6DD0
S315000080B0002B40F0AE8116E0FA6AB96C7B6CCB1AE5
S315000080C09B0013441A6801321A6007F1340207F163
S315000080D03C0107F13C031846FFF760FE78657B6DAF
S315000080E0002B40F0968107F1340207F13C0311465C
S315000080F01846FFF701FC0346002BDDDABA6C7B6CF1
S31500008100D31A5A0107F1340311461846FFF765FBE7
S3150000811078657B6D002B40F07C81BB6C3B6530E164
S31500008120FA6B3B6D9B0013441A68796B7B6C9B0062
S315000081300B441B689A420CD3FA6A396D7B6CCB1AD6
S3150000814003F18043013B9B0013444FF0FF321A605A
S3150000815021E0FA6B3B6D9B0013441868FA6B3B6D8C
S3150000816003F18043013B9B0013441D687A6B7B6CD3
S315000081709B0013441E68FA6A396D7B6CCB1A03F1B7
S315000081808043013B9B00D418002332462946FFF763
S3150000819065FE034623603B6D012B08D9FA6B3B6DE8
S315000081A003F18043023B9B0013441B6800E000235D
S315000081B0FA6913603B6D002B08D0FA6B3B6D03F137
S315000081C08043013B9B0013441B6800E00023FA69CF
S315000081D004321360FA6B3B6D9B001A44FB6908334B
S315000081E012681A60FA6A396D7B6CCB1A03F1804308
S315000081F0013B9B0013441A6801321A60FA6A396D12
S315000082007B6CCB1A03F18043013B9B0013441A6835
S31500008210013A1A6007F1240300211846FFF7F2F924
S3150000822078657B6D002B40F0F4807B6C002B08D0CA
S315000082307A6B7B6C03F18043013B9B0013441B6804
S3150000824000E000237A6A13607A6B7B6C9B001A4409
S315000082507B6A043312681A60FA6A396D7B6CCB1A32
S3150000826003F18043013B9B0013441A6807F1240184
S3150000827007F124031846FFF7A3FD78657B6D002BF5
S3150000828040F0C78007F11C0207F124031146184687
S31500008290FFF732FB0346002BB0DCFA6A396D7B6CC4
S315000082A0CB1A03F18043013B9B0013441A6807F184
S315000082B0340107F124031846FFF782FD78657B6DCC
S315000082C0002B40F0A6803A6D7B6CD31A013B5A0115
S315000082D007F1240311461846FFF748FA78657B6DC7
S315000082E0002B40F0968007F1240207F13C0107F1CC
S315000082F03C031846FFF752FD78657B6D002B40F076
S31500008300888007F13C0300211846FFF797FB0346D8
S31500008310002B33DA07F1340207F12403114618461D
S31500008320FFF7F4F878657B6D002B72D13A6D7B6CA4
S31500008330D31A013B5A0107F1240311461846FFF7E9
S3150000834015FA78657B6D002B63D107F1240207F1DE
S315000083503C0107F13C031846FFF70FFD78657B6D7E
S31500008360002B56D1FA6A396D7B6CCB1A03F1804328
S31500008370013B9B0013441A68013A1A603B6D013BAE
S315000083803B653A6D7B6C9A423FF6CAAEFB68002BA2
S3150000839017D007F12C031946F868FFF7B7F8786588
S315000083A07B6D002B35D17B68B3F904309AB23B68FC
S315000083B0B3F904309BB212FB03F39BB21AB2FB680B
S315000083C09A80BB68002B23D007F13C03F96C184652
S315000083D0FFF703FA78657B6D002B1AD17B68B3F93A
S315000083E00430A7F8403007F13C031946B868FFF798
S315000083F08DF878657B6D002B0BD10021B868FFF7EF
S315000084001DFB0346002B03D1BB6801229A8000E0C6
S3150000841000BF07F13C031846FEF787FF07F1340358
S315000084201846FEF782FF07F12C031846FEF77DFF7C
S3150000843007F124031846FEF778FF07F110030C2115
S31500008440184601F005FE7B6D18465C37BD46F0BD4B
S3150000845080B586B000AFF860B9607A606FF06D03E2
S315000084607B6100217868FFF7E9FA0346002B02DA00
S315000084706FF009032DE07B68BA68F9680020FFF702
S3150000848047FD78617B69002B22D108E07A68F9689C
S31500008490F868FFF772FC78617B69002B18D1002120
S315000084A0F868FFF7CBFA0346002BEFDB08E07A68A3
S315000084B0F968F868FFF772FC78617B69002B07D1D1
S315000084C07968F868FFF718FA0346002BEFDA00BF61
S315000084D07B6918461837BD4680BDF0B591B004AF2C
S315000084E0F860B9607A603B606FF06D03FB62002153
S315000084F0B86CFFF7A3FA0346002B06DDBB6C1B68BE
S315000085001B6803F00103002B02D16FF0030333E174
S3150000851000217868FFF792FA0346002B02DA6FF023
S31500008520030329E17868FFF7BFF80346B3F5406F08
S3150000853006D8B86CFFF7B8F80346B3F5406F02D912
S315000085406FF0030318E17B68DB88002B06D101215D
S31500008550F868FFF757F8F862FB6A0DE1BB6CDB8839
S315000085601A467B68DB881946104601F0E1F9B862C5
S315000085700421B86A01F056FD78627B6A002B02D1AD
S315000085806FF00F03F8E007F114031846FEF7BBFE81
S31500008590FB6C002B03D0FB6C1B68002B16D107F17C
S315000085A01403B96C184601F05BF9F862FB6A002BFC
S315000085B040F0CF80FB6C002B1AD0FB6C1A4607F1FB
S315000085C0140393E8030082E8030011E0BB6CDB8828
S315000085D01946F86CFEF7CBFEF862FB6A002B40F0FA
S315000085E0B880FA6C07F1140392E8030083E80300ED
S315000085F0B968F868FEF78AFFF862FB6A002B40F05C
S31500008600A880FB6801229A80B96CF868FFF774F9B4
S315000086100346002B09DBBA6CF968F868FFF718FF08
S31500008620F862FB6A002B40F09480BB6CDB8819462D
S31500008630F868FEF79CFEF862FB6A002B40F0898022
S31500008640BB6C1B68184601F081F83862FB68186835
S31500008650FB681968BB6C1C68BB6CDB881D467B69B4
S315000086607A6A029201933B6A00932B46224601F0F6
S315000086705AFB3B68B3F12A3F19D1FB681868FB68BF
S315000086801C68BB6C1D68BB6CDB889C467B681B68E2
S315000086907A68D28816467A69796A039102920196B7
S315000086A0009363462A46214601F0CFFA18E0FB689C
S315000086B01868FB681C68BB6C1D68BB6CDB889C4635
S315000086C07B681B687A68D28816467A69796A03914C
S315000086D002920196009363462A46214601F09AFAD1
S315000086E0FB681868FB681968BB6C1A68BB6CDB888A
S315000086F01C467B6A01933B6A0093234601F02CFBE0
S31500008700BB68B3F90430B3F1FF3F21D17B681B6826
S315000087101B6803F00103002B1AD0FB681A68FB687C
S31500008720DB881946104601F0DBFAF86101224FF0AA
S31500008730FF31F869FEF7CBFD03461A46FB689A80BF
S31500008740FA68B96CF868FFF718FBF862FB6A002B49
S3150000875000BFBB6A9B001946786A01F085FCFB6C7A
S31500008760002B03D0FB6C1B68002B04D107F114030C
S315000087701846FEF7DAFDFB6A18463437BD46F0BDEB
S3150000878080B586B002AFF860B9607A603B60BB69BD
S3150000879001933B6800934FF02A337A68B968F8680A
S315000087A0FFF79BFE034618461037BD4680BD000006
S315000087B080B483B000AF7860044B1A687B6853407E
S315000087C018460C37BD4680BC704700BF142C0020ED
S315000087D080B584B000AF78607868FFF7E9FFF8608D
S315000087E0FB685A42FB685B085B421343BB60BB688D
S315000087F0DB0FBB60BB685B4218461037BD4680BDC9
S3150000880080B586B000AFF860B9607A60F868FFF7A7
S31500008810CFFF0346DB437B61FA68BB681A40796980
S315000088207B680B40134318461837BD4680BD90B58C
S3150000883085B000AF786039607868FFF7B9FF044605
S315000088403868FFF7B5FF03466340FB60F868FFF73B
S31500008850BFFF034618461437BD4690BD80B584B0A9
S3150000886000AFF860B9607A607A68B968F868FFF7AF
S31500008870C7FF034618461037BD4680BD80B582B097
S3150000888000AF7860396039687868FFF7D0FF034633
S31500008890DB4318460837BD4680BD80B483B000AFC1
S315000088A078607B68B3FA83F318460C37BD4680BC04
S315000088B0704780B584B000AF786039603B68013B93
S315000088C0FB601AE0FB689B007A6813441B68002B68
S315000088D010D0FB689B007A6813441B681846FFF7A4
S315000088E0DCFF0346C3F12003BB60FB685A01BB688B
S315000088F0134406E0FB68013BFB60FB68002BE1DAF2
S31500008900002318461037BD4680BD80B483B000AF43
S3150000891078607B681BBA18460C37BD4680BC70472A
S3150000892080B586B000AF786039603B68002B26D0F2
S315000089307B687B613B6803F18043013B9B007A685F
S3150000894013443B6116E07B691B681846FFF7DDFFA1
S31500008950F8603B691B681846FFF7D7FF02467B693C
S315000089601A603B69FA681A607B6904337B613B696C
S31500008970043B3B617A693B699A42E4D900E000BF57
S315000089801837BD4680BD90B587B000AFF860B960B6
S315000089907A603B60FA68BB689A421ED000237B610E
S315000089A016E07B699B00BA68134419687B699B00D3
S315000089B0FA68134418687B699B00FA68D418024663
S315000089C03868FFF74BFF034623607B6901337B6101
S315000089D07A697B689A42E4D300E000BF1C37BD4643
S315000089E090BD80B588B000AFF860B9607A603B6032
S315000089F03B689B083A6802F00302002A14BF012272
S31500008A000022D2B21344FB61BA68FB699A4202D2D1
S31500008A106FF0070322E0BB68002B01D100231DE0A5
S31500008A20BB689B001A460021F86804F0C2FC3B684C
S31500008A30002B0ED0BB689A003B68D31ABB61FB685B
S31500008A407B617A69BB6913443A687968184604F011
S31500008A5036FDB968F868FFF763FF0023184620372C
S31500008A60BD4680BD80B58AB000AFF860B9607A6057
S31500008A703B60BB689B007B617A693B689A4210D277
S31500008A807B697B623A687B69D31A7A6813443B62D6
S31500008A903A687B69D31A1A460021786804F089FC83
S31500008AA01FE03B687B627B683B627B6AFB6114E08C
S31500008AB0FB6923F00303FA6813441A68FB6903F0A1
S31500008AC00303DB0022FA03F3DBB2002B02D06FF0C4
S31500008AD0070325E0FB690133FB61FA697B699A426A
S31500008AE0E6D30023BB6116E0BB6923F00303FA68F3
S31500008AF013441A68BB6903F00303DB0022FA03F18F
S31500008B007A6ABB69D31A013B3A6A1344CAB21A702D
S31500008B10BB690133BB61BA697B6A9A42E4D300231D
S31500008B2018462837BD4680BD80B58AB000AFF860CC
S31500008B30B9607A6000233B627B685B09FB617B68F6
S31500008B4003F01F03BB61FA69BB689A4206D8FA694B
S31500008B50BB689A420AD1BB69002B07D0BB689B0051
S31500008B601A460021F86804F024FC69E0FB69002B32
S31500008B7025D000237B620EE07A6AFB6913449B00D2
S31500008B80FA681A447B6A9B00F9680B4412681A60FB
S31500008B907B6A01337B62BA68FB69D31A7A6A9A42A6
S31500008BA0EAD308E07B6A9B00FA68134400221A6045
S31500008BB07B6A01337B627A6ABB689A42F2D3BB69ED
S31500008BC0002B3DD0BB687B6237E07B6A03F18043B4
S31500008BD0013B9B00FA6813441A68BB69C3F1200382
S31500008BE002FA03F37B617B6A03F18043013B9B003E
S31500008BF0FA68134419687B6A03F18043013B9B00C2
S31500008C00FA681344BA6921FA02F21A607B6A03F120
S31500008C108043013B9B00FA68134419687B6A03F1A1
S31500008C208043013B9B00FA6813443A6A0A431A6080
S31500008C307B693B627B6A013B7B627B6A002BC4D10A
S31500008C402837BD4680BD80B48BB000AFF860B960F0
S31500008C507A6000233B627B685B09FB617B6803F0FB
S31500008C601F03BB61FB69002B2BD0BB687B6214E042
S31500008C707A6AFB69D31A03F18043013B9B00FA68C9
S31500008C801A447B6A03F18043013B9B00F9680B445D
S31500008C9012681A607B6A013B7B627A6AFB699A42B8
S31500008CA0E6D80BE07B6A03F18043013B9B00FA6840
S31500008CB0134400221A607B6A013B7B627B6A002BAD
S31500008CC0F0D1BB69002B2FD0FB697B6228E07B6A61
S31500008CD09B00FA6813441A68BB69C3F1200322FAA1
S31500008CE003F37B617B6A9B00FA68134419687B6A0D
S31500008CF09B00FA681344BA6901FA02F21A607B6AA9
S31500008D009B00FA68134419687B6A9B00FA6813444F
S31500008D103A6A0A431A607B693B627B6A01337B626B
S31500008D207A6ABB689A42D2D300BF2C37BD4680BC54
S31500008D30704780B489B000AFF860B9607A603B6074
S31500008D400023FB610023BB6133E0BB699B00BA686B
S31500008D5013441B68FA6913447B61BB699B00BA68BC
S31500008D6013441B687A699A4234BF01230023DBB29D
S31500008D70FB61BB699B007A6813441B687A691344DC
S31500008D807B61BB699B007A6813441B687A699A42C7
S31500008D9034BF01230023DBB21A46FB691344FB618F
S31500008DA0BB699B00FA6813447A691A60BB69013390
S31500008DB0BB61BA693B689A42C7D3FB691846243738
S31500008DC0BD4680BC704780B489B000AFF860B9601A
S31500008DD07A603B600023FB610023BB6131E0BB6925
S31500008DE09B00BA6813441B68FA699A428CBF012338
S31500008DF00023DBB27B61BB699B00BA6813441A6827
S31500008E00FB69D31A3B61BB699B007A6813441B68F4
S31500008E103A699A4234BF01230023DBB21A467B69C2
S31500008E201344FB61BB699B007A6813441A68BB69EB
S31500008E309B00F9680B4439698A1A1A60BB690133C9
S31500008E40BB61BA693B689A42C9D3FB6918462437A5
S31500008E50BD4680BC70472DE9B00FC1B000AFC7F862
S31500008E60CC00C7F8C810C7F8C420C7F8C030002324
S31500008E70C7F8FC30D7F8C820D7F8C0309A4203D2DA
S31500008E80D7F8C830C7F8C030D7F8C820D7F8C030F0
S31500008E90D31AC7F8F830D7F8C030DB08C7F8F43073
S31500008EA0D7F8C03003F00703C7F8F030A5E3D7F8CA
S31500008EB0C420131DC7F8C43013680022BB64FA64CB
S31500008EC0D7F820310022C7F8B830C7F8BC20D7E958
S31500008ED012010B46D7F8B82002FB03F2D7F8BC30D4
S31500008EE084460CFB03F313440246D7F8B810A2FBE2
S31500008EF00121F967BA67FA6F1344FB67D7E91E23A6
S31500008F00C7E93623C7E93623D7F8D830C7F8D430AF
S31500008F10D7E936234FF000004FF00001180000217A
S31500008F200346C7F8D030D7F8D420D7F8FC3013441E
S31500008F30C7F8D430D7F8D420D7F8FC309A4234BFDB
S31500008F4001230023DBB21A46D7F8D0301344C7F802
S31500008F50D030D7F8CC301A68D7F8D4301344C7F8D5
S31500008F60D430D7F8CC301A68D7F8D430934234BF0F
S31500008F7001230023DBB21A46D7F8D0301344C7F8D2
S31500008F80D030D7F8D030C7F8FC30D7F8CC20131D36
S31500008F90C7F8CC30D7F8D4301360D7F8C420131DE7
S31500008FA0C7F8C430136800223B647A64D7F82031CE
S31500008FB00022C7F8B030C7F8B420D7E910010B4635
S31500008FC0D7F8B02002FB03F2D7F8B43084460CFB86
S31500008FD003F313440246D7F8B010A2FB01217967C8
S31500008FE03A677A6F13447B67D7E91C23C7E93623B0
S31500008FF0C7E93623D7F8D830C7F8D430D7E93623AF
S315000090004FF000004FF00001180000210346C7F89A
S31500009010D030D7F8D420D7F8FC301344C7F8D43072
S31500009020D7F8D420D7F8FC309A4234BF0123002366
S31500009030DBB21A46D7F8D0301344C7F8D030D7F889
S31500009040CC301A68D7F8D4301344C7F8D430D7F8E0
S31500009050CC301A68D7F8D430934234BF01230023AA
S31500009060DBB21A46D7F8D0301344C7F8D030D7F859
S31500009070D030C7F8FC30D7F8CC20131DC7F8CC3059
S31500009080D7F8D4301360D7F8C420131DC7F8C430FE
S3150000909013680022BB63FA63D7F820310022C7F8B1
S315000090A0A830C7F8AC20D7E90E010B46D7F8A820A0
S315000090B002FB03F2D7F8AC3084460CFB03F31344EF
S315000090C00246D7F8A810A2FB0121F966BA66FA6E25
S315000090D01344FB66D7E91A23C7E93623C7E93623C3
S315000090E0D7F8D830C7F8D430D7E936234FF0000088
S315000090F04FF00001180000210346C7F8D030D7F81A
S31500009100D420D7F8FC301344C7F8D430D7F8D4208D
S31500009110D7F8FC309A4234BF01230023DBB21A464B
S31500009120D7F8D0301344C7F8D030D7F8CC301A6807
S31500009130D7F8D4301344C7F8D430D7F8CC301A68EF
S31500009140D7F8D430934234BF01230023DBB21A464A
S31500009150D7F8D0301344C7F8D030D7F8D030C7F896
S31500009160FC30D7F8CC20131DC7F8CC30D7F8D43054
S315000091701360D7F8C420131DC7F8C4301368002243
S315000091803B637A63D7F820310022C7F8A030C7F8CE
S31500009190A420D7E90C010B46D7F8A02002FB03F266
S315000091A0D7F8A43084460CFB03F313440246D7F8E1
S315000091B0A010A2FB012179663A667A6E13447B669B
S315000091C0D7E91823C7E93623C7E93623D7F8D830B5
S315000091D0C7F8D430D7E936234FF000004FF000012E
S315000091E0180000210346C7F8D030D7F8D420D7F8A6
S315000091F0FC301344C7F8D430D7F8D420D7F8FC3065
S315000092009A4234BF01230023DBB21A46D7F8D03086
S315000092101344C7F8D030D7F8CC301A68D7F8D43012
S315000092201344C7F8D430D7F8CC301A68D7F8D430FE
S31500009230934234BF01230023DBB21A46D7F8D0305D
S315000092401344C7F8D030D7F8D030C7F8FC30D7F879
S31500009250CC20131DC7F8CC30D7F8D4301360D7F81C
S31500009260C420131DC7F8C43013680022BB62FA621B
S31500009270D7F820310022C7F89830C7F89C20D7E9E4
S315000092800A010B46D7F8982002FB03F2D7F89C3068
S3150000929084460CFB03F313440246D7F89810A2FB4E
S315000092A00121F965BA65FA6D1344FB65D7E9162302
S315000092B0C7E93623C7E93623D7F8D830C7F8D430FC
S315000092C0D7E936234FF000004FF0000118000021C7
S315000092D00346C7F8D030D7F8D420D7F8FC3013446B
S315000092E0C7F8D430D7F8D420D7F8FC309A4234BF28
S315000092F001230023DBB21A46D7F8D0301344C7F84F
S31500009300D030D7F8CC301A68D7F8D4301344C7F821
S31500009310D430D7F8CC301A68D7F8D430934234BF5B
S3150000932001230023DBB21A46D7F8D0301344C7F81E
S31500009330D030D7F8D030C7F8FC30D7F8CC20131D82
S31500009340C7F8CC30D7F8D4301360D7F8C420131D33
S31500009350C7F8C430136800223B627A62D7F820311E
S315000093600022C7F89030C7F89420D7E908010B46C9
S31500009370D7F8902002FB03F2D7F8943084460CFB12
S3150000938003F313440246D7F89010A2FB0121796536
S315000093903A657A6D13447B65D7E91423C7E936230A
S315000093A0C7E93623D7F8D830C7F8D430D7E93623FB
S315000093B04FF000004FF00001180000210346C7F8E7
S315000093C0D030D7F8D420D7F8FC301344C7F8D430BF
S315000093D0D7F8D420D7F8FC309A4234BF01230023B3
S315000093E0DBB21A46D7F8D0301344C7F8D030D7F8D6
S315000093F0CC301A68D7F8D4301344C7F8D430D7F82D
S31500009400CC301A68D7F8D430934234BF01230023F6
S31500009410DBB21A46D7F8D0301344C7F8D030D7F8A5
S31500009420D030C7F8FC30D7F8CC20131DC7F8CC30A5
S31500009430D7F8D4301360D7F8C420131DC7F8C4304A
S3150000944013680022BB61FA61D7F820310022C7F801
S315000094508830C7F88C20D7E906010B46D7F8882054
S3150000946002FB03F2D7F88C3084460CFB03F313445B
S315000094700246D7F88810A2FB01AB5B449B46C7E9BE
S3150000948036ABC7E936ABD7F8D830C7F8D430D7E90A
S3150000949036234FF000004FF000011800002103466C
S315000094A0C7F8D030D7F8D420D7F8FC301344C7F823
S315000094B0D430D7F8D420D7F8FC309A4234BF0123F1
S315000094C00023DBB21A46D7F8D0301344C7F8D030A1
S315000094D0D7F8CC301A68D7F8D4301344C7F8D4304C
S315000094E0D7F8CC301A68D7F8D430934234BF01236A
S315000094F00023DBB21A46D7F8D0301344C7F8D03071
S31500009500D7F8D030C7F8FC30D7F8CC20131DC7F8F1
S31500009510CC30D7F8D4301360D7F8C420131DC7F861
S31500009520C430136800223B617A61D7F820310022EB
S31500009530C7F88030C7F88420D7E904010B46D7F86E
S31500009540802002FB03F2D7F8843084460CFB03F339
S3150000955013440246D7F88010A2FB01894B44994672
S31500009560C7E93689C7E93689D7F8D830C7F8D4307D
S31500009570D7E936234FF000004FF000011800002114
S315000095800346C7F8D030D7F8D420D7F8FC301344B8
S31500009590C7F8D430D7F8D420D7F8FC309A4234BF75
S315000095A001230023DBB21A46D7F8D0301344C7F89C
S315000095B0D030D7F8CC301A68D7F8D4301344C7F86F
S315000095C0D430D7F8CC301A68D7F8D430934234BFA9
S315000095D001230023DBB21A46D7F8D0301344C7F86C
S315000095E0D030D7F8D030C7F8FC30D7F8CC20131DD0
S315000095F0C7F8CC30D7F8D4301360D7F8F420531E10
S31500009600C7F8F430002A7FF452AC6DE0D7F8C430C6
S315000096101A1DC7F8C4201B680022BB60FA60D7F881
S31500009620203100223B607A60D7E902010B46D7E978
S315000096300089424602FB03F24B4684460CFB03F3C9
S31500009640134402464146A2FB01452B441D46C7E989
S315000096503A45C7E93A45D7F8E830C7F8E430D7E9DC
S315000096603A014FF000024FF000030A0000231346B0
S31500009670C7F8E030D7F8E420D7F8FC301344C7F831
S31500009680E430D7F8E420D7F8FC309A4234BF0123FF
S315000096900023DBB21A46D7F8E0301344C7F8E030AF
S315000096A0D7F8CC301B68D7F8E4201344C7F8E43069
S315000096B0D7F8CC301B68D7F8E4209A4234BF012390
S315000096C00023DBB21A46D7F8E0301344C7F8E0307F
S315000096D0D7F8E030C7F8FC30D7F8CC301A1DC7F8F9
S315000096E0CC20D7F8E4201A60D7F8F0305A1EC7F815
S315000096F0F020002B8AD119E0D7F8CC301A68D7F8B9
S31500009700FC301A44D7F8CC301A60D7F8CC301B6836
S31500009710D7F8FC209A428CBF01230023DBB2C7F89E
S31500009720FC30D7F8CC300433C7F8CC30D7F8F83053
S315000097305A1EC7F8F820002BDED1D7F8FC301846A1
S3150000974007F58277BD46BDE8B00F704780B485B097
S3150000975000AF78607B681B68FB607B681B68023320
S315000097605B0003F00803FA681344FB602023BB6028
S315000097700DE07B681B68FA6802FB03F3C3F1020283
S31500009780FB6802FB03F3FB60BB685B08BB60BB685E
S31500009790072BEED8FB685B4218461437BD4680BCE3
S315000097A0704780B58CB002AFF860B9607A603B60F4
S315000097B07B6BDB0004331A460021F86B03F0F9FDDE
S315000097C000237B6229E07B6A9B00BA6813441B680E
S315000097D0BB61FB6B1A687B681B68B96901FB03F305
S315000097E01A44BB6B02FB03F37B617B6B991CBB6961
S315000097F000933B687A68F86BFFF72DFB7B6B991C2F
S315000098007B6900937B6B3A6BF86BFFF724FBFB6B72
S315000098100433FB637B6A01337B627A6A7B6B9A4211
S31500009820D1D37B6B9B00FA6B13441B683B627B6B4B
S315000098303A6BF96BF868FFF7C6FAF8613A6AFB69A2
S3150000984053401846FEF7C4FF7B6B9B000093002332
S31500009850FA6BF96800F0ACFA00BF2837BD4680BD48
S3150000986080B584B000AF786039606FF06D03FB603F
S3150000987001217868FDF7C6FEF860FB68002B1DD154
S315000098803B68DB889B0119467868FDF76FFFF86037
S31500009890FB68002B12D13A6879687868FEF7D8FD24
S315000098A0F860FB68002B09D13B68DB8819467868AD
S315000098B0FDF79DFDF860FB68002B00BFFB681846AE
S315000098C01037BD4680BD80B586B000AFF860B96080
S315000098D07A603B6000237B6112E0396A7869FEF7A3
S315000098E0CDFF38613B697A68B968F868FFF74BF8CD
S315000098F07B6901337B617B689B00BA681344BB605C
S315000099007A693B689A42E8D300BF00BF1837BD4664
S3150000991080BD80B483B000AF78607B684F2B01D9DF
S31500009920032300E0012318460C37BD4680BC704770
S3150000993080B588B000AF786039603B685B01184637
S31500009940FFF7E7FFF8610122FB6902FA03F3BB6147
S31500009950BB697A6802FB03F37B617B683B617B68CA
S315000099605B000133FB607A693B691A44FB68134468
S3150000997018462037BD4680BD80B58CB004AFF86070
S31500009980B9607A603B607B689B001A460021386BA1
S3150000999003F00FFD3B6B01221A607B6B03933B6860
S315000099A002937B680193BB6800937B68BA6A396B44
S315000099B0386BFFF7F6FE7B689B003A6B13447B61BE
S315000099C07B689B001A46F968786903F078FD7B6925
S315000099D0FB610223BB6117E07B689B00FA691344B5
S315000099E03B617B6B03933B6802937B680193BB6887
S315000099F000937B687A69F9693869FFF7D2FE3B699B
S31500009A00FB61BB690133BB61BA69FB6A9A42E3D366
S31500009A1000BF00BF2037BD4680BD80B586B000AF11
S31500009A20F860B9607A603B607B68B3F12A3F13D176
S31500009A30B968F868FEF73DFF78617B69002B01D1B4
S31500009A4001237B617B695A093B681A607B6903F0D5
S31500009A501F023B6A1A6005E03B68BA681A603B6AF7
S31500009A6000221A6000BF1837BD4680BD80B586B09B
S31500009A7002AFF860B9607A603B60FB69B3F12A3FD8
S31500009A800DD1BB697A6802FB03F39B00BA68D11853
S31500009A907B689B001A46F86803F011FD07E0BB6976
S31500009AA000933B687A68B968F868FFF70CFF00BF57
S31500009AB01037BD4680BD80B594B004AFF860B9607C
S31500009AC07A603B60FB6C7B6100233B6107F114020B
S31500009AD007F11003009313463A6DF96CB86CFFF763
S31500009AE09CFF7B695B011846FFF713FF7863012231
S31500009AF07B6B02FA03F33B633B6B3A6802FB03F3AF
S31500009B00FB623B68BB62BB6D7B62FB6A9B007A6A49
S31500009B1013443B62BB6A9B003A6A1344FB61786854
S31500009B20FFF714FEB861FB6903937B6A02933B6BF4
S31500009B3001937B6D0093BB693A687968B868FFF753
S31500009B401BFF3B689B001A46796AF86803F0B7FC6E
S31500009B500023FB630023BB63FB690393BB6902938A
S31500009B603B6801937B6800933B68FA68F968F8687C
S31500009B70FFF717FE3B69002B05D17B69013B7B6133
S31500009B801F233B6102E03B69013B3B61FB6B0133F9
S31500009B90FB63BB6B5B00BB637B699B00BA6C1344C6
S31500009BA01A683B6922FA03F303F00103BA6B134305
S31500009BB0BB63FA6B7B6B9A4205D03B69002B1ED1C7
S31500009BC07B69002B1BD13B6D0193BB6B00933B6BF9
S31500009BD03A68796A386AFFF749FFFB690393BB69FC
S31500009BE002933B6801937B6800933B683A6AF96885
S31500009BF0F868FFF7D6FD0023BB630023FB633B69D0
S31500009C00002BA9D17B69002BA6D100BF00BF40372E
S31500009C10BD4680BD80B58AB006AFF860B9607A608F
S31500009C203B607B6A04933B6A039300230293FB69C0
S31500009C300193BB6900933B687A68B968F868FFF7D7
S31500009C403AFF00BF1037BD4680BD80B58AB006AF6B
S31500009C50F860B9607A603B607B6A04933B6A039361
S31500009C604FF02A330293FB690193BB6900933B686B
S31500009C707A68B968F868FFF71EFF00BF1037BD465F
S31500009C8080BD80B489B000AFF860B9607A603B608F
S31500009C900023FB611AE0FB699B00BA6813441B684A
S31500009CA0BB61BA697B68D31A7B617A69BB699A42E0
S31500009CB08CBF01230023DBB27B60FB699B00FA6843
S31500009CC013447A691A60FB690133FB61FA693B68E0
S31500009CD09A42E0D37B6818462437BD4680BC70475D
S31500009CE080B586B000AF786039607B68FB60002382
S31500009CF07B6100233B610AE03B699B00FA681344E1
S31500009D001B687A6913437B613B6901333B613A699E
S31500009D103B689A42F0D37869FEF75AFD0346184627
S31500009D201837BD4680BD80B588B004AFF860B9600D
S31500009D307A603B603B6A0393BB6902933B6801937D
S31500009D407B6800933B68FA69B968F868FFF729FDF4
S31500009D5000BF1037BD4680BD80B58AB004AFF8603D
S31500009D60B9607A603B6001237B6107F114027B6A6C
S31500009D7003933B6A02933B6801937B68009301233C
S31500009D80B968F868FFF70DFD00BF1837BD4680BDFE
S31500009D9080B483B000AF7860044B1A687B68534088
S31500009DA018460C37BD4680BC704700BF142C0020F7
S31500009DB080B590B000AFF860B9607A603B60FB6830
S31500009DC0BB63F868FFF7E4FF0346DB437B633B684E
S31500009DD0002B01D1BB683B600023FB6330E07A684F
S31500009DE0FB6B13443B6207F11C030422396A1846D5
S31500009DF003F065FBFB69BA6B13403B633A68FB6B88
S31500009E0013447B6207F118030422796A184603F0AB
S31500009E1056FBBB697A6B1340FB62BA68FB6B1A444C
S31500009E20396BFB6A0B43BA627B6107F114030422A8
S31500009E301946B86A03F043FB00BFFB6B0433FB63B0
S31500009E40FB6B0433BA6C9A42C9D218E07A68FB6B92
S31500009E5013441A78BB6BDBB21340D9B23A68FB6B7A
S31500009E6013441A787B6BDBB21340DAB2B868FB6B2B
S31500009E7003440A43D2B21A70FB6B0133FB63FA6BDD
S31500009E80BB6C9A42E2D300BF00BF4037BD4680BDDF
S31500009E9080B487B000AFF860B9607A60FB681B6871
S31500009EA0BA68D31A002B02DC6FF05F0350E0FB6840
S31500009EB01B681B785BB2002B09DBFB681B68591C0F
S31500009EC0FA6811601B781A467B681A6034E0FB68F2
S31500009ED01B681B7803F07F037B617B69002B02D034
S31500009EE07B69042B02DD6FF0630331E0FB681B68BE
S31500009EF0BA68D31A7A699A4202DB6FF05F0327E0E9
S31500009F007B6800221A60FB681B685A1CFB681A6093
S31500009F100DE07B681B681B02FA68126812781A4308
S31500009F207B681A60FB681B685A1CFB681A607B69B1
S31500009F305A1E7A61002BECD17B681B68FA6812689E
S31500009F40B9688A1A934202D96FF05F0300E00023D2
S31500009F5018461C37BD4680BC704780B584B000AF3C
S31500009F60F860B9607A603B60FB681B68BA68D31A10
S31500009F70002B02DC6FF05F0314E0FB681B681B78A4
S31500009F801A463B68934202D06FF061030AE0FB6811
S31500009F901B685A1CFB681A607A68B968F868FFF78C
S31500009FA077FF034618461037BD4680BD80B586B09C
S31500009FB000AFF860B9607A606FF06D037B6107F1FE
S31500009FC010020223B968F868FFF7C7FF78617B695A
S31500009FD0002B01D07B690EE0FB681B683A691946C5
S31500009FE07868FDF780FB7861FB681A683B691A445C
S31500009FF0FB681A607B6918461837BD4680BD0000AD
S3150000A00080B483B000AF0346FB71FB79092B01D105
S3150000A010034B00E0002318460C37BD4680BC704752
S3150000A02074ED0000014B1B68184700BF1C0400209C
S3150000A030014B1B68184700BF18040020024B18602C
S3150000A040024B0020196070471C04002018040020F1
S3150000A05010B50A46044619B1024B00211B68984701
S3150000A06010BD00BF78ED000010B5044608B1FFF73B
S3150000A070EFFF2046BDE81040FFF7DABF80B483B09B
S3150000A08000AF074B1B687B600023BA8862F30F039F
S3150000A090FA8862F31F4318460C37BD4680BC7047EA
S3150000A0A07CED000080B400AF23F00103022262F3CE
S3150000A0B0420343F0080303F00F031846BD4680BC75
S3150000A0C07047000080B400AF024B1B681846BD46BF
S3150000A0D080BC7047182C002080B588B000AF78602F
S3150000A0E0314A137843F0010313702F4A137843F073
S3150000A0F0020313702D492E4801F098FFF861FB69A1
S3150000A1000E2B07D12A4802F06BF82849284801F09F
S3150000A1108DFFF861FB69002B07D0234A137823F0E3
S3150000A120010313704FF0FF3339E007F108031946B6
S3150000A1301F4802F039F80346002B0AD01C4802F0EB
S3150000A1404FF8194A137823F0010313704FF0FF33C9
S3150000A15025E0FA68BB6803F18053013B1B011344F9
S3150000A1609B68BB61BB69B3F5004F0AD0104802F08B
S3150000A17037F80D4A137823F0010313706FF00403C8
S3150000A1800DE0094A137823F001031370064A137889
S3150000A19023F002031370044B01221A7100231846A0
S3150000A1A02037BD4680BD00BF182C00206CEE000095
S3150000A1B0E430002080B500AF064B1B79002B05D09C
S3150000A1C0054802F00DF8034B00221A7100231846C9
S3150000A1D080BD00BF182C0020E430002080B483B07E
S3150000A1E000AF0346FB71FB79012B02DC002B04DA7E
S3150000A1F006E0022B04D1002304E06FF0030301E024
S3150000A2006FF0040318460C37BD4680BC704700004B
S3150000A21080B584B000AFF860B9607A60BB68002B87
S3150000A22002D07B68002B02D16FF0040319E0FA68B4
S3150000A2307B681344B3F5801F02D96FF0040310E066
S3150000A2400A4A137843F001031370FB687A681946CB
S3150000A250B86803F034F9054A137823F00103137044
S3150000A260002318461037BD4680BD00BF182C0020BD
S3150000A27080B586B000AFF860B9607A60BB68002B25
S3150000A28002D07B68002B02D16FF0040331E0FA683C
S3150000A2907B681344B3F5801F02D96FF0040328E0EE
S3150000A2A0164B1B79002B02D14FF0FF3321E0134AE6
S3150000A2B0137843F001031370104A137823F0020356
S3150000A2C01370B9687B68FA680D4801F0FFFE786183
S3150000A2D00A4A137823F0010313707B69002B07D019
S3150000A2E0064A137843F0020313704FF0FF3300E081
S3150000A2F0002318461837BD4680BD00BF182C002025
S3150000A300E430002080B584B000AF78607B68B3F598
S3150000A310801F04D27B68C3F30E03002B02D06FF0BC
S3150000A320040329E0164B1B79002B02D14FF0FF33B3
S3150000A33022E0134A137843F001031370104A13788E
S3150000A34023F0020313700123FB60FA6879680D4855
S3150000A35001F0E7FEB8600A4A137823F00103137090
S3150000A360BB68002B07D0064A137843F0020313702C
S3150000A3704FF0FF3300E0002318461037BD4680BD7E
S3150000A380182C0020E430002080B582B000AF0023F6
S3150000A3907B600CE07868FFF7B5FF0346002B02D020
S3150000A3A04FF0FF3308E07B6803F500437B607B6872
S3150000A3B0B3F5801FEED3002318460837BD4680BD8F
S3150000A3C080B400AF024B1846BD4680BC704700BF44
S3150000A3D080ED000080B582B000AF78607868FFF746
S3150000A3E07BFE034618460837BD4680BD80B400AFE5
S3150000A3F000231846BD4680BC7047000080B584B077
S3150000A40000AFF860B9607A60BB68002B02D07B6849
S3150000A410002B02D16FF004031DE0FB68B3F1006F5F
S3150000A42005D3FA687B6813440D4A934202D96FF04C
S3150000A430040310E00B4A137843F001031370FB6822
S3150000A4407A681946B86803F03AF8064A137823F092
S3150000A45001031370002318461037BD4680BD00BFA8
S3150000A46000200008182C002080B586B000AFF860E8
S3150000A470B9607A60BB68002B02D07B68002B02D1E2
S3150000A4806FF0040335E0FB68B3F1006F05D3FA689B
S3150000A4907B681344194A934202D96FF0040328E0FB
S3150000A4A0174B1B79002B02D14FF0FF3321E0144AE2
S3150000A4B0137843F001031370114A137823F0020353
S3150000A4C01370B9687B68FA680E4801F0FFFD786181
S3150000A4D00B4A137823F0010313707B69002B07D016
S3150000A4E0074A137843F0020313704FF0FF3300E07E
S3150000A4F0002318461837BD4680BD00BF002000085F
S3150000A500182C0020E430002080B584B000AF7860BD
S3150000A5107B68B3F1006F08D37B681C4A934204D270
S3150000A5207B6803F03F03002B02D06FF0040329E0A1
S3150000A530174B1B79002B02D14FF0FF3322E0144A50
S3150000A540137843F001031370114A137823F00203C2
S3150000A55013700123FB60FA6879680E4801F0E1FD8B
S3150000A560B8600B4A137823F001031370BB68002B05
S3150000A57007D0074A137843F0020313704FF0FF33F6
S3150000A58000E0002318461037BD4680BD00200008B5
S3150000A590182C0020E430002080B582B000AF4FF0C8
S3150000A5A000637B600BE07868FFF7AEFF0346002B85
S3150000A5B002D04FF0FF3307E07B6840337B607B6857
S3150000A5C0034A9342EFD3002318460837BD4680BDA1
S3150000A5D00020000880B400AF024B1846BD4680BC80
S3150000A5E0704700BF98ED000080B582B000AF78607C
S3150000A5F039607B68002B02D03B68002B01D1002319
S3150000A60005E03A687968002000F09CF90346184690
S3150000A6100837BD4680BD80B584B000AFF860B9602C
S3150000A6207A607B681946B868FFF7DEFF034618466E
S3150000A6301037BD4680BD000080B500AF00F0A8F918
S3150000A640024B01221A7000BF80BD00BF202C0020E3
S3150000A65080B400AF034B00221A7000BFBD4680BC19
S3150000A660704700BF202C002080B483B000AF244B7D
S3150000A6703B603B6803221A613B6803225A613B68D0
S3150000A680204A9A613B68204ADA613B684FF480624F
S3150000A6901A623B6800229A623B6800225A623B6853
S3150000A6A00222DA623B68174A1A663B68174A5A66FC
S3150000A6B03B6810229A663B6800221A673B680022B4
S3150000A6C0DA663B6802225A67BFF35F8F00237B601E
S3150000A6D00CE07B68C3F10F030D4AD15C3A687B68D6
S3150000A6E013440A461A707B6801337B607B680F2B24
S3150000A6F0EFD9BFF35F8F00BF0C37BD4680BC7047F4
S3150000A700242C002008EE0000CC2C0020CC300020A9
S3150000A71014EE000080B58AB000AFF860B9607A60C8
S3150000A72000233B62FB68DB68FB61FB681B69BB615E
S3150000A730BA69FB699A4205D9BA69FB69D31A013B22
S3150000A7407B6207E0FB689A68B969FB69CB1A134418
S3150000A750013B7B62FB689A68FB69D31A7A6A93426B
S3150000A76028BF13467B627A6A7B68934228BF1346EA
S3150000A7707B62FB685A68FB6913447B617A6AB96835
S3150000A780786902F09CFE3A6A7B6A13443B62BA68B7
S3150000A7907B6A1344BB607A687B6AD31A7B60FA696A
S3150000A7A07B6A1344FB61FB689B68FA699A4201D194
S3150000A7B00023FB61BFF35F8FFB68FA69DA607B6891
S3150000A7C0002BB2D13B6A18462837BD4680BD80B5FE
S3150000A7D088B000AFF860B9607A60FB68DB68FB613F
S3150000A7E0FB689A68FB69D31ABB61BA697B689A42AF
S3150000A7F011D9FB685A68FB6913443B617A68B968EA
S3150000A800386902F05CFEBFF35F8FFA697B681A4411
S3150000A810FB68DA601FE0BB697B61FB685A68FB690D
S3150000A82013443B617A69B968386902F048FE7A6870
S3150000A830BB69D31A7B61FB685B683B61BA68BB691D
S3150000A84013447A691946386902F039FEBFF35F8FFF
S3150000A850FB687A69DA6000BF2037BD4680BD80B4E8
S3150000A86087B000AF78607B681B693B617B68DB68FB
S3150000A870FB603A69FB689A4208D87B689A68FB686D
S3150000A880D21A3B691344013B7B6104E03A69FB68D9
S3150000A890D31A013B7B617B6918461C37BD4680BCD9
S3150000A8A07047000080B588B000AFF860B9607A6084
S3150000A8B0BB68BB61FB685A1C13465B001344DB0094
S3150000A8C01F4A13447B617B695B69022B29D0022BEB
S3150000A8D02ED8002B02D0012B13D029E07869FFF780
S3150000A8E0BEFF38613A697B689A4202D20023FB6157
S3150000A8F021E07B68FB617A68B9697869FFF767FFD1
S3150000A90019E07869FFF7ABFF38617A683B699342D3
S3150000A91028BF1346FB61FA69B9697869FFF757FFE3
S3150000A92009E07A68B9697869FFF7F4FEF86102E030
S3150000A9300023FB6100BFFB6918462037BD4680BD7A
S3150000A940242C002080B588B000AFF860B9607A602A
S3150000A9500E4BFB61FB691B78DBB2002B01D1FFF7C5
S3150000A96083FEEFF311834FF0200181F31188BB6161
S3150000A9707A68B968F868FFF795FF7861BB6983F371
S3150000A98011887B6918462037BD4680BD242C0020DF
S3150000A99080B500AFFFF768FE00BF80BD0020044908
S3150000A9A0044A521A043A01DB8850FBE7704700BF9D
S3150000A9B000040020A04E00200746FFF7EFFF00200E
S3150000A9C0014602460346044605460646804681463B
S3150000A9D08246834684468646384700BF80B584B0A3
S3150000A9E000AF0B4BFB60FB687B607B6883F30A88D8
S3150000A9F000BF084B9B6800209847B860BB68002BD7
S3150000AA0001D0012300E0002318461037BD4680BD63
S3150000AA10A0360020B0ED000080B400AF0023184639
S3150000AA20BD4680BC7047000080B586B000AF786038
S3150000AA30124BDB68984778617B69002B00D0FEE7F4
S3150000AA400F4A7B6813600023FB60FB6883F30A8868
S3150000AA5000BF0B4B1B681B683B613B6983F308888F
S3150000AA6000BFBFF34F8F00BFBFF36F8F00BF044B14
S3150000AA701B685B681846FFF79FFF00BFB0ED00003C
S3150000AA80DC30002080B483B000AF7860FEE780B48D
S3150000AA9083B000AF7860002318460C37BD4680BCF3
S3150000AAA0704780B483B000AF7860002318460C3737
S3150000AAB0BD4680BC704780B483B000AF7860012388
S3150000AAC018460C37BD4680BC704780B483B000AFD3
S3150000AAD07860012318460C37BD4680BC704780B5A8
S3150000AAE000AF00F0A1FA0346184680BD80B5AAB0B3
S3150000AAF000AFF860B9607A6007F198031946F86804
S3150000AB0001F0BAF8C7F89C00D7F89C30002B02D0A9
S3150000AB10D7F89C304DE0D7F89830802B28BF80239B
S3150000AB20C7F89830D7F8983007F118021946F86830
S3150000AB3000F03CFEC7F89C00D7F89C30002B02D0F2
S3150000AB40D7F89C3035E000237B610023C7F8A4309A
S3150000AB5021E0002387F8A33014E007F11802D7F8A4
S3150000AB60A43013441B781A4697F8A33042FA03F32D
S3150000AB7003F001027B6913447B6197F8A33001332C
S3150000AB8087F8A33097F8A330072BE6D9D7F8A43077
S3150000AB900133C7F8A430D7F89830D7F8A4209A42E2
S3150000ABA0D7D307F1140304221946786802F087FC0C
S3150000ABB000231846A837BD4680BD80B586B000AFD5
S3150000ABC00346B9607A60FB7300237B61BB68042B84
S3150000ABD002D04AF2C5330EE0FB7BC0339B00BA6855
S3150000ABE07968184600F0ACF978617B69002B01D0D2
S3150000ABF07B6900E0002318461837BD4680BD00007B
S3150000AC0080B584B000AFF860B9607A60BB68042B89
S3150000AC1002D043F65C2346E0FB68062B41D801A22E
S3150000AC2052F823F041AC00004FAC00005DAC0000D0
S3150000AC306BAC000079AC000087AC000095AC00005E
S3150000AC407A68B9680020FFF7B8FF03462BE07A68F8
S3150000AC50B9680120FFF7B1FF034624E07A68B968B6
S3150000AC600220FFF7AAFF03461DE07A68B9681020A4
S3150000AC70FFF73CFF034616E07A68B9681120FFF734
S3150000AC8035FF03460FE07A68B9681220FFF72EFFFA
S3150000AC90034608E07A68B9681320FFF727FF0346E2
S3150000ACA001E04CF25A3318461037BD4680BD00BF4E
S3150000ACB080B5A6B000AF7860396007F18C031946FD
S3150000ACC0786800F0D9FFC7F89000D7F89030002BCD
S3150000ACD002D0D7F890304EE0D7F88C30802B28BFC2
S3150000ACE08023C7F88C30D7F88C30DB003A689A425C
S3150000ACF002D945F2A3533EE007F10C03802200215E
S3150000AD00184602F056FB0023C7F894300BE007F113
S3150000AD100C02D7F894301344FF221A70D7F89430F7
S3150000AD200133C7F894303B68DB08D7F894209A4281
S3150000AD30EDD33B6803F00703012202FA03F3DBB20B
S3150000AD40013BD9B207F10C02D7F8943013440A46F6
S3150000AD501A70D7F88C3007F10C021946786800F0A3
S3150000AD6087FEC7F89000D7F89030002B02D0D7F8AE
S3150000AD70903000E0002318469837BD4680BD80B568
S3150000AD8084B000AF03463960FB710023FB60FB799A
S3150000AD90C0339B0007F108010422184600F0D0F8E2
S3150000ADA0F860FB68002B01D0FB681FE0BB68B3F1BD
S3150000ADB0FF3F02D145F2A35318E0BB683A689A42B6
S3150000ADC002D24AF2C53311E03B68BB60FB79C0335F
S3150000ADD09B0007F108010422184600F0ADFAF8605E
S3150000ADE0FB68002B01D0FB6800E0002318461037F3
S3150000ADF0BD4680BD80B584B000AF786039607B68A1
S3150000AE00062B3BD801A252F823F000BF29AE000062
S3150000AE1035AE000041AE00004DAE000059AE000058
S3150000AE2065AE000071AE000039680020FFF7A7FF8D
S3150000AE30F86026E039680120FFF7A1FFF86020E0FE
S3150000AE4039680220FFF79BFFF8601AE03968102086
S3150000AE50FFF72EFFF86014E039681120FFF728FF8E
S3150000AE60F8600EE039681220FFF722FFF86008E06C
S3150000AE7039681320FFF71CFFF86002E04CF25A33E2
S3150000AE8019E0FB68002B01D0FB6814E007F108030A
S3150000AE901A4604217868FFF7B3FEF860FB68002BBA
S3150000AEA001D0FB6807E0BB683A689A4202D043F6D5
S3150000AEB05C2300E0002318461037BD4680BD00BF66
S3150000AEC080B586B000AFF860B9607A607B681B68B1
S3150000AED0BA681946F86800F069FC78617B69002B4E
S3150000AEE001D07B690FE007F110031946F86800F0FE
S3150000AEF0C3FE78617B69002B01D07B6903E03A6968
S3150000AF007B681A60002318461837BD4680BD80B599
S3150000AF1084B000AF0346B9607A60FB73FB7B012BFC
S3150000AF2008D8FB7B0C337A68B9681846FFF7C8FF68
S3150000AF30034601E04AF2C53318461037BD4680BDC8
S3150000AF4080B58AB000AFF860B9607A60344B5B6850
S3150000AF50984703467B613B7DC3F34103DBB21A4648
S3150000AF60304B53F8223087F8273097F82720FB68B4
S3150000AF70B3FBF2F101FB02F29B1A002B02D04AF25C
S3150000AF80C53348E07B683B620023FB613B6A002BCC
S3150000AF9012D0234B5B69FA6802F1006097F827200C
S3150000AFA07968B1FBF2F2B9689847B861BB69002BC2
S3150000AFB002DA43F65C232EE097F827307A68B2FB74
S3150000AFC0F3F397F8272002FB03F3FA691344FB61B6
S3150000AFD03A6AFB69D31A3B623B6A002B1AD0104BC4
S3150000AFE05B69F968FA690A4402F1006007F1100129
S3150000AFF001229847B861BB69002B02DA43F65C234D
S3150000B00009E0BA68FB69134407F110013A6A184669
S3150000B01002F055FA002318462837BD4680BD00BF0A
S3150000B020DCED000028EE000080B584B000AF002300
S3150000B030FB60304B9B68002098470346FB60FB682B
S3150000B040002B02D043F65C2350E007F108030422EC
S3150000B05019460020FFF774FFF860FB68002B01D04B
S3150000B060FB6843E03B1D042219464FF44370FFF78B
S3150000B07067FFF860FB68002B01D0FB6836E0BB6811
S3150000B0801D4A934206D17B68002B03D07B68B3F13F
S3150000B090FF3F03D100F0AAFAF86026E03B460422FF
S3150000B0A0194640F60C30FFF74BFFF860FB68002BA3
S3150000B0B001D0FB681AE03B68002B0ED03B68B3F169
S3150000B0C0FF3F0AD03A687B689A4206D33B6813F181
S3150000B0D0020F0AD17B68012B07D100F0CBF8F8608C
S3150000B0E0FB68002B01D0FB6800E0FB6818461037B0
S3150000B0F0BD4680BDDCED00001281DEC080B483B0A9
S3150000B10000AF786039607B683A68B3FBF2F2396861
S3150000B11001FB02F29B1A7A68D31A18460C37BD4611
S3150000B12080BC704780B483B000AF786039607A68BD
S3150000B1303B681A4479683B680B44013B3968B3FBAA
S3150000B140F1F1386800FB01F15B1AD31A013B18468E
S3150000B1500C37BD4680BC704780B584B000AF7860C0
S3150000B16039600023FB607B6803F03F03002B02D0AD
S3150000B1704AF2C5331BE040217868FFF7BFFFB8608D
S3150000B1800EE00D4BDB69B86898470346FB60FB6829
S3150000B190002B02D043F65C2309E0BB684033BB605A
S3150000B1A07A683B681344BA689A42EAD3FB68184641
S3150000B1B01037BD4680BD00BFDCED000080B58AB00B
S3150000B1C000AFF860B9607A607B683B62264B5B68CB
S3150000B1D0984703463B613B7CC3F34103DBB21A4607
S3150000B1E0224B53F82230FB7700237B6232E07B6AE6
S3150000B1F001333A6A9A4203D23A6A7B6AD31A00E06A
S3150000B2000123BB61184B5B69F9687A6A8818FA7F73
S3150000B210B969B1FBF2F21649984778617B69002B50
S3150000B22002DA43F65C231AE00F4B9B69B9687A6A27
S3150000B2308818FA7FB969B1FBF2F20D49984778612F
S3150000B2407B69002B02DA43F65C2308E07A6ABB6965
S3150000B25013447B627A6A3B6A9A42C8D30023184633
S3150000B2602837BD4680BD00BFDCED000028EE00009B
S3150000B270E030002080B582B000AF00237B604FF441
S3150000B28000614FF00820FFF767FF78607B68002BAE
S3150000B29001D07B6809E04FF400624FF008214FF0BF
S3150000B2A00060FFF78BFF78607B6818460837BD465D
S3150000B2B080BD80B586B000AFF860B9607A603B604B
S3150000B2C0FA68BB6813443A689A422FD23A683B6AD6
S3150000B2D01344FA689A4229D2FA683B689A4202D91C
S3150000B2E0FB687B6101E03B687B61FA68BB681A44D6
S3150000B2F039683B6A0B449A4204D93A683B6A13445C
S3150000B3003B6103E0FA68BB6813443B617A693B68BA
S3150000B310D31A7A6AD0187A69FB68D31A7A68D11870
S3150000B3203A697B69D31A1A4602F0C9F8002318460F
S3150000B3301837BD4680BD000080B594B002AFF860F6
S3150000B340B9607A600023BB6304237B634021F868FD
S3150000B350FFF7D4FE3863FA687B6813444021184629
S3150000B360FFF7E0FE386440214FF44370FFF7C6FE56
S3150000B370F86201214FF44370FFF7C0FEB8623B6CE0
S3150000B380B3F5006F02D943F65C2303E1834B5B6898
S3150000B390984703467B613B7DC3F34103DBB21A4604
S3150000B3A07F4B53F8223087F827307C4B5B6997F840
S3150000B3B027200421B1FBF2F2D2B207F11801794835
S3150000B3C098470346BB63BB690133BB61BB69B3F1F5
S3150000B3D0FF3F01D10123BB613A6CFB6A9A420CD84C
S3150000B3E0FB6A03F1006340211846FFF7B5FEB86318
S3150000B3F0BB6B002B01D0BB6BCCE03B6B03F1006059
S3150000B4003A6C3B6BD31A1946FFF7A6FEB863BB6BC3
S3150000B410002B01D0BB6BBDE03A6CBB6A9A4201D9E6
S3150000B420BB6A3B643B6BFB6347E0FB6B01333A6CE7
S3150000B4309A4202D301237B6403E03A6CFB6BD31A76
S3150000B4407B64564B5B69FA6B02F1082097F827205C
S3150000B450796CB1FBF2F2544998470346BB63524BF1
S3150000B46001937B6C0093FB6BBA687968F868FFF709
S3150000B47020FFB863BB6B002B01D0BB6B8AE097F84B
S3150000B48027307A6CB2FBF3F3FB61444B9B69FA6B92
S3150000B49002F10060FA69444998470346BB63BB6BF7
S3150000B4A0002B06D0BA6BFB699A4202D043F65C23A6
S3150000B4B070E0FA6B7B6C1344FB63FA6B3B6C9A424D
S3150000B4C0B3D33A6CBB6A9A4211D2FB6A03F10820E5
S3150000B4D0FB6A03F10061BA6AFB6AD31A1A46FFF7E0
S3150000B4E06DFEB863BB6B002B01D0BB6B52E02B4BE0
S3150000B4F05B69BA6A02F1082097F82720796BB1FBDD
S3150000B500F2F2294998470346BB63274B01937B6BAD
S3150000B5100093BB6ABA687968F868FFF7CAFEB86331
S3150000B520BB6B002B01D0BB6B34E007F118021E4B3E
S3150000B53001937B6B0093BB6A04214FF44370FFF7C2
S3150000B540B8FEB863BB6B002B01D0BB6B22E097F84B
S3150000B55027307A6BB2FBF3F33B62104B9B69BA6AF6
S3150000B56002F100603A6A104998470346BB63BB6B19
S3150000B570002B06D0BA6B3B6A9A4202D043F65C2394
S3150000B58008E0FFF777FEB863BB6B002B01D0BB6BFF
S3150000B59000E0BB6B18464837BD4680BDDCED0000B9
S3150000B5A028EE00000C0B0008E030002080B582B0C9
S3150000B5B000AF00237B604FF400614FF00060FFF79F
S3150000B5C0CBFD78607B68002B01D07B6809E04FF4E7
S3150000B5D000624FF000614FF00820FFF7EFFD786042
S3150000B5E07B6818460837BD4680BD000080B58AB026
S3150000B5F000AF00237B62504B5B68984703463B6075
S3150000B6003B78C3F34103DBB21A464C4B53F8223066
S3150000B610FB7707F10803042219464FF40060FFF791
S3150000B6208FFC78627B6A002B01D07B6A80E03B1D31
S3150000B6300422194640F60C30FFF782FC78627B6ADA
S3150000B640002B01D07B6A73E0BB683D4A93420ED162
S3150000B6507B68002B0BD07B68B3F1FF3F07D0FFF769
S3150000B660A5FF78627B6A002B61D07B6A60E04FF4AD
S3150000B67000614FF00060FFF76FFD78627B6A002B78
S3150000B68001D07B6A54E0012200212E4801F091FE90
S3150000B6904FF40063BB6100233B621BE03B6A01334E
S3150000B6A0BA699A4203D2BA693B6AD31A00E0012307
S3150000B6B07B61214B9B693A6A02F10060FA7F7969E6
S3150000B6C0B1FBF2F21F49984703467B623A6A7B69EF
S3150000B6D013443B623A6ABB699A42DFD3FFF7CAFD5D
S3150000B6E078627B6A002B01D07B6A21E0144B3B61B8
S3150000B6F007F11003042219460020FFF71DFE7862A9
S3150000B7007B6A002B02D043F65C2311E00123FB6029
S3150000B71007F10C03042219464FF44370FFF70CFEA1
S3150000B72078627B6A002B02D043F65C2300E07B6ADA
S3150000B73018462837BD4680BDDCED000028EE000027
S3150000B7401281DEC0E030002080B500AFFFF76CFC50
S3150000B7500346184680BD80B588B000AFF860B96072
S3150000B7607A603B600023FB6107F114031946F86811
S3150000B77000F082FAF861FB69002B01D0FB6911E049
S3150000B7807B697A68934228BF1346BB61BA693968F8
S3150000B790B868FFF7D5FBF861FB69002B01D0FB69A0
S3150000B7A000E0002318462037BD4680BD80B584B032
S3150000B7B000AFF860B9607A60FB681E2B00F2F48077
S3150000B7C001A252F823F000BF45B80000A9B9000055
S3150000B7D055B8000065B8000075B8000085B80000CF
S3150000B7E095B80000A5B80000B5B80000C5B80000BF
S3150000B7F0D5B80000E5B80000F5B8000007B90000AC
S3150000B80019B900002BB900003DB900004FB900007E
S3150000B81061B9000073B90000A9B90000A9B9000018
S3150000B820A9B90000A9B90000A9B90000A9B900008A
S3150000B830A9B90000A9B90000A9B9000085B900009E
S3150000B84097B900007B68BA680421F868FFF783FFA0
S3150000B8500346ABE07B68BA682421F868FFF77BFFF4
S3150000B8600346A3E07B68BA684421F868FFF773FFD4
S3150000B87003469BE07B68BA684821F868FFF76BFFD0
S3150000B880034693E07B68BA684C21F868FFF763FFCC
S3150000B89003468BE07B68BA686C21F868FFF75BFFAC
S3150000B8A0034683E07B68BA688C21F868FFF753FF8C
S3150000B8B003467BE07B68BA689021F868FFF74BFF88
S3150000B8C0034673E07B68BA68B021F868FFF743FF68
S3150000B8D003466BE07B68BA68D021F868FFF73BFF48
S3150000B8E0034663E07B68BA68F021F868FFF733FF28
S3150000B8F003465BE07B68BA684FF49071F868FFF71F
S3150000B9002AFF034652E07B68BA684FF4A071F868D4
S3150000B910FFF721FF034649E07B68BA684FF41871C8
S3150000B920F868FFF718FF034640E07B68BA684FF4F3
S3150000B9302071F868FFF70FFF034637E07B68BA68A7
S3150000B9404FF4B071F868FFF706FF03462EE07B68F8
S3150000B950BA684FF4D071F868FFF7FDFE034625E09C
S3150000B9607B68BA684FF4F071F868FFF7F4FE034697
S3150000B9701CE07B68BA684FF40871F868FFF7EBFEC5
S3150000B980034613E07B68BA684FF42871F868FFF73E
S3150000B990E2FE03460AE07B68BA684FF43871F8683D
S3150000B9A0FFF7D9FE034601E04CF25A33184610372A
S3150000B9B0BD4680BD80B598B000AFF860B9607A60CA
S3150000B9C03B600023BB6507F154031946F86800F095
S3150000B9D053F9B865BB6D002B01D0BB6D43E07B6DA1
S3150000B9E07A689A4202D94AF2C5333CE07B6D402B15
S3150000B9F002D94AF2C53336E007F114037A681946CC
S3150000BA00B868FFF79DFAB865BB6D002B01D0BB6D1A
S3150000BA1029E00023FB6516E007F11402FB6D1344D1
S3150000BA201A783968FB6D0B441B781343DAB2396810
S3150000BA30FB6D0B441B789A4202D04AF2C53312E0E2
S3150000BA40FB6D0133FB65FA6D7B689A42E4D37A6835
S3150000BA503968B868FFF770FCB865BB6D002B01D07C
S3150000BA60BB6D00E0002318466037BD4680BD000070
S3150000BA7080B584B000AFF860B9607A60FB681E2BB1
S3150000BA8000F2F48001A252F823F000BF09BB0000C7
S3150000BA906DBC000019BB000029BB000039BB0000CB
S3150000BAA049BB000059BB000069BB000079BB000020
S3150000BAB089BB000099BB0000A9BB0000B9BB000010
S3150000BAC0CBBB0000DDBB0000EFBB000001BC0000EB
S3150000BAD013BC000025BC000037BC00006DBC000094
S3150000BAE06DBC00006DBC00006DBC00006DBC0000AC
S3150000BAF06DBC00006DBC00006DBC00006DBC00009C
S3150000BB0049BC00005BBC00007B68BA680421F86889
S3150000BB10FFF750FF0346ABE07B68BA682421F8685C
S3150000BB20FFF748FF0346A3E07B68BA684421F8683C
S3150000BB30FFF740FF03469BE07B68BA684821F86838
S3150000BB40FFF738FF034693E07B68BA684C21F86834
S3150000BB50FFF730FF03468BE07B68BA686C21F86814
S3150000BB60FFF728FF034683E07B68BA688C21F868F4
S3150000BB70FFF720FF03467BE07B68BA689021F868F0
S3150000BB80FFF718FF034673E07B68BA68B021F868D0
S3150000BB90FFF710FF03466BE07B68BA68D021F868B0
S3150000BBA0FFF708FF034663E07B68BA68F021F86890
S3150000BBB0FFF700FF03465BE07B68BA684FF49071BD
S3150000BBC0F868FFF7F7FE034652E07B68BA684FF461
S3150000BBD0A071F868FFF7EEFE034649E07B68BA6895
S3150000BBE04FF41871F868FFF7E5FE034640E07B68FE
S3150000BBF0BA684FF42071F868FFF7DCFE034637E0B9
S3150000BC007B68BA684FF4B071F868FFF7D3FE034655
S3150000BC102EE07B68BA684FF4D071F868FFF7CAFE69
S3150000BC20034625E07B68BA684FF4F071F868FFF7C1
S3150000BC30C1FE03461CE07B68BA684FF40871F868D9
S3150000BC40FFF7B8FE034613E07B68BA684FF4287125
S3150000BC50F868FFF7AFFE03460AE07B68BA684FF460
S3150000BC603871F868FFF7A6FE034601E04CF25A3336
S3150000BC7018461037BD4680BD80B483B000AF7860EB
S3150000BC8039607B681E2B00F2958001A252F823F0E2
S3150000BC900DBD0000B5BD000015BD00001DBD0000B6
S3150000BCA025BD00002DBD000035BD00003DBD0000D6
S3150000BCB045BD00004DBD000055BD00005DBD000046
S3150000BCC065BD00006DBD000075BD00007DBD0000B6
S3150000BCD085BD00008DBD000095BD00009DBD000026
S3150000BCE0B5BD0000B5BD0000B5BD0000B5BD000086
S3150000BCF0B5BD0000B5BD0000B5BD0000B5BD000076
S3150000BD00B5BD0000A5BD0000ADBD00003B6820220A
S3150000BD101A6052E03B6820221A604EE03B6804221B
S3150000BD201A604AE03B6804221A6046E03B6820221B
S3150000BD301A6042E03B6820221A603EE03B6804221B
S3150000BD401A603AE03B6820221A6036E03B682022FF
S3150000BD501A6032E03B6820221A602EE03B683022EF
S3150000BD601A602AE03B6820221A6026E03B682022FF
S3150000BD701A6022E03B6820221A601EE03B682022FF
S3150000BD801A601AE03B6840221A6016E03B684022BF
S3150000BD901A6012E03B6840221A600EE03B684022BF
S3150000BDA01A600AE03B6840221A6006E03B682022DF
S3150000BDB01A6002E04CF25A3300E0002318460C37B2
S3150000BDC0BD4680BC704700BF80B400AF0023184654
S3150000BDD0BD4680BC704780B400AF00231846BD4600
S3150000BDE080BC704780B487B000AF0346FB71FB7917
S3150000BDF0FF2B01D1002315E00D4B1B6A7B61FB79FC
S3150000BE007A6922FA03F303F007033B617B691B0E91
S3150000BE1003F00703FB60074B1A68FB689A403B690F
S3150000BE2022FA03F318461C37BD4680BC704700BF94
S3150000BE3000E00140C804002080B400AF0B4B012293
S3150000BE40A3F80421094BB3F804319BB2002BF9D1B6
S3150000BE50064B0122A3F80021054B01229A60044BF0
S3150000BE6001221A6000BFBD4680BC704700C0014079
S3150000BE700070004080B483B000AF03463960FB71A8
S3150000BE8097F9073004493A6841F8232000BF0C3778
S3150000BE90BD4680BC704700BF3031002080B483B0FF
S3150000BEA000AF0346FB710B4997F9073003F1C00257
S3150000BEB051F8223023F4803341F82230054A97F9AD
S3150000BEC00730C03352F8233000BF0C37BD4680BC64
S3150000BED0704700BF0060004080B584B000AF0346E5
S3150000BEE0FB7197F907301846FFF7D8FFBFF35F8F4E
S3150000BEF000BF97F90730FB60FB6803F01F02074994
S3150000BF0097F907305B09012000FA02F2603341F825
S3150000BF10232000BF1037BD4680BD00BF00E100E012
S3150000BF2080B584B000AF0346B9607A60FB73BB6826
S3150000BF30DAB2094997F90F301201D2B20B4483F8ED
S3150000BF40002397F90F3079681846FFF793FF00BF73
S3150000BF501037BD4680BD00BF00E100E080B485B06B
S3150000BF6000AF0346FB7197F90730FB60FB6803F0EF
S3150000BF701F020649FB685B09012000FA02F241F83C
S3150000BF80232000BF1437BD4680BC704700E100E0A7
S3150000BF9080B582B000AF0346FB7197F907301846AB
S3150000BFA0FFF79AFF97F907301846FFF7D7FF00BF4C
S3150000BFB00837BD4680BD000080B485B000AF03469B
S3150000BFC0FB7197F90730FB60FB6803F01F020A4913
S3150000BFD097F907305B09012000FA02F2203341F895
S3150000BFE02320BFF34F8F00BFBFF36F8F00BF00BF8B
S3150000BFF01437BD4680BC704700E100E080B584B0D0
S3150000C00000AF0346B9607A60FB7397F90F307A6820
S3150000C010B9681846FFF784FF97F90F301846FFF7FF
S3150000C020B7FF00BF1037BD4680BD000080B584B0A5
S3150000C03000AF786039607B68FB600023BB60FB68FB
S3150000C0403A685A603B681B78002B23D03B685A68D5
S3150000C050FB681A643B68DA68FB689A64FB6800222E
S3150000C0605A64184B01221A763B6893F911003B6813
S3150000C0701B7CFA681946FFF7C1FF124B98221A7506
S3150000C0803B6893F913003B689B7CFA681946FFF7F7
S3150000C090B5FF05E00B4B00221A760A4B00221A75F3
S3150000C0A0F86800F02FF9B860BB68002B01D0BB68B8
S3150000C0B003E0FB68044A1A60BB6818461037BD46A1
S3150000C0C080BD00BF00E07F404E45504F80B586B032
S3150000C0D000AFF860B9607A603B60FB683B610023A3
S3150000C0E07B613B685A083B699A633B69BA681A6385
S3150000C0F03B697A685A633B69002283F83C207B6877
S3150000C100B3F1006F04D2386903F0A2FA786103E054
S3150000C110386900F0B1F878617B6918461837BD4672
S3150000C12080BD80B588B000AFF860B9607A60FB6802
S3150000C1307B610023FB617B69002283F83C20BB689E
S3150000C140B3F1006F1BD20023BB61BB6823F400135D
S3150000C150B3F5803F06D2BB6823F4FF5323F01F03D9
S3150000C160BB6105E0BB6823F4FF4323F07F03BB619B
S3150000C1707A68B969786903F0D9FAF8610EE0BB68A4
S3150000C18023F03F033B617A683969786900F056F914
S3150000C190F861FB69002B01D0FB6900E0FB691846DA
S3150000C1A02037BD4680BD000080B483B000AF786004
S3150000C1B039603B68084A92E8030083E803003B685D
S3150000C1C0064A083392E8030083E803000023184672
S3150000C1D00C37BD4680BC704754EE0000300400208A
S3150000C1E080B584B000AF78607B68FB600023BB60DD
S3150000C1F0FB6800221A60FB685B6893F91130002B1C
S3150000C20006DBFB685B6893F911301846FFF7D4FE2E
S3150000C2100B4B00221A76FB685B6893F91330002BF0
S3150000C22006DBFB685B6893F913301846FFF7C4FE1C
S3150000C230034B00221A75BB6818461037BD4680BDF1
S3150000C24000E07F4080B483B000AF084B7B607B6822
S3150000C2501B6803F00703072B01D1054B00E0054BD4
S3150000C26018460C37BD4680BC704700BF90A200013F
S3150000C27090A1000110A2000180B586B000AF7860E1
S3150000C28000237B61786800F02FF978617B69002BC9
S3150000C29001D07B6932E07B685B681B78002B06D097
S3150000C2A07B68012283F83C2000233B6102E07B6827
S3150000C2B0DB683B613A690421786803F091F878619C
S3150000C2C07B685B681B78002B01D07B6916E018221F
S3150000C2D04FF48051786903F0FFF878617B689B6BB7
S3150000C2E0002B02D07B69002BE4D002F05BFFF860E4
S3150000C2F07B69002B01D1FB687B617B691846183787
S3150000C300BD4680BD80B586B000AF78607B680022F0
S3150000C31083F83C201C20FFF765FD78611820FFF7A5
S3150000C32061FD38613E4B012283F816247B693D4A44
S3150000C330934202D84FF4FB736EE07B6903F57423D6
S3150000C34003F23F23384AA2FB03239B0CFB603B69A5
S3150000C35003F5742303F23F23334AA2FB03239B0C0A
S3150000C360BB60FB689BB2314A03F5F0539BB2A2F85F
S3150000C370E430BB6843F6B85202FB03F32C4AA2FB37
S3150000C38003239A087B689A60BB6840F6D86202FB72
S3150000C39003F3274AA2FB03239A087B68DA60BB688B
S3150000C3A05B00234AA2FB03239A087B681A61BB68D9
S3150000C3B0542202FB03F31E4AA2FB03239A087B685E
S3150000C3C05A61BB684FF4FA2202FB03F3184AA2FB38
S3150000C3D003239A087B689A61BB6844F2506202FBA9
S3150000C3E003F3134AA2FB03239A087B685A62BB68CD
S3150000C3F0104A02FB03F30E4AA2FB03239A087B684A
S3150000C4001A62BB680C4A02FB03F3094AA2FB032328
S3150000C4109A087B68DA61002318461837BD4680BD46
S3150000C42000E00140FF083D0083DE1B4300E07F4043
S3150000C430ABAAAAAA80DE0F00A0F7030080B588B0D9
S3150000C44000AFF860B9607A600023FB61FB68BA68E8
S3150000C4501A63FB687A689A63F86800F045F8F86131
S3150000C460FB69002B02D04FF4FA7336E0FB685B6879
S3150000C4701B78002B06D0FB68022283F83C200023A1
S3150000C480BB6102E0FB685B6ABB61164B0122A3F845
S3150000C490E020BA694021F86802F068FFF861FB689D
S3150000C4A05B681B78002B01D0FB6916E019224FF45C
S3150000C4B00051F86903F010F8F861FB689B6B002BDC
S3150000C4C002D0FB69002BE4D002F06CFE7861FB69B8
S3150000C4D0002B01D17B69FB61FB6918462037BD46FD
S3150000C4E080BD00BF00E07F4080B584B000AF7860BB
S3150000C4F00023FB604FF49643BB607B685B681B7848
S3150000C500002B0DD07B685B6893F911301846FFF756
S3150000C5103FFD7B685B6893F913301846FFF738FDDB
S3150000C5200C4B4AF68022A3F8842008E0BB68002B57
S3150000C53002D14FF4FA7309E0BB68013BBB60054BBF
S3150000C540B3F884309BB2802BF0D1FB6818461037C5
S3150000C550BD4680BD00E07F40704700BF00BEFEE7DD
S3150000C560064B074993F826001A6A51F82030C2F3A1
S3150000C57002620449D3400B60704700BF00E00140EF
S3150000C580A0040020C8040020704700BFF8B54AF296
S3150000C590035001234549464AA1F8FE03A2F8043197
S3150000C5A0B2F804319BB2002BFAD101204FF40045BA
S3150000C5B04FF0090C3F4CDFF800E1404EC4F804E0B0
S3150000C5C0DFF8FCE03949C4F80CE03E4FA2F8000160
S3150000C5D03D4AB06030606261276091F82620A56010
S3150000C5E02561086A54F82220384EC0F30260C24022
S3150000C5F0326081F8133481F8A2C091F880341BB9F7
S3150000C60091F8813499074CD0284D95F88034002B49
S3150000C6103CD00022254B83F8812483F88024002314
S3150000C620224981F8323091F83C301A07FBD543F2A3
S3150000C630021000231D4A088581F82A3092F83C3002
S3150000C6409B06FBD50320052319494FF0F10C81F811
S3150000C6501C011F49116282F8263092F82630156AAD
S3150000C66054F82300C5F302640123E0403060F0244F
S3150000C6704FF42540174981F80CC00B720C7382F8F1
S3150000C680303082F85230A2F8FE03F8BD0121C820EE
S3150000C69085F8801400F07EF895F88034012BFBD1E4
S3150000C6A0B7E74FF47A70FFF76FFFB8E700E0014095
S3150000C6B000C00140A004002000127A000070004073
S3150000C6C000366E01002D310100C2EB0BC8040020BC
S3150000C6D0211201200020004038B50025284C0121F8
S3150000C6E0C82084F8285000F055F884F8245094F8AF
S3150000C6F02430002BFBD194F82430214943F0020367
S3150000C70084F8243091F82430C3F340009B07F9D411
S3150000C7101B4A81F8220092F8223003F0FF00002B1A
S3150000C720F9D192F84030164960F3C71382F84030C9
S3150000C73091F84030DB09FBD191F84200104A63F3CF
S3150000C740C71081F8420092F84230DB09FBD192F81B
S3150000C75044000B4963F3C71082F8440091F8443053
S3150000C760C3F3C014DB09F9D1012000F0DFF8054B53
S3150000C770012083F8BB44BDE8384000F0A7B800BFED
S3150000C7800030084000E00140A0F101000028FBD184
S3150000C790704700BF1E4B1F4A1B6800FB01F1934206
S3150000C7A013D302F1854202F5071203F5741302F65C
S3150000C7B0834203F6FF03A2FB03231B0DA3FB0131F8
S3150000C7C04FF0FF30F1B1FFF7DFBF4FF47A7210B4CC
S3150000C7D0A1FB02C41048B0FBF3F34FF0FF303CB9A5
S3150000C7E0BCFBF3FC4FEA9C0080B110BCFFF7CCBF4A
S3150000C7F09B00B1FBF3F1A1FB0212002AF5D108461A
S3150000C80020B1F2E71846002BDDD1704710BC704707
S3150000C810C804002000127A0000CA9A3B10B5032013
S3150000C82084B000F083F80C22FF2101A800F0C1FDBE
S3150000C830224A01981188002934D0012120F00103F1
S3150000C84054883CB3918823F0020369B3D28823F05D
S3150000C850040322BB01931A491A4A0B67C2F88032B5
S3150000C860029B03204B67C2F88432039B164C8B67EE
S3150000C870C2F8883200F02AF80023104931F8022B5A
S3150000C88003F1C00001330AB144F82020042BF5D18E
S3150000C89004B010BD9488002CD8D1D28852B123F0B0
S3150000C8A00803D7E70346CBE7D288002AD2D023F085
S3150000C8B00803CFE70029CDD10346CCE780EE000080
S3150000C8C00080004000E100E000600040EFF31081CE
S3150000C8D0012383F31088124B33F8102092B22AB149
S3150000C8E033F81020013A92B223F8102033F81030B2
S3150000C8F09BB28BB90B4A10B4B2F8FE330A4C9BB20A
S3150000C90034F8100043F4254323EA0003A2F8FE336B
S3150000C91081F3108810BC704781F31088704700BF00
S3150000C920BC04002000E0014088EE000030B4EFF3C4
S3150000C9301081012383F310880E4A32F810309BB21F
S3150000C9406BB90D4C0D4DB4F8FE3335F810C09BB2E3
S3150000C95043EA0C0343F425439BB2A4F8FE3332F8B2
S3150000C960103001339BB222F8103081F3108830BCAE
S3150000C970704700BFBC04002000E0014088EE0000C4
S3150000C9802DE9F041DFF870800646D8F80070B7B19F
S3150000C9900025D8F8044004E00135BD4204F10C043A
S3150000C9A00DD0637AB342F7D1D4E900020021121AFE
S3150000C9B0013500F0FEFCBD4204F10C04F1D1D8F8BB
S3150000C9C00870B7B10025D8F80C4004E00135BD4227
S3150000C9D004F110040DD0637BB342F7D1D4E9000211
S3150000C9E0A168121A013500F06AFDBD4204F1100477
S3150000C9F0F1D1BDE8F08100BF2CF10000704700BF07
S3150000CA00002270B52B4B2C4C2C49C4F800342C4B0F
S3150000CA102C4899602C4D2D4B2A6003F14001028071
S3150000CA2042808280C28043F8042F8B42FBD1284B80
S3150000CA30284A00201A60FFF7E1FFFFF7A7FD012053
S3150000CA40FFF7DCFF84F30A880020FFF799FFFFF762
S3150000CA5087FDFFF741FE0320FFF768FF00234FF62F
S3150000CA60FF701D4903F108020133092B21F812005A
S3150000CA70F8D10320FFF72AFF00F084F80220FFF721
S3150000CA80BDFF0120FFF77CFF144D154B5B1B002BF0
S3150000CA904FEAA30606DD002455F8043B0134984707
S3150000CAA0A642F9DCFFF7BAFEBDE870400020FFF7AA
S3150000CAB053BD00BFA5EDF5FE90320020000000003A
S3150000CAC000ED00E0BC0400200C050020C804002096
S3150000CAD0C804002000127A00000D0840CCDE0000D9
S3150000CAE0D0DE000010B586B0FF21122201A800F0AA
S3150000CAF060FC4FF0010E114901F5267C8B8806A8D3
S3150000CB001A0A00EB420232F8140CDBB208310EFAB4
S3150000CB1003F320EA0303614522F8143CEED1002317
S3150000CB20074C0DF1020203F1080132F8020F01333E
S3150000CB30092B24F81100F6D106B010BD94EE0000C2
S3150000CB40000D084070B500240B4B0C4EB3F82021A5
S3150000CB50B3F84051ADB2154025FA04F3DB0704D50E
S3150000CB6056F82430E0B203B198470134102CF3D1C3
S3150000CB70014BA3F8305170BD00600040CC0400208A
S3150000CB80704700BF2DE9F84F0320FFF7CFFE0223C1
S3150000CB9049F6F7712D4A6FF00100C2F8D0304FF414
S3150000CBA0254C4FF0FF334AF2015B6FF0004A032633
S3150000CBB06FF07F496FF0020E4FF6FE686FF00F07B9
S3150000CBC0D468234D0C4023492143D160224C234A8B
S3150000CBD02349C2F88001A5F804B0A5F800C0A5F85D
S3150000CBE004C0C4F804A0A360E360236163611D4C24
S3150000CBF01360C1F8CC33C1F8CC63C1F8C043C1F8A7
S3150000CC00C833C1F8E033C1F8D093A1F500511364DD
S3150000CC1050649364D36413655365A1F84081C2F8E8
S3150000CC2010E05761D2F83011C2F83031C2F8003145
S3150000CC30C2F8043101235363FFF754FFFFF7A0FF47
S3150000CC403046BDE8F84FFFF741BE00BF00ED00E0FB
S3150000CC50000E00400800FA0500000E40008000406B
S3150000CC6000E0014002E4FCFF53B94AB9002908BFBD
S3150000CC7000281CBF4FF0FF314FF0FF3000F08CB999
S3150000CC80ADF1080C6DE904CE00F006F8DDF804E01D
S3150000CC90DDE9022304B070472DE9F04F099D0E46E9
S3150000CCA004460F46002B47D18A429446B2FA82F3D5
S3150000CCB05AD943B102FA03FCC3F120029F409C40BB
S3150000CCC020FA02F217434FEA1C461FFA8CFE220C8A
S3150000CCD0B7FBF6F106FB117701FB0EF042EA0742BD
S3150000CCE0904208D91CEB020201F1FF3702D29042B2
S3150000CCF000F23C813946121AA4B2B2FBF6F006FBEA
S3150000CD00102200FB0EFE44EA0244A64508D91CEB9D
S3150000CD10040400F1FF3202D2A64500F22A81104631
S3150000CD2040EA0140A4EB0E0400211DB1DC400023C3
S3150000CD30C5E90043BDE8F08F8B4205D90DB1C5E9C1
S3150000CD40000100210846F5E7B3FA83F100294FD127
S3150000CD50B342C0F00281824240F2FF800846002DB5
S3150000CD60E8D0C5E90047E5E7002B40F0AF808A1A16
S3150000CD704FEA1C4E1FFA8CF70121B2FBFEF60EFBA2
S3150000CD801620220C42EA004207FB06F090420FD919
S3150000CD901CEB020206F1FF382CBF4FF001094FF0E1
S3150000CDA00009904203D9B9F1000F00F0DC80464635
S3150000CDB0121AA4B2B2FBFEF00EFB102200FB07F71C
S3150000CDC044EA0244A7420FD91CEB040400F1FF32E7
S3150000CDD02CBF4FF0010E4FF0000EA74203D9BEF153
S3150000CDE0000F00F0C9801046E41B40EA06409CE7AD
S3150000CDF0C1F120048B4006FA01FC00FA01FE22FA7A
S3150000CE0004F7E6408A401F4320FA04F34FEA174826
S3150000CE1043EA0C031FFA87FC4FEA1349B6FBF8F006
S3150000CE2008FB106649EA064600FB0CF9B1450ED927
S3150000CE30BE1900F1FF3A2CBF4FF0010B4FF0000B6B
S3150000CE40B14503D9BBF1000F00F0A2805046A6EB16
S3150000CE5009061FFA83F9B6FBF8F308FB136603FB12
S3150000CE600CFC49EA0646B4450ED9BE1903F1FF3853
S3150000CE702CBF4FF001094FF00009B44503D9B9F1B1
S3150000CE80000F00F08280434643EA0040A6EB0C0602
S3150000CE90A0FB028C66454346E14602D307D1C64550
S3150000CEA005D2B8EB02036CEB070C0138E1465DB125
S3150000CEB0BEEB030266EB090606FA04F422FA01F356
S3150000CEC0CE401C43C5E90046002133E702FA03FCC5
S3150000CED0C3F1200299409C40D6404FEA1C4E20FAEE
S3150000CEE002F21FFA8CF7B6FBFEF00A430EFB106641
S3150000CEF0110C41EA064100FB07F68E420ED91CEBE7
S3150000CF00010100F1FF382CBF4FF001094FF0000975
S3150000CF108E4202D9B9F1000F34D04046891B92B235
S3150000CF20B1FBFEF60EFB161142EA014206FB07F1C3
S3150000CF3091420ED91CEB020206F1FF382CBF4FF0CE
S3150000CF4001094FF00009914202D9B9F1000F16D03C
S3150000CF504646521A46EA00410FE7841A66EB030278
S3150000CF6001201746FBE6023E624421E7023962448D
S3150000CF70C1E664440238D3E66444023834E7023E2C
S3150000CF806244E6E702386144C8E7023B3E447BE779
S3150000CF9002383E445BE700BF704700BF024B0A46BB
S3150000CFA00146186800F002B84404002070B5A1FBE1
S3150000CFB0025434B9294600F049F8064628B93046E5
S3150000CFC070BD0C2200260260F9E72A46214600F0D1
S3150000CFD0F0F9F4E708B5064B044613B10021AFF3A8
S3150000CFE00080044B1B6803B19847204600F06CFF95
S3150000CFF00000000080320020024B0146186800F055
S3150000D0006BBA00BF4404002070B50F4E0C460546AF
S3150000D010316811B900F00AFA30602146284600F05E
S3150000D02005FA431C03D14FF0FF34204670BDC41CE3
S3150000D03024F00304A042F8D0211A284600F0F6F99D
S3150000D0400130F2D1EFE700BF403100202DE9F8436F
S3150000D050CD1C064625F0030508350C2D38BF0C25DA
S3150000D060002D01DBA94204D90C2333600020BDE862
S3150000D070F883DFF8D48000F069F8D8F800301C4651
S3150000D08044BB29463046FFF7BFFF431C044658D130
S3150000D090D8F800402746002F43D1002C4BD02368F8
S3150000D0A03946304604EB030900F0C0F9814542D108
S3150000D0B0216830466D1A2946FFF7A6FF01303AD09F
S3150000D0C023682B442360D8F800305A6862BBC8F83E
S3150000D0D000700FE02268521B20D40B2A17D9611961
S3150000D0E0A342256018BF5960636808BFC8F80010DE
S3150000D0F062514B60304600F02FF804F10B00231DFF
S3150000D10020F00700C21A1CBF1B1AA350AFE76268C3
S3150000D110A3420CBFC8F800205A60EBE723466468B8
S3150000D120AEE73C467F68B6E71A465B68A342FBD18A
S3150000D13000235360DEE70C233046336000F00CF822
S3150000D14094E70560D6E700BF44310020014800F0AF
S3150000D150B4B900BF88320020014800F0AFB900BF63
S3150000D16088320020002310B5044683608181194669
S3150000D1704366C28108228361C0E90033C0E90433F3
S3150000D1805C3000F016F90D4B246263620C4BA3620F
S3150000D1900C4BE3620C4B23630C4B9C4206D003F111
S3150000D1A06802944202D0D0339C4205D104F1580063
S3150000D1B0BDE8104000F080B910BD00BF0DD30000DF
S3150000D1C02FD3000067D300008BD300004831002026
S3150000D1D0024A0349034800F069B800BF380400203A
S3150000D1E00DDC00004804002041680C4B994210B544
S3150000D1F0044601D000F00AFDA168094B994202D00D
S3150000D200204600F003FDE168064B994204D0204613
S3150000D210BDE8104000F0FABC10BD00BF4831002048
S3150000D220B03100201832002010B50B4B04210B4CF6
S3150000D2300B4A20461A600022FFF794FF04F16800AB
S3150000D24001220921FFF78EFF04F1D00002221221EC
S3150000D250BDE81040FFF786BF80320020483100202D
S3150000D260D1D10000014800F028B900BF8932002062
S3150000D270014800F023B900BF8932002010B50446EA
S3150000D280FFF7F0FF236A1BB1BDE81040FFF7F0BFC0
S3150000D290044B2362044B1B68002BF5D1FFF7C4FF38
S3150000D2A0F2E700BFE9D10000803200202DE9F84303
S3150000D2B00746884614460026D4E90195B9F10109C6
S3150000D2C005D52468002CF7D13046BDE8F883AB8934
S3150000D2D0012B07D9B5F90E30013303D0294638465C
S3150000D2E0C04706436835E9E70FB407B5064904ABFE
S3150000D2F0086853F8042B8168019300F05FF903B0C6
S3150000D3005DF804EB04B070474404002010B50C46E9
S3150000D310B1F90E1000F078F80028ABBF636DA38951
S3150000D3201B1823F48053ACBF6365A38110BD2DE9A0
S3150000D330F0411F468B8905460C46DB05164605D58A
S3150000D34002230022B1F90E1000F04CF8A3893246F0
S3150000D350B4F90E10284623F48053A3813B46BDE85A
S3150000D360F04100F073B810B50C46B1F90E1000F09C
S3150000D37039F8431CA38915BF606523F4805343F431
S3150000D3808053A38118BFA38110BDB1F90E1000F020
S3150000D39019B80139024410B5904201D1002005E0C8
S3150000D3A0037811F8014FA34201D0181B10BD0130BC
S3150000D3B0F2E702440346934200D1704703F8011B8B
S3150000D3C0F9E7000038B50023054D044608462B60F2
S3150000D3D0F3F706FF431C02D12B6803B1236038BD67
S3150000D3E08432002038B50446064D08461146002210
S3150000D3F02A601A46F3F706FF431C02D12B6803B1D5
S3150000D400236038BD8432002038B50446064D0846F0
S3150000D410114600222A601A46F3F7FAFE431C02D18F
S3150000D4202B6803B1236038BD8432002038B5002351
S3150000D430054D044608462B6000F036FD431C02D11C
S3150000D4402B6803B1236038BD8432002038B504460A
S3150000D450064D0846114600222A601A46FDF7DBF8FB
S3150000D460431C02D12B6803B1236038BD84320020EF
S3150000D47070B50D4D00260D4C641BA410A64209D1B3
S3150000D4800B4D00260B4C00F02FFD641BA410A6428A
S3150000D49005D170BD55F8043B01369847EEE755F8BF
S3150000D4A0043B01369847F2E7CCDE0000CCDE0000F4
S3150000D4B0CCDE0000D0DE00007047704770470A449B
S3150000D4C0431E914200D1704710B511F8014B9142AD
S3150000D4D003F8014FF9D110BD38B50546002941D0F2
S3150000D4E051F8043C0C1F002BB8BFE418FFF72EFEC2
S3150000D4F01D4A136833B9636014602846BDE8384096
S3150000D500FFF72ABEA34208D9206821188B4201BF23
S3150000D51019685B6809182160EDE71A465B680BB16C
S3150000D520A342FAD911685018A0420BD120680144D1
S3150000D530501811608342E0D118685B680844536054
S3150000D5401060DAE702D90C232B60D6E72068211891
S3150000D5508B4202BF19685B680918636008BF2160C7
S3150000D5605460CAE738BD00BF443100209368013BD0
S3150000D570002B936010B407DA9469A34201DB0A29F1
S3150000D58002D110BC00F06ABB1368581C1060084634
S3150000D590197010BC7047F8B506460F461446D518E4
S3150000D5A0AC4201D1002007E03A4614F8011B304690
S3150000D5B0FFF7DCFF431CF3D1F8BD00002DE9F04F67
S3150000D5C00D469DB014469846064618B1036A0BB937
S3150000D5D0FFF754FE6B6ED90705D4AB899A0502D4C2
S3150000D5E0A86DFFF76AFFAB891B0701D52B699BB9AD
S3150000D5F02946304600F070FB70B16B6EDC0704D52F
S3150000D6004FF0FF301DB0BDE8F08FAB899805F7D419
S3150000D610A86DFFF753FFF3E70023CDF80C804FF01A
S3150000D6200109DFF8B481099320238DF829303023CE
S3150000D6308DF82A3023469A4613F8012B0AB1252A7B
S3150000D640F9D1BAEB040B0BD05B462246294630468D
S3150000D650FFF7A1FF013000F0A780099A5A4409920A
S3150000D6609AF80030002B00F09F8000234FF0FF3225
S3150000D6700AF1010A049307938DF853301A93CDE902
S3150000D680052354460522544814F8011B00F07AFB82
S3150000D690049AD8B9D10644BF20238DF85330130716
S3150000D6A044BF2B238DF853309AF800302A2B15D01F
S3150000D6B0079A544600204FF00A0C214611F8013B08
S3150000D6C0303B092B4BD9B0B1079214E0A0EB08030D
S3150000D6D0A24609FA03F313430493D2E7039B191DE9
S3150000D6E01B68002B0391BBBF5B4242F0020207930B
S3150000D6F00793B8BF049223782E2B0AD163782A2B7E
S3150000D70032D1039B02341A1D1B6843EAE37303926A
S3150000D7100593DFF8C8A003222178504600F032FBBB
S3150000D72038B1A0EB0A004022049B01348240134327
S3150000D730049314F8011B062229488DF8281000F0DE
S3150000D74021FB00283FD0274B1BBB039B073323F04D
S3150000D750070308330393099B3B4409936AE70CFBD1
S3150000D76002320C460120A8E7002301344FF00A0CD0
S3150000D77019460593204610F8012B303A092A03D999
S3150000D780002BC6D00591C4E70CFB012104460123FA
S3150000D790F0E703AB2A4604A930460093124BAFF3D9
S3150000D7A000800746781CD6D16B6ED90705D4AB89A5
S3150000D7B09A0502D4A86DFFF781FEAB895B063FF59B
S3150000D7C01FAF09981EE703AB2A4604A9304600930B
S3150000D7D0054B00F07DF8E4E744F100004AF1000053
S3150000D7E04EF100000000000097D500002DE9F0473B
S3150000D7F0164698468A6807460B690C46DDF820905F
S3150000D8009342B8BF1346336091F843200AB10133FF
S3150000D81033602368990642BF336802333360256854
S3150000D82015F0060506D104F1190AE36832689B1A59
S3150000D830AB422BDC94F843302268003B18BF01232F
S3150000D840920630D404F1430241463846C8470130B7
S3150000D85023D023681A3454F80A2C03F00603042B49
S3150000D8600ABF54F80E5C002533684FF0000608BF67
S3150000D870ED1A54F8123C08BF25EAE5759342C4BF79
S3150000D8809B1AED18B5421AD1002008E00123524632
S3150000D89041463846C847013003D14FF0FF30BDE856
S3150000D8A0F0870135C1E7E1185A1C302002332244C3
S3150000D8B081F8430094F8451082F84310C2E701232B
S3150000D8C0224641463846C8470130E6D00136D9E7F8
S3150000D8D02DE9FF470F7E914680460C46782F9A46E3
S3150000D8E00C9E01F1430207D8622F0AD8002F00F0E0
S3150000D8F0D180582F00F0B88004F1420684F84270B7
S3150000D9003AE0A7F16303152BF6D801A151F823F0ED
S3150000D91069D900007DD90000F9D80000F9D80000C7
S3150000D920F9D80000F9D800007DD90000F9D8000028
S3150000D930F9D80000F9D80000F9D800007BDA000019
S3150000D940A7D9000035DA0000F9D80000F9D80000A0
S3150000D9509DDA0000F9D80000A7D90000F9D8000028
S3150000D960F9D800003DDA000033681A1D1B683260E2
S3150000D97004F1420684F8423001239CE033682068B3
S3150000D980191D3160060601D51D6803E04506FBD565
S3150000D990B3F90050002D03DA2D236D4284F843308D
S3150000D9A058480A2311E021683368080653F8045BD7
S3150000D9B002D4490648BFADB26F2F3360514814BF39
S3150000D9C00A230823002184F843106668002EA66007
S3150000D9D005DB21682E4321F0040121604BD0164659
S3150000D9E0B5FBF3F103FB1157C75D06F8017D2F4622
S3150000D9F00D46BB42F4D9082B0BD12368DF0708D5A7
S3150000DA00236961689942DEBF302306F8013C06F1BE
S3150000DA10FF36921B22614B4603AA21464046CDF8AB
S3150000DA2000A0FFF7E3FE01304AD14FF0FF3004B00B
S3150000DA30BDE8F087236843F0200323607827324847
S3150000DA40236884F845701F06316851F8045B02D4D8
S3150000DA505F0648BFADB23160D90744BF43F020032B
S3150000DA6023601DB11023ADE72648E9E7236823F0BC
S3150000DA7020032360F6E71646BDE733682568181DC0
S3150000DA80616930602E061B6801D5196002E06806E0
S3150000DA90FBD51980002316462361BCE733680021B5
S3150000DAA01A1D32601E686268304600F06BF908B1D4
S3150000DAB0801B606063682361002384F84330AAE713
S3150000DAC02369324649464046D0470130ADD02368E7
S3150000DAD09B0713D4E068039B9842B8BF1846A6E795
S3150000DAE00123324649464046D04701309DD0013594
S3150000DAF0E36803995B1AAB42F2DCEBE7002504F11D
S3150000DB001906F5E755F1000066F10000B1F90C20A1
S3150000DB10F8B5160705460C4654D44B68002B02DCB4
S3150000DB200B6C002B48DDE66A002E45D0002312F46C
S3150000DB3080522F68216A2B6030D0626DA389590705
S3150000DB4005D56368D21A636B0BB1236CD21A002316
S3150000DB50E66A216A2846B047431CA38906D129688C
S3150000DB601D292BD8284ACA40D60727D50022D90412
S3150000DB7062602269226004D5421C01D12B6803B978
S3150000DB806065616B2F60B9B104F14403994202D01C
S3150000DB902846FFF7A1FC002363630DE00123284616
S3150000DBA0B0470246501CC9D12B68002BC6D01D2B8E
S3150000DBB001D0162B1CD12F60002020E043F040033B
S3150000DBC01BB219E00F69002FF6D093070E680F609D
S3150000DBD00CBF4B690023F61B8B60002EECDD334631
S3150000DBE03A46216A2846D4F828C0E047002807DCD0
S3150000DBF0B4F90C3043F040034FF0FF30A381F8BD79
S3150000DC000744361AE9E700BF0100402038B50B6922
S3150000DC1005460C4613B90025284638BD18B1036AD7
S3150000DC200BB9FFF72BFBB4F90C30002BF3D0626E67
S3150000DC30D00704D4990502D4A06DFFF73EFC284610
S3150000DC402146FFF763FF636E0546DA07E4D4A3892E
S3150000DC509B05E1D4A06DFFF731FCDDE7F8B50E4674
S3150000DC601446054618B1036A0BB9FFF707FBA3690B
S3150000DC70A360A3891A0701D5236943B9214628461B
S3150000DC8000F02AF818B14FF0FF373846F8BD236880
S3150000DC90F6B222693746981A6369834205DC214643
S3150000DCA02846FFF7B3FF0028EDD1A368013BA36028
S3150000DCB023685A1C22601E70431C62699A4204D073
S3150000DCC0A389DB07E1D50A2EDFD121462846FFF7D7
S3150000DCD09DFF0028D9D0D6E738B5294B05460C4616
S3150000DCE0186818B1036A0BB9FFF7C8FAB4F90C3013
S3150000DCF0190722D4DA0607D409222A6043F0400322
S3150000DD004FF0FF30A38133E0580712D5616B41B164
S3150000DD1004F14403994202D02846FFF7DDFB0023B5
S3150000DD206363A38923F02403A3810023636023692B
S3150000DD302360A38943F00803A38123694BB9A38910
S3150000DD4003F42073B3F5007F03D02146284600F084
S3150000DD504CF8B4F90C3013F001020AD00022A2608C
S3150000DD6062695242A261226942B913F08000C5D1AC
S3150000DD7038BD990758BF6269A260F4E70020F7E74B
S3150000DD8044040020C9B20346024410B59342184623
S3150000DD9001D1002003E0047801338C42F6D110BD96
S3150000DDA070B50C46B1F90E1096B0154600291E4600
S3150000DDB00CDAA389002113F0800F14BF40234FF41F
S3150000DDC08063002031602B6016B070BD6A4600F09B
S3150000DDD049F80028EDDB019901F47041A1F50053E3
S3150000DDE0594259414FF48063EBE78B89F7B59D079C
S3150000DDF006460C4607D504F1470323602361012339
S3150000DE00636103B0F0BD01AB6A46FFF7C9FF009F2F
S3150000DE10054630463946FFF719F948B9B4F90C30CA
S3150000DE209A05EED423F0030343F00203A381E2E74D
S3150000DE30A389206043F08003A381019BC4E9040702
S3150000DE405BB1B4F90E10304600F01EF828B1A38974
S3150000DE5023F0030343F00103A381A3891D43A58196
S3150000DE60CFE7000038B50023064D044608461146A4
S3150000DE702B60F3F7BBF9431C02D12B6803B1236077
S3150000DE8038BD00BF8432002038B50023054D044656
S3150000DE9008462B60F3F7B0F9431C02D12B6803B197
S3150000DEA0236038BD84320020054A0346106810B14D
S3150000DEB0034413607047034803441360704700BF70
S3150000DEC08C320020A03E0020FEE700BF2D08000097
S3150000DED0050800007CF90000000400202500000071
S3150000DEE010050020600B0000F8B500BFF8BC08BCA8
S3150000DEF09E467047F8B500BFF8BC08BC9E46704702
S3150000DF000100000002000000040000000100000003
S3150000DF10B0ED000000000200000003000300000056
S3150000DF20B0ED000000000700000003000200000042
S3150000DF30B0ED000000000500000002000400000033
S3150000DF40B0ED000000000A0000000200040000001E
S3150000DF50EDFEDEC0BFE6D86F8826F4FF97FB96C4B9
S3150000DF60E6FBC4993E4619FC565DA26ADF34C32916
S3150000DF70489ADC38B360CAF5C98C6B942A4882FA91
S3150000DF809D4823EFB166A9EF6A6E4AA37C1919ED85
S3150000DF901FCCC0495468697320646576696365203F
S3150000DFA06973201B5B313B316D4E4F542053454303
S3150000DFB05552450054686973206465766963652027
S3150000DFC07761732070726F766973696F6E6564200E
S3150000DFD0776974682064756D6D79206B6579732E29
S3150000DFE0200000001B5B313B33316D005B57524E06
S3150000DFF05D2025732573257325730D0A0000000027
S3150000E0001B5B306D000000005B494E465D2042659B
S3150000E01067696E6E696E6720424C322070726F7649
S3150000E0206973696F6E696E670D0A000054464D5F2D
S3150000E03044554D4D595F50524F564953494F4E49DD
S3150000E0404E47206973206E6F742073756974616220
S3150000E0506C6520666F722070726F64756374696F89
S3150000E0606E2120005B4552525D204E6F2076616C1A
S3150000E070696420415353454D424C595F414E445FBC
S3150000E080544553542070726F766973696F6E696E6A
S3150000E09067206461746120666F756E640D0A000006
S3150000E0A07263203D3D203000433A2F5573657273ED
S3150000E0B02F4D69636861656C2F446F63756D656E7E
S3150000E0C074732F4769744875622F7472757374651B
S3150000E0D0642D6669726D776172652D6D2F626C3283
S3150000E0E02F6578742F6D6375626F6F742F626C3253
S3150000E0F05F6D61696E2E63005B4552525D20506C08
S3150000E1006174666F726D20696E6974206661696CF0
S3150000E11065640D0A000000005B494E465D2053749D
S3150000E120617274696E6720626F6F746C6F6164658B
S3150000E130720D0A005B4552525D204F545020737990
S3150000E1407374656D20696E697469616C697A61744E
S3150000E150696F6E206661696C65640D0A00000000D7
S3150000E1605B4552525D2050726F766973696F6E69B6
S3150000E1706E67206661696C65640D0A005B455252E4
S3150000E1805D204572726F72207768696C6520696ED2
S3150000E190697469616C697A696E6720746865207351
S3150000E1A06563757269747920636F756E7465720D37
S3150000E1B00A0000005B4552525D20506C6174666F28
S3150000E1C0726D20706F737420696E69742066616960
S3150000E1D06C65640D0A0000005B4552525D2050726A
S3150000E1E0652D6C6F6164207374657020666F722094
S3150000E1F0696D616765202564206661696C65640DDB
S3150000E2000A0000005B4552525D20556E61626C65E6
S3150000E21020746F2066696E6420626F6F7461626C31
S3150000E2206520696D6167650D0A0000005B45525205
S3150000E2305D20506F73742D6C6F616420737465700C
S3150000E24020666F7220696D616765202564206661AE
S3150000E250696C65640D0A00005B494E465D20426F9D
S3150000E2606F746C6F6164657220636861696E6C6F50
S3150000E27061642061646472657373206F666673659A
S3150000E280743A20307825780D0A0000005B494E4626
S3150000E2905D20496D6167652076657273696F6E3AB8
S3150000E2A0207625642E25642E25640D0A00000000C4
S3150000E2B05B494E465D204A756D70696E6720746FC6
S3150000E2C02074686520666972737420696D6167657C
S3150000E2D020736C6F740D0A005B4552525D204E65CB
S3150000E2E07665722073686F756C6420676574206844
S3150000E2F06572650D0A000000646F5F626F6F7400DF
S3150000E300010000005B4552525D20696E76616C69C2
S3150000E3106420666C6173682049442025643B20654F
S3150000E320787065637465642025640D0A000000003A
S3150000E33072657420213D204E554C4C00433A2F55B2
S3150000E340736572732F4D69636861656C2F446F63E3
S3150000E350756D656E74732F4769744875622F747294
S3150000E36075737465642D6669726D776172652D6D5E
S3150000E3702F626C322F6578742F6D6375626F6F74C0
S3150000E3802F666C6173685F6D61705F657874656E2A
S3150000E3906465642E630000005B4552525D20696E21
S3150000E3A076616C696420666C617368206172656170
S3150000E3B02049440D0A00000066617020213D204E70
S3150000E3C0554C4C0028666120213D204E554C4C2969
S3150000E3D02026262028736563746F7220213D204E07
S3150000E3E0554C4C2900000000666C6173685F6465DB
S3150000E3F0766963655F62617365000000666C6173D0
S3150000E400685F617265615F6572617365645F76619D
S3150000E4106C0000005B4552525D20617265612025EB
S3150000E420642073697A652030782578206E6F7420B1
S3150000E430646976697369626C6520627920736563C5
S3150000E440746F722073697A6520307825780D0A001A
S3150000E4505B4552525D20666C61736820617265612E
S3150000E46020256420736563746F7220636F756E7404
S3150000E470206F766572666C6F770D0A005B455252A7
S3150000E4805D204661696C656420746F206164642058
S3150000E490696D616765206461746120746F207368BB
S3150000E4A06172656420617265610D0A007072696D42
S3150000E4B0617279007365636F6E6461727900000042
S3150000E4C05B4552525D20496D61676520696E207417
S3150000E4D0686520257320736C6F74206973206E6FD6
S3150000E4E0742076616C6964210D0A00005B494E4612
S3150000E4F05D20496D616765202564207570677261CE
S3150000E5006465207365636F6E6461727920736C6FE6
S3150000E51074202D3E207072696D61727920736C6F64
S3150000E520740D0A005B494E465D2045726173696E43
S3150000E5306720746865207072696D61727920736CEA
S3150000E5406F740D0A000000007263203D3D2030000C
S3150000E550433A2F55736572732F4D69636861656C15
S3150000E5602F446F63756D656E74732F4769744875B4
S3150000E570622F747275737465642D6669726D776146
S3150000E58072652D6D2F6275696C645F7261366D34CC
S3150000E5905F626F6F742F6C69622F6578742F6D637D
S3150000E5A075626F6F742D7372632F626F6F742F6253
S3150000E5B06F6F747574696C2F7372632F6C6F6164FF
S3150000E5C065722E63000000005B494E465D20496D72
S3150000E5D061676520256420636F7079696E672074B2
S3150000E5E06865207365636F6E6461727920736C6F02
S3150000E5F07420746F20746865207072696D61727919
S3150000E60020736C6F743A203078257A78206279749A
S3150000E61065730D0A000000005B4552525D2053658C
S3150000E62063757269747920636F756E74657220758F
S3150000E6307064617465206661696C656420616674E6
S3150000E640657220696D6167652075706772616465C2
S3150000E6502E0D0A005B57524E5D204661696C65645B
S3150000E6602072656164696E6720736563746F727387
S3150000E6703B20424F4F545F4D41585F494D475F53D2
S3150000E6804543544F52533D2564202D20746F6F200F
S3150000E690736D616C6C3F0D0A000000005B57524EB3
S3150000E6A05D204661696C65642072656164696E67A8
S3150000E6B020696D61676520686561646572733B20DA
S3150000E6C0496D6167653D25750D0A00003000000043
S3150000E6D05B4552525D205365637572697479206398
S3150000E6E06F756E74657220757064617465206661FD
S3150000E6F0696C656420616674657220696D61676521
S3150000E7002076616C69646174696F6E2E0D0A000073
S3150000E7105B4552525D204661696C656420746F20CA
S3150000E7206F70656E20666C6173682061726561202A
S3150000E73049442025642028696D6167652025642089
S3150000E740736C6F74202564293A2025642C2063613C
S3150000E7506E6E6F7420636F6E74696E75650D0A0058
S3150000E7605B4552525D2070616E6963210D0A00009F
S3150000E770626F6F745F636F70795F696D6167650063
S3150000E780626F6F745F706572666F726D5F757064CD
S3150000E79061746500626F6F745F7072657061726537
S3150000E7A05F696D6167655F666F725F7570646174DE
S3150000E7B065000000636F6E746578745F626F6F74D6
S3150000E7C05F676F005B4552525D20446574656374F4
S3150000E7D0656420696E636F6E73697374656E742009
S3150000E7E0737461747573210D0A0000005B57524EF5
S3150000E7F05D2043616E6E6F7420757067726164652B
S3150000E8003A206D6F726520736563746F727320743E
S3150000E81068616E20616C6C6F7765640D0A0000009C
S3150000E8205B57524E5D2043616E6E6F742075706744
S3150000E830726164653A20736C6F74732068617665E3
S3150000E840206E6F6E2D636F6D70617469626C6520EA
S3150000E850736563746F72730D0A0000005B57524E46
S3150000E8605D2043616E6E6F742075706772616465BA
S3150000E8703A20736C6F747320617265206E6F74201A
S3150000E880636F6D70617469626C650D0A000000004B
S3150000E8907263203D3D203000433A2F5573657273F5
S3150000E8A02F4D69636861656C2F446F63756D656E86
S3150000E8B074732F4769744875622F74727573746523
S3150000E8C0642D6669726D776172652D6D2F6275694B
S3150000E8D06C645F7261366D345F626F6F742F6C6942
S3150000E8E0622F6578742F6D6375626F6F742D737206
S3150000E8F0632F626F6F742F626F6F747574696C2FFC
S3150000E9007372632F737761705F7363726174636888
S3150000E9102E630000756E736574000000626164000A
S3150000E920676F6F64000000005072696D6172792034
S3150000E930696D6167650000005B494E465D20257381
S3150000E9403A206D616769633D25732C20737761708A
S3150000E9505F747970653D307825782C20636F707907
S3150000E9605F646F6E653D307825782C20696D616730
S3150000E970655F6F6B3D307825780D0A007072696DA2
S3150000E98061727920736C6F74000000004255473B3A
S3150000E9902063616E27742068617070656E000000E8
S3150000E9A073637261746368006E6F6E6500000000C9
S3150000E9B05B494E465D20426F6F7420736F757263BC
S3150000E9C0653A2025730D0A005B494E465D20426F6D
S3150000E9D06F7420736F757263653A206E6F6E650D86
S3150000E9E00A00000010002DE15D29410B8D77679C20
S3150000E9F0110F1F8A04010403040204010401040325
S3150000EA00010303040104000028696D6167655F6EF8
S3150000EA10756D29203C20307846000000433A2F557A
S3150000EA20736572732F4D69636861656C2F446F63FC
S3150000EA30756D656E74732F4769744875622F7472AD
S3150000EA4075737465642D6669726D776172652D6D77
S3150000EA502F6275696C645F7261366D345F626F6FC9
S3150000EA60742F6C69622F6578742F6D6375626F6F92
S3150000EA70742D7372632F626F6F742F626F6F74756C
S3150000EA8074696C2F7372632F626F6F747574696C1F
S3150000EA905F7075626C69632E63000000287377618E
S3150000EAA0705F7479706529203C203078460000003C
S3150000EAB05B494E465D205365636F6E6461727920D3
S3150000EAC0696D616765206F6620696D616765207095
S3150000EAD0616972202825642E2920697320756E725B
S3150000EAE06561636861626C652E205472656174208D
S3150000EAF0697420617320656D7074790D0A000000D9
S3150000EB0072657665727400004255473B2063616EFC
S3150000EB1027742068617070656E0000007065726D04
S3150000EB200000000074657374000000005B494E46E7
S3150000EB305D20496D61676520696E6465783A2025B8
S3150000EB40642C205377617020747970653A202573A0
S3150000EB500D0A00005B494E465D20496D61676520E0
S3150000EB60696E6465783A2025642C2053776170209D
S3150000EB70747970653A206E6F6E650D0A00000000AC
S3150000EB80300000005B4552525D204661696C656449
S3150000EB902072656164696E6720696D6167652068CA
S3150000EBA065616465720D0A005B4552525D204261E3
S3150000EBB06420696D616765206D61676963203078DF
S3150000EBC0256C780D0A0000005B4552525D20496DA8
S3150000EBD0616765206E6F7420626F6F7461626C6529
S3150000EBE00D0A0000010002001000110020002100A3
S3150000EBF02200230024003000310032003300FFFFE2
S3150000EC000000000000000000982F8A4291443771EE
S3150000EC10CFFBC0B5A5DBB5E95BC25639F111F15999
S3150000EC20A4823F92D55E1CAB98AA07D8015B8312DB
S3150000EC30BE853124C37D0C55745DBE72FEB1DE8087
S3150000EC40A706DC9B74F19BC1C1699BE48647BEEFB6
S3150000EC50C69DC10FCCA10C246F2CE92DAA84744A41
S3150000EC60DCA9B05CDA88F97652513E986DC631A8B7
S3150000EC70C82703B0C77F59BFF30BE0C64791A7D596
S3150000EC805163CA0667292914850AB72738211B2E1E
S3150000EC90FC6D2C4D130D385354730A65BB0A6A7606
S3150000ECA02EC9C281852C7292A1E8BFA24B661AA812
S3150000ECB0708B4BC2A3516CC719E892D1240699D622
S3150000ECC085350EF470A06A1016C1A419086C371E9B
S3150000ECD04C774827B5BCB034B30C1C394AAAD84E79
S3150000ECE04FCA9C5BF36F2E68EE828F746F63A578B4
S3150000ECF01478C8840802C78CFAFFBE90EB6C50A447
S3150000ED00F7A3F9BEF27871C6433A2F55736572734D
S3150000ED102F4D69636861656C2F446F63756D656E11
S3150000ED2074732F4769744875622F747275737465AE
S3150000ED30642D6669726D776172652D6D2F627569D6
S3150000ED406C645F7261366D345F626F6F742F6C69CD
S3150000ED50622F6578742F6D62656463727970746F63
S3150000ED602D7372632F6C6962726172792F7273618F
S3150000ED702E63000009204000B3D300000302010106
S3150000ED8000000000200000000080000004000000D9
S3150000ED9001000000FF0000000000000080000000ED
S3150000EDA0400000004000000001000000FF000000DD
S3150000EDB07DA00000A5A00000D9A00000B5A100001C
S3150000EDC0DDA1000011A2000071A2000005A3000051
S3150000EDD089A30000C5A00000C1A300007DA000001B
S3150000EDE0A5A00000D5A30000EDA30000DDA1000052
S3150000EDF0FDA3000069A4000009A5000099A5000074
S3150000EE00C5A00000D5A500005465726D696E616CE1
S3150000EE10000000000000000000005454522052453B
S3150000EE2047474553000000000100000002000000B3
S3150000EE300400000000000000FFFF000000200000AA
S3150000EE408000000000000100FFFF0F0000800000AE
S3150000EE50800000000200000034EE00000000000800
S3150000EE60FF1F000840000000040000000000000032
S3150000EE70000000000000000000000000FFDFFFDFD0
S3150000EE800000000000000000010002000800100061
S3150000EE90200000000080000000000000008000004C
S3150000EEA00100000000400000020000000080000099
S3150000EEB00300000004000000040000000040000001
S3150000EEC00500000000400000060000000080000071
S3150000EED007000000104000000800000004000000C9
S3150000EEE009000000008000000E0000000080000005
S3150000EEF00F000000000C011C00010000000C011CAA
S3150000EF0001010000000C011C02010000000C011CA4
S3150000EF1003010000000C011C04010000000C011C90
S3150000EF2005010000000C011C06010000000C011C7C
S3150000EF3007010000000001000801000000000100B8
S3150000EF4009010000000001000A01000004000000A1
S3150000EF500B010000040000000F0100000000010684
S3150000EF600202000000000106030200000000010684
S3150000EF700402000000000106050200000000010076
S3150000EF800003000000000106010300000400000069
S3150000EF90030300000400000004030000000C01113C
S3150000EFA005030000000C011106030000000C01110E
S3150000EFB007030000000C011108030000000C0111FA
S3150000EFC009030000000C01110A0300000400000000
S3150000EFD00B030000040000000C0300000400000006
S3150000EFE00D0300000400000000040000000C0117DF
S3150000EFF001040000000C011702040000050C0000CB
S3150000F000030400000400000004040000000C0117C3
S3150000F01005040000000C011706040000000001139F
S3150000F020070400000000010308040000104000006F
S3150000F03009040000000001060A04000000000106A1
S3150000F0400B040000000001060C040000000001068D
S3150000F0500D040000104000000E0400000400000033
S3150000F0600F0400000000011300050000000001135A
S3150000F07001050000400001040505000040000104F0
S3150000F08006050000000401070B0500000004010747
S3150000F0900C050000000C011C00060000000C011C01
S3150000F0A001060000000C011C02060000000C011CF9
S3150000F0B00A060000040000000B0600000400000021
S3150000F0C00C060000000001050D0600000000010509
S3150000F0D00E060000000C011700070000000C0117C7
S3150000F0E001070000000C011702070000000C0117C1
S3150000F0F003070000000C011704070000000C0117AD
S3150000F10005070000040000000807000004000000D6
S3150000F11009070000040000000A07000004000000C0
S3150000F1200C070000040000000D07000000000000AE
S3150000F13044F100000000000044F10000000000005F
S3150000F14044F10000232D302B2000686C4C006566CE
S3150000F1506745464700303132333435363738394122
S3150000F1604243444546003031323334353637383938
S3150000F1706162636465660000100000000000000024
S3150000F180017A5200027C0E011B0C0D0010000000DB
S3150000F1901800000000000000100000000000000041
S3090000F1A00000000065
S3150000F1A480B584B000AF0023FB6000237B601F4B57
S3150000F1B4B3F884309BB23B604FF49643BB601B4B61
S3150000F1C44FF42A42A3F8842008E0BB68002B02D13E
S3150000F1D44FF4FA73FB60BB68013BBB60134BB3F897
S3150000F1E484309BB2002BF0D13B68012B07D10F4B27
S3150000F1F44DF60112A3F84420FCF71CFE09E03B6817
S3150000F204802B06D10A4B01225A60094B5B68002BFE
S3150000F214FBD17B6840F2F512934201D17B68FB6017
S3150000F224FB6818461037BD4680BD00BF00E07F402E
S3150000F2340070004080B584B000AF78607B685B687E
S3150000F2441B78002B0DD07B685B6893F91130184648
S3150000F254FCF7B0FE7B685B6893F913301846FCF73D
S3150000F264A9FE124BB3F884309BB2002B02D1786806
S3150000F274FDF738F900F01CF8F86000F047F8B860BC
S3150000F284FB68002B01D1BB68FB60FFF789FFB86000
S3150000F294FB68002B01D1BB68FB607B68002283F806
S3150000F2A43C20FB6818461037BD4680BD00E07F4011
S3150000F2B480B483B000AF4FF496437B60114BB32206
S3150000F2C41A7007E07B68002B01D1142315E07B68D4
S3150000F2D4013B7B600C4BD3F88030C3F3C033DBB205
S3150000F2E4012BEFD1084B1B7CC3F30013DBB2002BBD
S3150000F2F402D040F2F51300E0002318460C37BD4651
S3150000F30480BC704700007E4000E07F4080B483B03C
S3150000F31400AF4FF496437B60114B50221A7007E0FE
S3150000F3247B68002B01D1142315E07B68013B7B60CD
S3150000F3340C4BD3F88030C3F3C033DBB2012BEFD1CF
S3150000F344084B1B7CC3F30013DBB2002B02D040F244
S3150000F354F51300E0002318460C37BD4680BC704701
S3150000F36400007E4000E07F4080B485B000AFF860C6
S3150000F374B9607A60174AFB681B6B1363164B20222D
S3150000F3841A70154BD0221A70FB681A6BBB681A44A4
S3150000F394FB681A63FB689B6B5A1EFB689A637B685F
S3150000F3A4002B10D007E07B68002B01D114230BE05F
S3150000F3B47B68013B7B60074BD3F88030C3F3C033D3
S3150000F3C4DBB2012BEFD1002318461437BD4680BCAF
S3150000F3D4704700BF00E07F4000007E4080B588B0E3
S3150000F3E400AFF860B9607A607B68002B06D1FB68D1
S3150000F3F45B6893F911301846FCF7DCFD334AFB6869
S3150000F4045B6B1363324BE8221A70BB685B08BB6103
S3150000F41402237B612E4BBA69D2B21A700023FB61B8
S3150000F4242CE0FB681B6B1A46294B12881A80FB6872
S3150000F4341B693B6106E03B695A1E3A61002B01D108
S3150000F44414233FE0214BD3F88030C3F38023DBB28F
S3150000F454012BF0D0FB681A6B7B691A44FB681A63AC
S3150000F464FB685A6B7B691A44FB685A63FB689B6B9F
S3150000F4745A1EFB689A63FB690133FB61FA69BB692F
S3150000F4849A42CED3124BD0221A707B68002B11D02D
S3150000F49407E07B68002B01D1142313E07B68013B52
S3150000F4A47B600A4BD3F88030C3F3C033DBB2012B45
S3150000F4B4EFD106E0FB685B6893F911301846FCF758
S3150000F4C44BFD002318462037BD4680BD00E07F4033
S3150000F4D400007E4080B586B000AFF860B9607A60FF
S3150000F4E400237B61174B1B7CC3F30013DBB2012B98
S3150000F4F40FD1144BD3F88030C3F38033DBB2012B26
S3150000F50404D1104B1B7C0F4B00221A7440F2F513E6
S3150000F5147B610C4BD3F88020BB681340002B01D0D1
S3150000F5247B687B61FB68002B01D0FB687B617B6990
S3150000F534002B01D0FFF7BCFE7B6918461837BD4681
S3150000F54480BD00BF00E07F4080B489B000AFF860A2
S3150000F554B9607A60FB689B693B610823FB760823E4
S3150000F5647B611A4ABB681363194B40221A70184A06
S3150000F574FB7E13700023FB6109E0FB695B007A687C
S3150000F5841344134A1B881380FB690133FB61FA6930
S3150000F5947B699A42F1D30E4BD0221A7007E03B697D
S3150000F5A4002B01D114230BE03B69013B3B61074B64
S3150000F5B4D3F88030C3F3C033DBB2012BEFD1002381
S3150000F5C418462437BD4680BC704700BF00E07F4024
S3150000F5D400007E4080B485B000AFF860B9607A6000
S3150000F5E4194B4FF6FF721A80174B4FF6FF725A806B
S3150000F5F47B689AB2FB689BB2DB039BB213439BB254
S3150000F60443F4F0439AB2104BDA80BB689BB26FEABC
S3150000F61443536FEA53539AB20B4B9A800A4B4FF6F5
S3150000F624FF721A81084B4FF6FF725A81064B4FF64A
S3150000F634FF729A81044B4FF6FF72DA8100BF1437CA
S3150000F644BD4680BC704700BF2004002080B584B04E
S3150000F65400AF78600023FB60786800F0B9F8F860C2
S3150000F664FB68002B10D0FB681EE07B689B681A467B
S3150000F67480217868FFF7B2FEF86018224FF4A041A3
S3150000F684F868FFF727FFF8607B689B6B002B02D0B6
S3150000F694FB68002BE9D0FFF783FDB860FB68002BFD
S3150000F6A401D1BB68FB60FB6818461037BD4680BDB8
S3150000F6B480B586B000AF786000237B61FCF7C0FD9F
S3150000F6C438613B691B689BB203F007039BB2DB43BB
S3150000F6D49BB263F007039AB2114B1A800E22FF21E4
S3150000F6E41048FDF764FE786800F072F80C4A396930
S3150000F6F47868FFF729FF7861182200217869FFF7F7
S3150000F704E9FE7861FFF74CFDF8607B69002B01D1B7
S3150000F714FB687B617B6918461837BD4680BD00BF10
S3150000F724200400202204002080B588B000AFF860D1
S3150000F734B9607A600023FB61FB68BA681A63FB68E8
S3150000F7447A689A63F86800F043F8F861FB69002B5D
S3150000F75401D0FB6935E01D4B0122A3F8E02020E02F
S3150000F764FB681B6B23F40013B3F5803F06D2FB68DA
S3150000F774DB69BB614FF400537B6105E0FB681B6AE0
S3150000F784BB614FF400437B61BA697969F868FFF796
S3150000F794EBFDF86119224FF4C041F869FFF79AFEB0
S3150000F7A4F861FB689B6B002B02D0FB69002BD7D05A
S3150000F7B4FFF7F6FC3861FB69002B01D13B69FB615D
S3150000F7C4FB6918462037BD4680BD00BF00E07F4078
S3150000F7D480B584B000AF78600023FB604FF4964395
S3150000F7E4BB601A4B00221A607B685B681B78002B8F
S3150000F7F40DD07B685B6893F911301846FCF7DAFB89
S3150000F8047B685B6893F913301846FCF7D3FB104BFF
S3150000F8144FF45942A3F844200D4B4AF60122A3F8AB
S3150000F824842008E0BB68002B02D14FF4FA7309E088
S3150000F834BB68013BBB60064BB3F884309BB2012B1B
S3150000F844F0D1FB6818461037BD4680BD00700040F5
S3150000F85400E07F4080B588B000AFF860B9607A6098
S3150000F864184BD3F8DC30C3F3C073DBB2BB61F86862
S3150000F874FFF7AEFFF861FB69002B01D0FB691CE0C2
S3150000F884BB68590B7B685B0B1A46B869FFF7A2FE87
S3150000F8940D4A0E49F868FFF757FEF8611822002151
S3150000F8A4F869FFF717FEF861FFF77AFC7861FB69E0
S3150000F8B4002B01D17B69FB61FB6918462037BD46E5
S3150000F8C480BD00BF00E07F402004002030A100017D
S3150000F8D480B584B000AF78600B46FB701346BB70EE
S3150000F8E47868FFF775FFF860FB68002B01D0FB68AA
S3150000F8F433E0BB78002B08D0FB789BB2194A43F45B
S3150000F904CC439BB2A2F8E8301EE01022FF21164831
S3150000F914FDF74DFDFB789BB203F001039BB2002B70
S3150000F92402D14FF6FF7201E047F6FF720E4BDA8002
S3150000F9340D4A0E497868FFF707FEF8601822002181
S3150000F944F868FFF7C7FDF860FFF72AFCB860FB68A4
S3150000F954002B01D1BB68FB60FB6818461037BD4617
S3150000F96480BD00BF00E07F402004002030A10001DC
S30D0000F974DC0EFF7F010000001C
S3150000F97C0000000038250020FFFFFFFF01000000FB
S3150000F98C01000000D5CF0000F9CF00009DCF00008C
S3150000F99CFFFF000000000000000000000000000057
S3150000F9AC010000005CEE00000000000003000000F7
S3150000F9BC4831002048040020000000004831002097
S3150000F9CCB0310020183200200000000000000000BA
S3150000F9DC0000000000000000000000000000000015
S3150000F9EC0000000000000000000000000000000005
S3150000F9FC00000000000000000000000000000000F5
S3090000FA0C00000000F0
S30D0000FA10A5EDF5FEA5EDF5FEDE
S3090100A100FFFFFFFF58
S3090100A200FFFDFFFF59
S3090100A280F8F8FFFFE5
S705000016B133
