:10000000A03E0020B116000045CB00009D17000067
:10001000A3170000A3170000A3170000A3170000F8
:10002000000000000000000000000000A317000016
:10003000A317000000000000A3170000A317000092
:10004000A3170000A3170000A3170000A3170000C8
:10005000A3170000A3170000A3170000A3170000B8
:10006000A3170000A3170000A3170000A3170000A8
:10007000A3170000A3170000A3170000A317000098
:10008000A3170000A3170000A3170000A317000088
:10009000A3170000A3170000A3170000A317000078
:1000A000A3170000A3170000A3170000A317000068
:1000B000A3170000A3170000A3170000A317000058
:1000C000A3170000A3170000A3170000A317000048
:1000D000A3170000A3170000A3170000A317000038
:1000E000A3170000A3170000A3170000A317000028
:1000F000A3170000A3170000A3170000A317000018
:10010000A3170000A3170000A3170000A317000007
:10011000A3170000A3170000A3170000A3170000F7
:10012000A3170000A3170000A3170000A3170000E7
:10013000A3170000A3170000A3170000A3170000D7
:10014000A3170000A3170000A3170000A3170000C7
:10015000A3170000A3170000A3170000A3170000B7
:10016000A3170000A3170000A3170000A3170000A7
:10017000A3170000A3170000A3170000A317000097
:10018000A3170000A3170000A3170000A317000087
:10019000A3170000A3170000A3170000A317000077
:1001A000A3170000A3170000A3170000A317000067
:1001B000A3170000A3170000A3170000A317000057
:1001C000A3170000A3170000A3170000A317000047
:1001D000A3170000A3170000A3170000A317000037
:1001E000A3170000A3170000A3170000A317000027
:1001F000A3170000A3170000A3170000A317000017
:10020000A3170000A3170000A3170000A317000006
:10021000A3170000A3170000A3170000A3170000F6
:10022000A3170000A3170000A3170000A3170000E6
:10023000A3170000A3170000A3170000A3170000D6
:10024000A3170000A3170000A3170000A3170000C6
:10025000A3170000A3170000A3170000A3170000B6
:10026000A3170000A3170000A3170000A3170000A6
:10027000A3170000A3170000A3170000A317000096
:10028000A3170000A3170000A3170000A317000086
:10029000A3170000A3170000A3170000A317000076
:1002A000A3170000A3170000A3170000A317000066
:1002B000A3170000A3170000A3170000A317000056
:1002C000A3170000A3170000A3170000A317000046
:1002D000A3170000A3170000A3170000A317000036
:1002E000A3170000A3170000A3170000A317000026
:1002F000A3170000A3170000A3170000A317000016
:10030000A3170000A3170000A3170000A317000005
:10031000A3170000A3170000A3170000A3170000F5
:10032000A3170000A3170000A3170000A3170000E5
:10033000A3170000A3170000A3170000A3170000D5
:10034000A3170000A3170000A3170000A3170000C5
:10035000A3170000A3170000A3170000A3170000B5
:10036000A3170000A3170000A3170000A3170000A5
:10037000A3170000A3170000A3170000A317000095
:10038000A3170000A3170000A3170000A317000085
:10039000A3170000A3170000A3170000A317000075
:1003A000A3170000A3170000A3170000A317000065
:1003B000A3170000A3170000A3170000A317000055
:1003C000A3170000A3170000A3170000A317000045
:1003D000A3170000A3170000A3170000A317000035
:1003E000A3170000A3170000A3170000A317000025
:1003F000A3170000A3170000A3170000A317000015
:10040000A3170000A3170000A3170000A317000004
:10041000A3170000A3170000A3170000A3170000F4
:10042000A3170000A3170000A3170000A3170000E4
:10043000A3170000A3170000A3170000A3170000D4
:10044000A3170000A3170000A3170000A3170000C4
:10045000A3170000A3170000A3170000A3170000B4
:10046000A3170000A3170000A3170000A3170000A4
:10047000A3170000A3170000A3170000A317000094
:10048000A3170000A3170000A3170000A317000084
:10049000A3170000A3170000A3170000A317000074
:1004A000A3170000A3170000A3170000A317000064
:1004B000A3170000A3170000A3170000A317000054
:1004C000A3170000A3170000A3170000A317000044
:1004D000A3170000A3170000A3170000A317000034
:1004E000A3170000A3170000A3170000A317000024
:1004F000A3170000A3170000A3170000A317000014
:10050000A3170000A3170000A3170000A317000003
:10051000A3170000A3170000A3170000A3170000F3
:10052000A3170000A3170000A3170000A3170000E3
:10053000A3170000A3170000A3170000A3170000D3
:10054000A3170000A3170000A3170000A3170000C3
:10055000A3170000A3170000A3170000A3170000B3
:10056000A3170000A3170000A3170000A3170000A3
:10057000A3170000A3170000A3170000A317000093
:10058000A3170000A3170000A3170000A317000083
:10059000A3170000A3170000A3170000A317000073
:1005A000A3170000A3170000A3170000A317000063
:1005B000A3170000A3170000A3170000A317000053
:1005C000A3170000A3170000A3170000A317000043
:1005D000A3170000A3170000A3170000A317000033
:1005E000A3170000A3170000A3170000A317000023
:1005F000A3170000A3170000A3170000A317000013
:10060000A3170000A3170000A3170000A317000002
:10061000A3170000A3170000A3170000A3170000F2
:10062000A3170000A3170000A3170000A3170000E2
:10063000A3170000A3170000A3170000A3170000D2
:10064000A3170000A3170000A3170000A3170000C2
:10065000A3170000A3170000A3170000A3170000B2
:10066000A3170000A3170000A3170000A3170000A2
:10067000A3170000A3170000A3170000A317000092
:10068000A3170000A3170000A3170000A317000082
:10069000A3170000A3170000A3170000A317000072
:1006A000A3170000A3170000A3170000A317000062
:1006B000A3170000A3170000A3170000A317000052
:1006C000A3170000A3170000A3170000A317000042
:1006D000A3170000A3170000A3170000A317000032
:1006E000A3170000A3170000A3170000A317000022
:1006F000A3170000A3170000A3170000A317000012
:10070000A3170000A3170000A3170000A317000001
:10071000A3170000A3170000A3170000A3170000F1
:10072000A3170000A3170000A3170000A3170000E1
:10073000A3170000A3170000A3170000A3170000D1
:10074000A3170000A3170000A3170000A3170000C1
:10075000A3170000A3170000A3170000A3170000B1
:10076000A3170000A3170000A3170000A3170000A1
:10077000A3170000A3170000A3170000A317000091
:100780000000000000000000000000000000000069
:100790000000000000000000000000000000000059
:1007A0000000000000000000000000000000000049
:1007B0000000000000000000000000000000000039
:1007C0000348044B834202D0034B03B118477047E0
:1007D000940400209404002000000000064B074908
:1007E000C91A891048BF0131491003D0044B0BB11D
:1007F00001481847704700BF94040020940400206B
:100800000000000010B5064C237843B9FFF7D8FF6D
:10081000044B13B10448AFF300800123237010BDD3
:10082000100500200000000078F1000008B5054B1D
:100830001BB105490548AFF30080BDE80840FFF74C
:10084000CDBF00BF000000001405002078F10000BB
:10085000A3F5803A704700BF174B002B08BF134B1E
:100860009D46FFF7F5FF00218B460F461348144ABB
:10087000121A0CF09EFD0E4B002B00D098470D4B2A
:10088000002B00D098470020002104000D000D48E7
:10089000002802D00C48AFF300800CF0E9FD2000E6
:1008A000290000F0F7FC0CF095FB00BF00000800E9
:1008B0000000000000000000A03E00201005002005
:1008C00090320020000000000000000080B485B0DD
:1008D00000AFF860B9607A607B68DB43BA689A421F
:1008E00001D9002305E0BA687B681A44FB681A60E6
:1008F000012318461437BD4680BC704780B586B0CA
:1009000000AFF860B9607A60FB68002B01D100236A
:1009100016E007F114037A68B9681846FFF7D6FFA6
:10092000034683F00103DBB2002B01D0002307E074
:10093000FB68DA687B699A4201D2002300E0012358
:1009400018461837BD4680BD80B485B000AF034659
:100950003960FB710023FB600AE0134AFB681B014E
:1009600013441B78FA799A4208D0FB680133FB6084
:100970000E4B1B68FA689A42EFDB00E000BF0B4B9E
:100980001B68FA689A4202D14FF0FF3306E0FB6819
:100990001B01054A1A443B681A60002318461437A5
:1009A000BD4680BC704700BF0CDF00004CDF00007C
:1009B00080B483B000AF786000BF0C37BD4680BC08
:1009C0007047000080B58EB000AFF860B9607A6003
:1009D0003B60002387F833300023FB623A68B96834
:1009E000F868FFF78BFF034683F00103DBB2002BAF
:1009F00002D04FF0FF33CEE03B687B63FB685B685F
:100A00005B68984703467B613B7DC3F34103DBB2E0
:100A10001A46634B53F8223087F82B3097F82B3067
:100A20005B421A46BB6813407B627A6ABB689A4293
:100A300043D0FB685B685B69FA6891687A6A8818DA
:100A400007F1180101229847F862FB6A002B01DACE
:100A5000FB6AA0E0BA687B6AD21A3B681A4497F82E
:100A60002B309A4206D397F82B20796ABB68CB1AB1
:100A7000134400E03B683B62002387F8333013E007
:100A800097F83320BB681A447B6AD21A97F8333040
:100A900079680B4438323A4412F8202C1A7097F8CF
:100AA0003330013387F8333097F833303A6A9A425B
:100AB000E6D87A6B3B6AD31A7B637B6B002B01D140
:100AC000002368E097F82B307A6BB2FBF3F3FB61FD
:100AD000FB69002B22D0FB685B685B69FA68916850
:100AE000BA68114497F83320881897F8332079684A
:100AF0001144FA699847F862FB6A002B01DAFB6A35
:100B000049E097F82B30FA6902FB03F37A6BD31AAA
:100B10007B637B6B002B01D100233CE0FB685B68AF
:100B20005B69FA689168BA68114497F833201144F8
:100B300097F82B20F86900FB02F2881807F11801DA
:100B400001229847F862FB6A002B01DAFB6A22E077
:100B5000002387F8323018E097F8322097F83310E6
:100B600097F82B30F86900FB03F3194497F83230FB
:100B70000B4479680B4438323A4412F8202C1A702E
:100B800097F83230013387F8323097F832307A6B89
:100B90009A42E1D8002318463837BD4680BD00BFD1
:100BA00000DF000090B593B000AFF860B9607A60E4
:100BB0003B600023FB63BB68BB63BA68BB6BD31AA3
:100BC0007B633A68B968F868FFF798FE034683F0DC
:100BD0000103DBB2002B02D04FF0FF334DE1FB6885
:100BE0005B685B68984703467B613B7DC3F34103C9
:100BF000DBB21A468E4B53F8223087F8333007F1B8
:100C00001C027B6BB96BF868FFF7DCFE0346002B18
:100C100002D04FF0FF3330E13A687B6B1344FB6244
:100C2000FA6A3B68D21A7B6BD31ABB62FA6AB96B59
:100C3000F868FFF763FE034683F00103DBB2002B85
:100C400002D04FF0FF3318E1BA683B68D11807F1C2
:100C50001802BB6AF868FFF7B5FE0346002B02D006
:100C60004FF0FF3309E17B6B002B67D07B6B7B641C
:100C70000023FB630FE07A68FB6B1344197807F1DC
:100C80001C027B6C13440A461A707B6C01337B6434
:100C9000FB6B0133FB637B6C002B03D1FA6B3B686E
:100CA0009A42E8D3FA6B3B689A4221D100233B6415
:100CB00010E007F118023B6C1344197807F11C028D
:100CC0007B6C13440A461A707B6C01337B643B6C6B
:100CD00001333B647B6C002B03D13A6CBB6A9A42B4
:100CE000E7D33A6CBB6A9A4202D04FF0FF33C4E0BC
:100CF0007B6C012B02D04FF0FF33BEE0FB685B68DA
:100D00009C69FB689A68BB6BD01897F833301A4619
:100D10000132022A94BF01220022D2B252B2002A2A
:100D200014BF1B4600231A4607F11C031946A047AF
:100D30000346002B02DA4FF0FF339EE0FA6B3B686C
:100D40009A4280F099803A68FB6BD31A7B627B6A87
:100D5000002B19D0FB685B689B69FA689168BA68D8
:100D60001144FA6B881897F83320796AB1FBF2F2D4
:100D7000796898470346002B02DA4FF0FF337CE096
:100D8000FA6B7B6A1344FB63FB6B3B62BB6A002B11
:100D900072D000237B640FE07A68FB6B13441978F0
:100DA00007F11C027B6C13440A461A707B6C0133FA
:100DB0007B64FB6B0133FB637B6C002B03D1FA6B11
:100DC0003B689A42E8D3FA6B3B689A4202D04FF0F4
:100DD000FF3352E000233B6410E007F118023B6C44
:100DE0001344197807F11C027B6C13440A461A70ED
:100DF0007B6C01337B643B6C01333B647B6C002B6D
:100E000003D13A6CBB6A9A42E7D37A6B3B6A1344CC
:100E100001337B627B6C012B07D13A6CBB6A9A422F
:100E200003D1FA6A7B6A9A4204D04FF0FF3324E080
:100E300000DF0000FB685B689C69FB689A68BB6820
:100E40001A443B6AD01897F833301A460132022A06
:100E500094BF01220022D2B252B2002A14BF1B4614
:100E600000231A4607F11C031946A0470346002B2E
:100E700002DA4FF0FF3300E0002318464C37BD463E
:100E800090BD00BF80B588B000AFF860B9607A60EF
:100E90000023FB610023BB617A68B968F868FFF73B
:100EA0002DFD034683F00103DBB2002B02D04FF08F
:100EB000FF3327E0FB685B689B6A984778617B6932
:100EC0001B68002B1DD116E0FB685B68DB69FA68C4
:100ED0009168BA680A4410469847B861BB69002B0C
:100EE0000ED17B699B68FA691344FB617B699B683F
:100EF000BA681344BB60FA697B689A42E4D300E0A5
:100F000000BFBB6918462037BD4680BD80B584B0A0
:100F100000AF78607B685B689B6A9847F860FB6805
:100F20001B6918461037BD4680BD80B485B000AF40
:100F300078607B6813F1040F01D9052308E07B6812
:100F40000333FB60FB68042B01D9052300E0FB6839
:100F500018461437BD4680BC7047000080B582B08B
:100F600000AF0A4B1B687B6009F0B9FD03463B608C
:100F70003B68002B02D0054B1B6801E0044B1B684B
:100F80007B607B6818460837BD4680BD080400209A
:100F90003C25002080B588B000AF78603960174BE1
:100FA0001B68FB613B68002B02D1144B1B6821E0DE
:100FB0007868FFF7BAFFB861BB69042B02D90F4B01
:100FC0001B6817E007F10C031A460421B86909F001
:100FD00017FE03463B613B69002B02D0074B1B68A1
:100FE00001E0074B1B68FB61FB687B617A693B682A
:100FF0001A60FB6918462037BD4680BD08040020F2
:101000003C25002080B584B000AF786039607868F6
:10101000FFF78BFFF860FB68042B02D94FF0FF331A
:101020000BE03968F86809F0E5FEB860BB68002B92
:1010300002D04FF0FF3300E0002318461037BD46C2
:1010400080BD000080B584B002AF3B461A4608213F
:1010500002200AF0ABFBD7E900230C480C498B4275
:1010600008BF824207D10B4B00930B4B0B4A0C4934
:101070000C480CF039F93B460822002118460CF0C8
:1010800098F900BF0837BD4680BD00BFA9B454B26F
:101090006D6F90A400E0000094DF0000B4DF00005A
:1010A000E4DF0000ECDF000080B582B000AF3B461B
:1010B0001A46042107200AF079FB78607B68002B30
:1010C00001D07B6808E03B68002B02D03B68012B15
:1010D00001D1012300E0002318460837BD4680BD3A
:1010E00080B582B000AF124A20210C200AF0C0FC6B
:1010F00078607B68002B06D07B684CF25A329342B2
:1011000001D07B6810E00B4A20210D200AF0B0FCD2
:1011100078607B68002B06D07B684CF25A32934291
:1011200001D07B6800E07B6818460837BD4680BD6B
:1011300054DF000074DF000080B584B002AF3B468E
:101140001A46042107200AF031FB78607B68002BE7
:1011500001D07B6830E01A480CF0C6F8194B0093B8
:10116000194B1A4A1A491B480CF0BEF83B68002B71
:1011700021D1194A184B9A4205D018480CF0B4F8FE
:101180004AF2C53318E00AF01FFE78607B68002B36
:1011900001D07B6810E0FFF7A3FF78607B68002B2D
:1011A00001D07B6808E00AF016FE78607B68002BAF
:1011B00001D07B6800E0002318460837BD4680BD9B
:1011C00008E0000000E0000094DF00002CE00000D8
:1011D000E4DF0000ECDF0000EDFEDEC064E00000B4
:1011E00080B400AF00BFBD4680BC704780B400AF84
:1011F00000BFBD4680BC704780B400AF00BFBD4695
:1012000080BC704780B400AF00BFBD4680BC704753
:1012100080B400AF00BFBD4680BC704780B586B0CB
:1012200000AF78607B681B7907F10C021146184605
:1012300000F050F938613B69002B05D0124B134A7E
:101240004D2113480BF08AF97B681B681B6903F07A
:101250002003002B09D07B681B685B687A681268E2
:10126000128992B213447B6109E07B689A68FB683B
:1012700013447A681268128992B213447B6109F0B0
:10128000E7F9786909F0D0FBA0E00000F8E200007F
:10129000A8E0000080B586B000AF744B1B687B618E
:1012A000724B1B68FB604FF40051714803F0AEFBBA
:1012B00009F0C2F909F092FBB860BB68002B06D0B8
:1012C0006C480CF011F8BB68184609F0DBFB6A4863
:1012D0000CF00AF80AF038FA78607B68002B05D029
:1012E00066480CF001F8786809F0CCFBFFF7DCFEEB
:1012F0000346002B0BD0FFF71FFF78607B68002BA5
:1013000005D05F480BF0F0FF786809F0BBFBFFF7F2
:1013100099FE564B1B687B610123002B02D0FFF71F
:101320001DFE7861574B1B687A699A4206D0564871
:101330000BF0DAFF7B69184609F0A4FB09F06CFB9F
:10134000B860BB68002B06D050480BF0CDFFBB68DF
:10135000184609F097FB01233B6163E03B6918469F
:1013600009F0A9FB034683F00103DBB2002B55D142
:101370003B69184609F08BFBB860BB68002B07D0AF
:10138000396943480BF0B0FFBB68184609F07AFB97
:101390000C2200213F480CF00CF8344B1B687B6199
:1013A0000123002B05D03B6919463A4801F0F0FCB7
:1013B0007861344B1B687A699A421AD036480BF030
:1013C00093FF3B69184609F080FB03463B603B688E
:1013D000002B02D0254B1B6801E02A4B1B68FB60E9
:1013E000284B1B68FA689A4203D0FB68184609F03C
:1013F00049FB244B1B687A699A42C9D13B6918465C
:1014000009F04FFBB860BB68002B08D0396923484E
:101410000BF06AFFBB68184609F034FB00BF3B695C
:10142000013B3B613B69002B98DA1A4B9B681946DC
:101430001B480BF059FF174B1B681B7D1946154BBA
:101440001B685B7D1A46134B1B68DB8A9BB21548F1
:101450000BF04AFF14480BF047FF0E48FFF7DEFE83
:1014600012480BF041FF002009F00CFB080400209B
:101470002C050020F8E0000018E1000034E1000035
:1014800060E100003C2500207CE10000B4E10000A8
:10149000D8E100002C25002004E200002CE200002E
:1014A00058E200008CE20000B0E20000D8E2000048
:1014B00080B584B000AF0346B9607A60FB73FB7BF4
:1014C0007A68B968184609F022FD034618461037B5
:1014D000BD4680BD80B582B000AF03463960FB7168
:1014E000FB79002B08D0FB79002219460B480BF042
:1014F000FBFE4FF0FF330CE03B68002B05D1084B9F
:10150000084A212108480BF029F83B6800221A609C
:10151000002318460837BD4680BD00BF04E3000025
:1015200030E30000E8E300003CE3000080B483B057
:1015300000AF786039603B68022B21D03B68022BFA
:1015400020DC3B68002B03D03B68012B0CD019E05A
:101550007B68002B06D07B68012B01D1022313E0AE
:10156000FF2311E001230FE07B68002B06D07B688E
:10157000012B01D1042307E0FF2305E0032303E04F
:10158000052301E04FF0FF3318460C37BD4680BC01
:101590007047000080B582B000AF78607B68002B98
:1015A00005D1084B084A502108480AF0D7FF7B684C
:1015B0005B689B6A984703461B7D18460837BD4603
:1015C00080BD00BFB8E30000FCE300003CE3000086
:1015D00080B588B000AFF860B9607A60BB681B68FE
:1015E0007B614FF0FF33BB61FB68DBB207F1100298
:1015F00011461846FFF7A8F90346002B4CD1BB68EB
:101600001B68002B42D03B69DB68FB61BB68002292
:101610001A6026E0FB69B3F5004F08D23B69DA682F
:101620004FF40043F9681F480BF05EFE2FE0BB68E3
:101630001A68BB681B68DB0079680B44D2031A6028
:10164000BB681B68DB007A6813444FF400425A60A1
:10165000BB681B685A1CBB681A60FB69A3F5004392
:10166000FB61FB69002B04D0BB681B687A699A4256
:10167000D0D8BB681B687A699A4204D2F9680A48D4
:101680000BF032FE03E00023BB6100E000BF3B69CA
:101690001846FFF78DF900E000BFBB6918462037F8
:1016A000BD4680BD14E4000050E4000000000000CE
:1016B00080B588B000AF72B600BF314B3B603B686D
:1016C00083F3098800BF2F4B7B607B6883F30A8814
:1016D00000BF2C4BBB60BB6883F30B8800BF2A4B59
:1016E000FB60F96824A3D3E90023C1E9002300BF0C
:1016F0000BF086F9254BFB6119E00023BB610EE07E
:10170000FB691A68BB699B001A44FB695968BB698D
:101710009B000B4412681A60BB690133BB61FB6913
:101720009B68BA699A42EBD3FB690C33FB61FB6996
:10173000174A9342E1D3174B7B6114E000233B61CE
:1017400009E07B691A683B699B00134400221A6018
:101750003B6901333B617B695B683A699A42F0D32C
:101760007B6908337B617B690B4A9342E6D3FFF7C1
:1017700073F800BFAFF30080A5EDF5FEA5EDF5FE13
:10178000A03E0020A036002098040020D4DE0000F7
:10179000E0DE0000E0DE0000E8DE000080B400AF24
:1017A000FEE780B400AFFEE780B483B000AF78609E
:1017B0007B685B7818460C37BD4680BC704780B4A8
:1017C00083B000AF78607B689B6818460C37BD46D5
:1017D00080BC704780B483B000AF78607B68DB6802
:1017E00018460C37BD4680BC704780B483B000AF4C
:1017F00078607B681B6818460C37BD4680BC704714
:1018000080B483B000AF78607B685B6818460C37A3
:10181000BD4680BC704780B485B000AFF860B96049
:101820007A607B68DB43BA689A4201D9002305E0FD
:10183000BA687B681A44FB681A600123184614379B
:10184000BD4680BC704780B483B000AF786039601B
:101850007B6893F8B83019463B682C2203FB02F2F0
:10186000582301FB03F313447A68134418460C37DA
:10187000BD4680BC704780B483B000AF78603960EB
:101880007B6893F8B83018467A683B682C2103FBD4
:1018900001F1582300FB03F30B44134428331B6866
:1018A00018460C37BD4680BC704780B582B000AF8B
:1018B000786039607B6893F8B83018467A683B687E
:1018C0002C2103FB01F1582300FB03F30B441344C9
:1018D00020331B681846FFF772FF03461846083787
:1018E000BD4680BD80B584B000AFF860B9607A6055
:1018F000FB6893F8B8301846FA68BB682C2103FBE4
:1019000001F1582300FB03F30B44134424331A68FA
:101910007B68DB0013441846FFF772FF0346184646
:101920001037BD4680BD90B585B000AFF860B96096
:101930007A60FB6893F8B8301846FA68BB682C21C7
:1019400003FB01F1582300FB03F30B44134424333E
:101950001A687B68DB0013441846FFF746FF04460D
:10196000FB6893F8B8301846FA68BB682C2103FB73
:1019700001F1582300FB03F30B44134424331B6889
:101980001846FFF732FF0346E31A18461437BD46E0
:1019900090BD80B586B000AFF8600B467A60FB72F0
:1019A00000233B6123E001237B617B69012B0BD189
:1019B0003B691946F868FFF746FF02467B683969BC
:1019C000F86801F05BFA78617B69002B0CD03B6909
:1019D000002B07DDFB7A83F00103DBB2002B01D083
:1019E000002308E07B6906E03B6901333B613B690A
:1019F000012BD8DD002318461837BD4680BD0000F6
:101A0000B0B584B000AF78600B46FB707B6893F88C
:101A1000B840FB7819467868FFF715FF7B6893F8A4
:101A2000B8301D46FB787A682C2103FB01F158235E
:101A300005FB03F30B44134420331B681A4601468D
:101A4000204601F0BDFCF860FB68002B04D005487F
:101A50000BF04AFCFB6800E0002318461037BD4637
:101A6000B0BD00BF7CE4000080B584B000AF7860FA
:101A700039607B68002283F8B8207B68002283F8F5
:101A8000B82014E07B6893F8B8301A467B6813449A
:101A900093F8B93083F00103DBB2002B0DD17B68E2
:101AA00093F8B8300133DAB27B6883F8B8207B68EA
:101AB00093F8B830012BE5D900E000BF7B6893F8BC
:101AC000B830012B27D80023FB607B6893F8B8302F
:101AD00018467A68FB682C2103FB01F1582300FBB0
:101AE00003F30B44134420331B681846FFF75CFED6
:101AF00003461A463B681A71F9687868FFF7D5FE05
:101B000002463B689A60F9687868FFF79CFE0246D7
:101B10003B681A6000E000BF1037BD4680BD80B54D
:101B200084B000AF78607B68002283F8B82031E091
:101B30007B6893F8B8301A467B68134493F8B93041
:101B4000002B1ED10023FB6017E07B6893F8B830B0
:101B50001846FB68C3F101037A682C2103FB01F1ED
:101B6000582300FB03F30B44134420331B6818462F
:101B7000FEF71EFFFB680133FB60FB68012BE4D915
:101B800000E000BF7B6893F8B8300133DAB27B68BD
:101B900083F8B8207B6893F8B830012BC8D900BF10
:101BA00000BF1037BD4680BD80B483B000AF786001
:101BB00039607B681A783B681B789A4201D9012307
:101BC0002FE07B681A783B681B789A4202D24FF06C
:101BD000FF3326E07B685A783B685B789A4201D9EC
:101BE00001231EE07B685A783B685B789A4202D2F8
:101BF0004FF0FF3315E07B685B889AB23B685B88E7
:101C00009BB29A4201D901230BE07B685B889AB2B0
:101C10003B685B889BB29A4202D24FF0FF3300E0F0
:101C2000002318460C37BD4680BC704780B586B08F
:101C300000AF786039603B681B781A467B681344B4
:101C400093F8B030FB74FB7C022B05D0FB7C042B9B
:101C500002D0FB7C032B01D1012300E00023FB60B9
:101C60003B681B781946FB682C2203FB02F25823C1
:101C700001FB03F3134410337A6813440433BB604D
:101C80003B6804331946B868FFF78EFF78617B69BB
:101C9000002B22DA7B6893F8B8301A467B6813442D
:101CA00093F8B030012B0ED0002B19DD023B012B35
:101CB00016D87B6893F8B8301A467B681344012223
:101CC00083F8B0200DE07B6893F8B8301A467B6843
:101CD0001344042283F8B02003E000237B6100E07A
:101CE00000BF7B6918461837BD4680BD80B586B0F9
:101CF00000AF78604FF0FF337B617B68002283F890
:101D0000B82055E07B6893F8B8301A467B681344D6
:101D100093F8B930002B08D07B6893F8B8300133C2
:101D2000DAB27B6883F8B82042E07B6893F8B83079
:101D30001A467B68134493F8B030012B0CD07B68B3
:101D400093F8B8301A467B68134493F8B030052BEB
:101D500002D00123FB7401E00023FB74FB7C1946D5
:101D6000786800F02FF878617B69002B08D17B68D8
:101D700093F8B8300133DAB27B6883F8B82017E003
:101D80000023FB6010E0FB68DAB27B6883F8B820C0
:101D90007B6893F8B8301A467B681344012283F8B5
:101DA000B020FB680133FB60FB68012BEBDD04E036
:101DB0007B6893F8B830012BA4D97B691846183793
:101DC000BD4680BD80B592B002AF786039607B6857
:101DD00093F8B8301A463B6819461046FFF7A6FB41
:101DE000B863BB6BDBB207F1340211461846FEF74D
:101DF000ABFDF863FB6B002B02D00123FB634EE0CD
:101E000039687868FFF71FFD01467A6B07F11C00FF
:101E100001230093402301F0FFF8F863FB6B002BD4
:101E20003AD107F10A0207F10C0107F11C00002367
:101E300001F072F9F863FB6B002B02DA4FF0FF330D
:101E400032E0FB6B002B02DD0023FB6327E07B8984
:101E50000C2B02D00323FB6321E0786BF9687B89AC
:101E600007F11002FEF7AEFDF863FB6B002B02D00A
:101E70000123FB6313E03B7C012B02D90723FB63A7
:101E80000DE007F1100319467868FFF7CFFEF863FD
:101E9000FB6B002B02D1C4E700BF00E000BF7B6BEF
:101EA0001846FEF785FDFB6B18464037BD4680BDE2
:101EB00080B584B000AF78607B6893F8B83019467D
:101EC0007A68582301FB03F3134420331B68184638
:101ED000FFF71CF8F860FB6818461037BD4680BD58
:101EE00080B586B000AF786039600823BB600823F6
:101EF000BB607B6893F8B830002B08D07B6893F800
:101F0000B830012B01D1022302E0FF2300E00123BE
:101F10003A68934217D17B6893F8B83019467A68CB
:101F2000582301FB03F3134424331B687B617B6854
:101F300093F8B8301A46582302FB03F328337A6823
:101F400013443B612BE07B6893F8B830002B08D03A
:101F50007B6893F8B830012B01D1042302E0FF2302
:101F600000E003233A68934217D17B6893F8B830B6
:101F700019467A68582301FB03F3134450331B6856
:101F80007B617B6893F8B8301A46582302FB03F351
:101F900054337A6813443B6101E0012310E007F1F8
:101FA00008037A6919463868FFF712FBF860FB6886
:101FB000002B01D0FB6803E0BA683B691A6000237C
:101FC00018461837BD4680BD80B584B000AF786034
:101FD0007B6893F8B830FB73FB7B002B06D0FB7B50
:101FE000012B01D1022302E0FF2300E00123194667
:101FF0007868FFF775FFB860BB68002B01D001233C
:102000001CE0FB7B002B06D0FB7B012B01D10423C2
:1020100002E0FF2300E0032319467868FFF760FF22
:10202000B860BB68002B01D0092307E07868FFF790
:102030003FFF02467B68C3F8B420002318461037E0
:10204000BD4680BD80B483B000AF78607B6800225D
:102050009A717B6800229A607B680022DA607B6854
:1020600001225A717B6801221A607B6801221A7171
:102070007B680122DA7100BF0C37BD4680BC704717
:1020800080B483B000AF78607B685B79012B09D1A5
:102090007B681B68012B05D17B681B79012B01D163
:1020A000012300E0002303F00103DBB218460C37E4
:1020B000BD4680BC7047000080B58CB006AFF860AC
:1020C000B9607A603B60124B1B687B61FB6893F8D8
:1020D000B830FB740E4B1B687B610123002B11D0C1
:1020E000F97C0023049300230393002302934FF40D
:1020F00080730193074B00937B68BA68002001F05E
:1021000027FE78617B6918461837BD4680BD00BF41
:1021100008040020FC25002080B584B000AF786062
:1021200039607B681B68134A934201D000231CE08E
:102130007B68D9687B681B899BB21A4607F10C0340
:102140001846FFF768FB034683F00103DBB2002B60
:1021500001D0002309E03868FFF73CFB0246FB682A
:102160009A4201D8002300E0012318461037BD46EB
:1021700080BD00BF3DB8F39680B487B000AF034682
:10218000B9607A60FB73BB683B610023FB750BE0B1
:10219000FB7D3A6913441B78FA7B9A4201D00023F5
:1021A00007E0FB7D0133FB75FB7D7A689A42EFD82F
:1021B000012318461C37BD4680BC704780B588B0E7
:1021C00000AF786039607B6893F8B830396818469A
:1021D000FFF7ACF9F861FB69DBB207F10C021146BD
:1021E0001846FEF7B1FBB861BB69002B02D04FF077
:1021F000FF331FE0FB681846FFF7CCF90346FB7579
:10220000FB681846FEF7D4FB3B6819467868FFF771
:102210001AFB38613969FB7D04221846FFF7ACFFD1
:10222000034683F00103DBB2002B02D04FF0FF33F3
:1022300000E0002318462037BD4680BD90B58BB026
:1022400000AFF860B9607A603D4B1B687B62FB6849
:1022500093F8B830B9681846FFF768F938623B6AF6
:10226000DBB207F1140211461846FEF76DFBF86168
:10227000FB69002B01D07B6A5DE0BB681946F868FA
:10228000FFF7E1FAB861B968F868FFF797FF03460E
:10229000002B05D0BB691B6903F01003002B03D092
:1022A000284B1B687B6241E0274B1B687B62264BF7
:1022B0001B687A6A9A420CD1214B1B687B6201230E
:1022C000002B06D07A697B68B969F868FFF7F4FEDD
:1022D00078627B691946B869FFF71EFF034683F0F1
:1022E0000103DBB2002B04D1184B1B687A6A9A42B7
:1022F0001BD0BB68002B0AD07C697B691846FFF7AE
:1023000069FA03461A4600212046FEF7BBFDBB686A
:10231000002B01D10E4B00E00E4B19460E480AF07F
:10232000E3FF084B1B687B6200E000BF7B69184637
:10233000FEF73EFB7B6A18462C37BD4690BD00BFBA
:10234000080400200C040020100400203C2500207C
:10235000ACE40000B4E40000C0E4000080B588B044
:1023600000AF0346B9607A60FB730023BB61FB7B5F
:10237000B9681846FFF7DAF80346DBB207F118022E
:1023800011461846FEF7E0FAF861FB69002B02D00F
:102390000123FB6115E0BB6907F114021946786857
:1023A00001F088FCF861FB69002B09D1FB7B7A699D
:1023B00011461846FEF726FEF861FB69002B00E087
:1023C00000BFBB691846FEF7F3FAFB6918462037D1
:1023D000BD4680BD80B584B000AF78603960194BD0
:1023E0001B68BB607B6893F8B830184601F06CFA44
:1023F000F860FB68022B05D0FB68042B02D0FB6859
:10240000032B1AD10F4B1B68BB600123002B05D097
:102410003A6801217868FFF711FFB8600A4B1B6822
:10242000BA689A4209D0094B1B68BA689A4202D12D
:102430000123FB6001E00523FB60FB6818461037B1
:10244000BD4680BD080400203C2500200C0400206F
:1024500080B584B000AFF860B9607A607A68B96816
:10246000F868FEF70FFD034618461037BD4680BDDD
:1024700080B588B000AFF860B9607A603B60002337
:10248000FB612DE0FA6AFB69D31AB3F5806F03D9BB
:102490004FF48063BB6103E0FA6AFB69D31ABB6146
:1024A0003A68FB69D118BB69124AB868FEF78AFA24
:1024B00078617B69002B01D0012316E0BA6AFB69C1
:1024C000D118BB690B4A7868FEF76CFB78617B69B1
:1024D000002B01D0012308E0BB69FA691344FB61BA
:1024E000FA69FB6A9A42CDD3002318462037BD46CD
:1024F00080BD00BFFC260020B0B58EB002AF786072
:1025000039607B6893F8B83087F8273097F8273020
:10251000194678480AF0E8FE77480AF0E5FE97F891
:102520002730002B07D097F82730012B01D1022349
:1025300002E0FF2300E0012307F1100211461846D4
:10254000FEF702FA38623B6A002B06D06B4B6C4AEE
:1025500040F257516B480AF001F897F82730002BEA
:1025600007D097F82730012B01D1042302E0FF2385
:1025700000E0032307F10C0211461846FEF7E4F9C8
:1025800038623B6A002B06D05C4B5D4A40F25B51DF
:102590005C4809F0E3FF00217868FFF76CF9F86107
:1025A0000023FB620023BB621DE0FA6A0021786809
:1025B000FFF798F978613B697A69B96A1846FFF7BD
:1025C00047FF38623B6A002B06D04C4B4C4A40F226
:1025D00061514C4809F0C2FFBA6A7B691344BB627F
:1025E000FB6A0133FB62FA6AFB699A42DDD397F812
:1025F0002730BA6A194644480AF076FEF9683A6903
:10260000BB6A01930023009300237868FFF730FF33
:1026100038623B6A002B01D03B6A66E000233B62D4
:102620003B6A002B01D03B6A5FE07B6893F8B840BF
:1026300001217868FFF707F903461A460021204672
:10264000FFF78CFE38623B6A002B04D02F480AF05B
:102650004BFE3B6A49E0FC68002201217868FFF7E5
:1026600062F90546002201217868FFF73BF903462D
:102670001A4629462046FFF7EBFE38623B6A002BDC
:1026800006D01E4B1E4A40F2B7511E4809F066FFA5
:1026900001217868FFF7EFF80346013BBB61FC6856
:1026A000BA6901217868FFF73EF90546BA69012148
:1026B0007868FFF717F903461A4629462046FFF7C0
:1026C000C7FE38623B6A002B06D00C4B0C4A40F226
:1026D000C1510C4809F042FF3B691846FEF768F902
:1026E000FB681846FEF764F9002318463037BD46EC
:1026F000B0BD00BFECE4000024E5000048E50000A8
:1027000070E7000050E50000C8E5000018E6000092
:1027100080B584B000AF7860396039687868FFF7B9
:10272000EBFEF860FB68002B06D0064B064A4FF420
:10273000CF61064809F012FFFB6818461037BD4606
:1027400080BD00BF48E5000080E7000050E50000C4
:1027500080B485B000AF78600B46FB707B6893F85F
:10276000B830002B33D0FB7883F00103DBB2002BB1
:1027700013D07B6893F8B8301A467B68134493F8FB
:10278000B030012B25D07B6893F8B8301A467B68AF
:10279000134493F8B030042B1BD00023FB730FE0DD
:1027A000FB7B7A68134493F8B030042B05D1FB7B94
:1027B0007A681344012283F8B020FB7B0133FB735A
:1027C0007B6893F8B830FA7B9A42E9D302E000BF05
:1027D00000E000BF1437BD4680BC704780B584B0B0
:1027E00000AF786039604E4B1B68FB607868FFF77C
:1027F000EBFBB860BB68002B0FD0082149480AF0FA
:1028000073FD7B6893F8B8301A467B681344012245
:1028100083F8B020BB68012B7DD0002200217868AE
:10282000FFF7B7F8B860BB68002B10D07B6893F84F
:10283000B83019463C480AF057FD7B6893F8B83029
:102840001A467B681344012283F8B02064E078685C
:1028500000F046FB0346002B53D03868FFF7F2FB2D
:102860003868FFF70DFC034683F00103DBB2002B51
:102870000AD001217868FFF76BFF2C4B2C4A40F2FD
:1028800076712C4809F06AFE3B68DB79012B0ED18A
:1028900039687868FFF79EFD02467B6893F8B83088
:1028A0001946D2B27B680B4483F8B02024E01C4B5D
:1028B0001B68FB600123002B05D03A680121786872
:1028C000FFF7BCFCF8601C4B1B68FA689A4209D001
:1028D0007B6893F8B8301A467B681344052283F866
:1028E000B02009E07B6893F8B83019463B68DA7984
:1028F0007B680B4483F8B02000217868FFF728FF3D
:102900000AE07B6893F8B8301A467B6813440122CA
:1029100083F8B02000E000BF1037BD4680BD00BF87
:102920000804002054E600009CE60000CCE600000D
:1029300094E7000050E500003C25002090B585B0EC
:1029400000AF78607B6893F8B8301A467B68134410
:1029500093F8B030012B15D17B6893F8B840002173
:102960007868FEF770FF03461A4600212046FFF7FD
:10297000F5FCF860FB68002B04D005480AF0B4FCB5
:10298000FB6800E0002318461437BD4690BD00BF29
:10299000D0E6000080B483B000AF78600023184612
:1029A0000C37BD4680BC704780B590B002AF7860F0
:1029B00039604FF0FF333B63AD4B1B68FB62002374
:1029C00087F82B307B68002283F8B8209AE07B6878
:1029D00093F8B8301A467B68134493F8B930002B4B
:1029E00040F087807B6893F8B8307B627B6893F80F
:1029F000B83018467B6A9B019E4A1A44796858236E
:102A000000FB03F30B4424331A607B6893F8B8305F
:102A100018467B6A9B01984A1A447968582300FB40
:102A200003F30B4450331A6000237B6336E07B6B67
:102A30001946786AFEF77AFD38623B6AD8B27B683D
:102A400093F8B83019467B6B2C2203FB02F2582313
:102A500001FB03F3134420337A6813441946FDF74E
:102A600073FF38633B6B002B06D0844B844A40F6DF
:102A70005D01844809F072FD3B6B002B0BD07B6B32
:102A80005BB21A463B6B009313467A6A396A7E48FA
:102A90000AF02AFCFEE77B6B01337B637B6B012B27
:102AA000C5D907F1100319467868FFF797FE7B68D0
:102AB00093F8B8301A467B68134493F8B030022B71
:102AC00013D07B6893F8B8301A467B68134493F8A8
:102AD000B030042B09D07B6893F8B8301A467B6875
:102AE000134493F8B030032B04D1012387F82B3023
:102AF00000E000BF7B6893F8B8300133DAB27B683E
:102B000083F8B8207B6893F8B830012B7FF65FAF6D
:102B100097F82B30002B08D07868FFF7E7F8386378
:102B20003B6B002B01D000233B637B68002283F8C2
:102B3000B8207FE07B6893F8B8301A467B6813446E
:102B400093F8B930002B6CD107F110031846FFF74A
:102B500079FA7B6893F8B8301A467B68134493F887
:102B6000B030FB757B6893F8B8301A467B68134425
:102B700093F8B030013B042B32D801A252F823F075
:102B8000F52B0000952B0000952B0000B52B0000C5
:102B9000F52B00007868FFF7FDFE0346002B09D0F7
:102BA0007B6893F8B8301A467B681344012283F897
:102BB000B02022E001233B633B6B012B06D107F1E0
:102BC000100319467868FFF7A3FD38633B6B002BB1
:102BD00012D02A4B2A4A40F6BB012A4809F0BEFC13
:102BE0007B6893F8B8301A467B681344FF2283F859
:102BF000B02002E000BF00E000BF7B6893F8B8306F
:102C00001A467B68134493F8B030FF2B0AD11F4853
:102C10000AF06AFB1E4B1A4A40F6D201194809F025
:102C20009DFC00BF7B6893F8B8300133DAB27B6853
:102C300083F8B8207B6893F8B830012B7FF67AAF21
:102C40000023FB607B68002283F8B8207AE07B6871
:102C500093F8B8301A467B68134493F8B930FB7286
:102C6000FB7ADBB2002B15D0FB680133FB6061E01F
:102C700008040020FC2A00207C2B002048E50000EE
:102C8000B4E7000050E5000010E7000060E7000036
:102C9000CCE600007B6893F8B8301A467B68134492
:102CA00093F8B030012B0CD0002200217868FEF799
:102CB00070FE38633B6B002B03D0324B1B68FB620A
:102CC00051E0304B1B68FB620123002B05D0002232
:102CD00000217868FFF7B2FAF8622B4B1B68FA6A9A
:102CE0009A4209D1274B1B68FA6A9A4204D0274BB3
:102CF0001B68FA6A9A4203D1224B1B68FB6232E0DE
:102D00007868FFF71BFE38633B6B002B03D01D4B2D
:102D10001B68FB6227E000217868FEF771FE3863CC
:102D20003B6B002B03D0174B1B68FB621BE0FB685F
:102D30000133FB607B6893F8B8300133DAB27B680B
:102D400083F8B8207B6893F8B830012B7FF67FAF0B
:102D5000FB68022B00D0FEE739687868FEF784FE36
:102D6000094B1B68FB6207F1100310220021184673
:102D70000AF01FFB7868FEF7D2FEFB6A1846383768
:102D8000BD4680BD080400203C2500200C04002026
:102D900080B584B000AF78603960124B1B68FB606F
:102DA0003B68012B02D90F4B1B6816E00222012160
:102DB0000D480AF0FEFA0D4A3B681344B93300226D
:102DC0001A70084B1B68FB600123002B04D0796844
:102DD0000648FFF7E9FDF860FB6818461037BD4666
:102DE00080BD00BF08040020F925002040250020F8
:102DF00080B483B000AF78607B685B6818460C379E
:102E0000BD4680BC704780B483B000AF7860396045
:102E10007B6893F8B83018467A683B682C2103FB2E
:102E200001F1582300FB03F30B44134428331B68C0
:102E300018460C37BD4680BC704780B584B000AFE3
:102E4000F860B9607A60FB6893F8B8301846FA68A1
:102E5000BB682C2103FB01F1582300FB03F30B4457
:102E6000134424331A687B68DB0013441846FFF7C9
:102E7000BFFF034618461037BD4680BD80B588B0F9
:102E800000AFF860B9607A603B600023FB61FB68CB
:102E900093F8B830B9681846FEF748FBB861BB69CB
:102EA000DBB207F1140211461846FDF74DFDF8613B
:102EB000FB69002B0AD1786920237A680021FDF78D
:102EC00081FDF8617B691846FDF772FDFB69002BF7
:102ED00001D00123FB61FB6918462037BD4680BD48
:102EE00080B58CB000AF786000217868FFF78BFF69
:102EF000B86101217868FFF786FF7861BB69082B0C
:102F000002D87B69082B04D940480AF0EDF9002368
:102F100078E000233B613B69FB62FB6A7B62002334
:102F2000FB60FB68BB62BB6A3B620023FB774FE040
:102F3000FA6ABB6A9A4218D17A6A00217868FFF768
:102F40007CFF0246FB6A1344FB623A6A01217868FF
:102F5000FFF773FF0246BB6A1344BB627B6A01330F
:102F60007B623B6A01333B6232E0FA6ABB6A9A4297
:102F700017D27A6A00217868FFF75FFF0246FB6A82
:102F80001344FB6297F91F30022B04D120480AF04A
:102F9000ABF9002336E00123FB777B6A01337B62C8
:102FA00016E03A6A01217868FFF747FF0246BB6ADC
:102FB0001344BB6297F91F30012B04D114480AF067
:102FC00093F900231EE00223FB773B6A01333B6247
:102FD0007A6ABB699A42ABD33A6A7B699A42A7D3B1
:102FE0007A6ABB699A4207D13A6A7B699A4203D1ED
:102FF0003A69FB689A4204D006480AF075F9002342
:1030000000E0012318463037BD4680BDECE70000E4
:1030100020E800005CE8000080B586B000AFF860F2
:10302000B9607A607B80FB68002B05D0BB68002B01
:1030300002D07B68002B02D14FF0FF3368E0BB6801
:103040001B899BB21A46BB68DB6813447B6107F19E
:103050001002042379697868FDF7B4FC0346002B5D
:1030600002D04FF0FF3353E03B8A46F608129342FA
:1030700018D1BB685B899AB27B8A9A4202D04FF022
:10308000FF3345E07B8A1A467B69D11807F11002AD
:1030900004237868FDF796FC0346002B0AD04FF016
:1030A000FF3335E0BB685B899BB2002B02D04FF049
:1030B000FF332DE03B8A46F60712934202D04FF0D1
:1030C000FF3325E0FB68BA681A60FB687A685A60CB
:1030D000FB687A881A81FB6897F820209A72FB684F
:1030E0001B685B899BB21A467B691A44FB68DA60ED
:1030F000FB681B685B899BB21A467B6913447A8A1A
:103100001A44FB685A617B691A1DFB681A61002327
:1031100018461837BD4680BD80B586B000AFF86050
:10312000B9607A603B60FB68002B07D0FB681B68C6
:10313000002B03D0FB685B68002B58D14FF0FF33A6
:103140005CE0FB681B685B899BB2002B0AD0FB68C4
:103150001A69FB68DB689A4204D1FB681B691A1D77
:10316000FB681A61FB685868FB68196907F110026F
:103170000423FDF727FC78617B69002B02D04FF018
:10318000FF333BE0FB689B7A002B07D0FB681A6992
:10319000FB68DB689A4201D301232FE0FB681B899F
:1031A0004FF6FF72934204D03A8AFB681B899A4219
:1031B00016D13B68002B02D03A8A3B681A80FB6824
:1031C0001B691A1DBB681A607A8A7B681A80FB68C3
:1031D0001B697A8A13441A1DFB681A6100230DE0EB
:1031E000FB681B697A8A13441A1DFB681A61FB6825
:1031F0001A69FB685B699A42A3D301231846183702
:10320000BD4680BD80B483B000AF786039607B6814
:10321000002B07D07B681B68002B03D07B685B68A2
:10322000002B02D14FF0FF3307E07B68DB683A6880
:103230009A4234BF01230023DBB218460C37BD4647
:1032400080BC704780B485B000AF78600B467B804F
:1032500013463B807A883B881344FB60FB68B3F5D8
:10326000803F01D3002304E0FB689AB27B681A8098
:10327000012318461437BD4680BC704780B58AB01C
:1032800000AFBA607B600346FB730B46BB81002333
:10329000BB617B68002B01D1032388E04FF0005312
:1032A0003B62454B1B7883F00103DBB2002B10D04F
:1032B0004FF4807200214FF000500AF07AF83B6A18
:1032C00042F216021A803B6A04225A803A4B0122CB
:1032D0001A703B6A5B8803F10053FB61374B7B62DA
:1032E0001BE0796A07F11803042218460AF0E7F890
:1032F0003B8B1B0B9AB2FB7B9BB29A4207D13B8B59
:10330000C3F30B02BB899A4201D102234FE07B8BAE
:103310001A467B6A134404337B627A6AFB699A42D9
:10332000DFD3FB7B1BB21B031AB2B7F90C30C3F31C
:103330000B031BB213431BB29BB23B83BB689BB214
:103340007B833B6A5988BB689BB204339AB207F10E
:1033500016031846FFF776FF034683F00103DBB23E
:10336000002B01D0032322E0FB8AB3F5807F01D933
:1033700001231CE0FB697B627B6A07F118010422D0
:1033800018460AF09CF87B6A04337B627B6ABA6851
:10339000796818460AF093F83B6A5A88BB689BB272
:1033A00013449BB204339AB23B6A5A8000231846F6
:1033B0002837BD4680BD00BFFC2B00200400002044
:1033C00080B5BCB002AF0346B9607A60FB730023DE
:1033D000C7F8E430002387F8E330002387F8E230B1
:1033E00007F1C000002300934FF6FF737A68B968B5
:1033F000FFF712FEC7F8DC00D7F8DC30002B02D054
:103400004FF0FF33A1E007F1B80307F1BA0207F16B
:10341000BC0107F1C000FFF77FFEC7F8DC00D7F85A
:10342000DC30002B02DA4FF0FF338EE0D7F8DC30CF
:10343000002B45DCB7F8B830602B20D1B7F8BA3094
:10344000842B02D94FF0FF337FE0D7F8BC10B7F8D8
:10345000BA3007F114027868FDF7B4FAC7F8DC0057
:10346000D7F8DC30002B02D04FF0FF336DE0B7F817
:10347000BA30C7F8E430012387F8E330C3E7B7F880
:10348000B830102BBFD1B7F8BA30202B02D94FF08B
:10349000FF335AE0D7F8BC10B7F8BA3007F19802FA
:1034A0007868FDF78FFAC7F8DC00D7F8DC30002B1E
:1034B00002D04FF0FF3348E0012387F8E23000E00C
:1034C00000BF97F8E33083F00103DBB2002B06D195
:1034D00097F8E23083F00103DBB2002B02D04FF00B
:1034E000FF3332E0D7F8E4301F2B02D84FF0FF3320
:1034F0002BE0D7F8E430203BC7F8BC30D7F8BC301D
:1035000007F11402134407F198012022184609F02C
:10351000D6FFFB7B1BB29B011BB243F03F031BB2E8
:10352000A7F8DA3007F11403B7F8DA10D7F8E42077
:103530000120FFF7A3FEC7F8DC00D7F8DC30002B32
:1035400002D0D7F8DC3000E000231846E837BD464B
:1035500080BD80B584B000AFF860B9607A607A68E9
:10356000B968F86809F015FF034618461037BD46DC
:1035700080BD80B582B000AF7860786800F05FF8F9
:10358000034618460837BD4680BD80B483B000AFFF
:1035900078607B68DB6818460C37BD4680BC704796
:1035A00080B582B000AF786010220749786809F0D2
:1035B000F0FE0346002B01D1012300E00223184650
:1035C0000837BD4680BD00BFE4E9000080B582B089
:1035D00000AF78607868FFF7D8FF0346103B1846C5
:1035E0000837BD4680BD80B582B000AF786078688E
:1035F000FFF7ECFF0346103B23F00F031846083794
:10360000BD4680BD80B582B000AF78607868FFF7B6
:10361000EAFF0346103B18460837BD4680BD80B41C
:1036200083B000AF0346FB71FB79012B01D002236D
:1036300000E0012318460C37BD4680BC704780B5BA
:1036400082B000AF78607868FFF7DCFF0346103B7C
:1036500018460837BD4680BD80B483B000AF03462E
:103660000A46FB711346BB71FB79042B02D0052B74
:1036700002D008E001230DE0BB79012B14BF012328
:103680000023DBB206E0FA79BB799A420CBF012332
:103690000023DBB218460C37BD4680BC704780B5AE
:1036A00088B000AFF860B9607A60BB68002B02D0C8
:1036B0007B68002B01D100231AE0F868FDF76AFF50
:1036C0000346FB760023FB61BB687B610BE07A69F4
:1036D000FB6913441B78FA7E9A4201D0002307E06D
:1036E000FB690133FB61FA697B689A42EFD30123DE
:1036F00018462037BD4680BD80B586B000AFF86063
:10370000B9607A600123BA687968F868FDF75AF9F8
:1037100078617B69002B01DA012315E00122B96889
:10372000F868FFF7BCFF0346002B03D0BB680322F9
:103730001A7008E0BB681B781846FFF770FF034655
:10374000DAB2BB681A70002318461837BD4680BD30
:1037500080B582B000AF786039607868FFF752FFBB
:1037600003461A4639687868FFF7C6FF03461846CD
:103770000837BD4680BD80B58AB000AF786039603B
:103780007868FFF723FF786207F110021023796A47
:103790007868FDF717F938623B6A002B01DA0123DC
:1037A00059E007F11003102219467868FFF777FFF8
:1037B0000346002B03D03B6803221A7008E007F190
:1037C00010031846FFF7ECFE0346DAB23B681A70A6
:1037D0007868FFF734FF786207F10F020123796AF6
:1037E0007868FDF7EFF838623B6A002B01DA0123B5
:1037F00031E0FB7B03F00F03DAB23B685A70FB7BCE
:103800001B09DAB23B681A7107F10F03012219464E
:103810007868FFF744FF0346002B03D13B685B78D1
:10382000042B05D93B6801225A703B6800221A71AB
:103830003B68023319467868FFF78AFF38623B6AB3
:10384000002B01D0012306E03B680333194678685A
:1038500000F027F8034618462837BD4680BD80B5DE
:1038600084B000AF786039607B68DBB207F1080292
:1038700011461846FDF768F8F860FB68002B01D088
:1038800001230AE0BB6839681846FFF774FFF86047
:10389000BB681846FDF78CF8FB6818461037BD4624
:1038A00080BD80B582B000AF786039607868FFF77E
:1038B0009AFE03461A4639687868FFF71DFF0346EB
:1038C00018460837BD4680BD80B58AB000AF786025
:1038D00001237B627B6A012B11D17B68002B06D010
:1038E0007B68012B01D1022302E0FF2300E00123CA
:1038F00007F1140211461846FFF7B1FF78627B6AA0
:10390000002B01D0FF2397E07B68002B06D07B685B
:10391000012B01D1042302E0FF2300E0032307F180
:103920000C0211461846FFF79AFF78627B6A012B5A
:103930000ED17968424809F0D7FC03233B73012379
:103940007B730323BB730323FB7300233B7404E0EB
:103950007B6A002B01D0FF236EE000233B6263E013
:103960003A6A13465B0013445B001A46354B134416
:10397000FB61FB691B783A7D11461846FFF76CFE28
:103980000346002B4DD0FB695B783A7B1146184605
:10399000FFF762FE0346002B43D0FB699B78042BA4
:1039A00004D0FB699A78FB7D9A423AD1FB69DB78B7
:1039B000042B04D0FB69DA78FB7B9A4231D1FB6996
:1039C0001B79042B04D0FB691A79BB7D9A4228D15C
:1039D000FB695B79022B0DD0FB695B79032B07D068
:1039E000FB695B79042B01D1174B04E0174B02E014
:1039F000174B00E0174B1A467968174809F074FC1A
:103A0000FB695B79022B09D0FB695B79032B05D03D
:103A1000FB695B79042B01D0FF230DE0FB695B7927
:103A20000AE03B6A01333B623B6A022B98D9796812
:103A30000A4809F059FC012318462837BD4680BDC5
:103A4000B0EA0000F4E9000000EB000008EB000021
:103A50001CEB000024EB00002CEB000054EB0000FA
:103A600080B582B000AF7860786801F001F800217D
:103A7000786801F01BF8034618460837BD4680BD3C
:103A800080B483B000AF7860002318460C37BD4681
:103A900080BC704780B584B000AFF860B9607A60D0
:103AA0007A68B968F86803F01AF8034618461037C0
:103AB000BD4680BD80B582B000AF7860396039689E
:103AC000786803F083F8034618460837BD4680BD82
:103AD00080B5A4B000AFF860B9607A603B6007F1D0
:103AE00010031846FFF7BCFFD7F8A430002B0CD00A
:103AF000D7F8A830002B08DDD7F8A82007F110036D
:103B0000D7F8A4101846FFF7C5FF7B681A7A5B7ACE
:103B10001B021343A7F88630B7F88630C7F8803009
:103B20007B68DB68D7F880201344C7F88030D7F86B
:103B30008030FB677B685B899BB21A46D7F8803080
:103B40001344C7F880300023C7F8883034E0D7F832
:103B50008020D7F88830D31AC7F88C30D7F88C205B
:103B6000D7F89C309A4203D9D7F89C30C7F88C30EC
:103B7000D7F88C30D7F89820D7F888103868FCF739
:103B800021FFB867BB6F002B06D007F11003184662
:103B9000FFF776FFBB6F22E007F11003D7F88C2008
:103BA000D7F898101846FFF775FFD7F88820D7F890
:103BB0008C301344C7F88830D7F88820D7F8803085
:103BC0009A42C4D307F11003D7F8A0101846FFF7A4
:103BD00071FF07F110031846FFF752FF0023184644
:103BE0009037BD4680BD000080B5B0B000AF034641
:103BF0003960FB711346BB802023FB60294B1B6897
:103C0000C7F8BC3007F150031846FFF729FFBA8800
:103C100007F1500339681846FFF73CFF07F13002FF
:103C200007F1500311461846FFF744FF07F1500310
:103C30001846FFF725FF07F10C0207F11001FB7989
:103C40001846FDF735FCC7F8B800D7F8B830002B98
:103C500002D04FF0FF3320E0124B1B68C7F8BC3096
:103C60000123002B09D0FA6807F1100107F1300396
:103C70001846FFF76EFCC7F8BC000B4B1B68D7F863
:103C8000BC209A4207D1094A3B681360BB88084AA6
:103C90001360002301E04FF0FF331846C037BD46E4
:103CA00080BD00BF080400203C2500200004002047
:103CB0003825002080B590B002AFF860B9607A6016
:103CC000FB68002B05D0BB68002B02D07B68002B63
:103CD00001D1072337E0FB685B899BB2002B01D140
:103CE000032330E007F11C00012300935023BA683E
:103CF000F968FFF791F978637B6B002B01D07B6B40
:103D000021E007F1160207F1180107F11C0000235A
:103D1000FFF702FA78637B6B002B02D04FF0FF3382
:103D200011E0FB8A042B01D003230CE0B969FB8A64
:103D30007A68B868FCF746FE78637B6B002B01D08D
:103D4000012300E0002318463837BD4680BD00003F
:103D500090B5ADF56F7D06AF07F56874A4F5657491
:103D6000206007F56870A0F56670016007F568715E
:103D7000A1F567710A6007F56872A2F568721360B1
:103D80000023C7F89C33B54B1B68C7F898334FF036
:103D9000FF33C7F894330023C7F89033AF4B1B6849
:103DA000C7F88C336FF00043C7F87C33D7F87C2317
:103DB00007F56873A3F562731A6007F56873A3F5D6
:103DC000637300221A60A54B1B68C7F8883307F598
:103DD0006873A3F5687307F56872A2F5677207F553
:103DE0006871A1F5667107F56870A0F56570D7F880
:103DF000BC430494D7F8B843039407F11C0402941D
:103E0000D7F8B4430194D7F8B04300941B68126804
:103E100009680068FFF75CFEC7F89003D7F8903395
:103E2000002B40F0E681D7F8C033002B07D007F114
:103E30001C0320221946D7F8C00309F040FB07F500
:103E40006873A3F5687207F56873A3F5677107F5E2
:103E5000DE70002300934FF6FF7312680968FFF7C6
:103E6000DBF8C7F89003D7F89033002B40F0C381FC
:103E700007F56873A3F5F2735C6907F56873A3F53A
:103E800068731868FFF775FB03469C4204D94FF02E
:103E9000FF33C7F89033BDE107F55B7307F26E326D
:103EA00007F55C7107F5DE70FFF736F9C7F8900388
:103EB000D7F89033002BC0F2A081D7F89033002BB5
:103EC00000F37A81D7F8702307F5DE7311461846A0
:103ED000FFF798F90346002B29D1002387F8873391
:103EE0005F4BC7F880330FE0D7F880331A88B7F8F4
:103EF0006C339A4203D1012387F887330BE0D7F85C
:103F000080330233C7F88033D7F880331B884FF6ED
:103F1000FF729342E8D197F8873383F00103DBB255
:103F2000002B04D04D4B1B68C7F88C3372E1B7F8F7
:103F30006C33102B3BD1B7F86E33202B04D04FF0ED
:103F4000FF33C7F8903365E1D7F8701307F13C02EF
:103F500007F56873A3F5687020230068FCF732FD4D
:103F6000C7F89003D7F89033002B40F048813B4BC3
:103F70001B68C7F88C330123002B09D007F13C01E3
:103F800007F11C0320221846FFF7E3FAC7F88C0359
:103F9000344B1B68D7F88C239A4204D02F4B1B68F4
:103FA000C7F88C3336E10123C7F89C3374E7B7F8C0
:103FB0006C33022B2FD1B7F86E33B3F5CC7F04D915
:103FC0004FF0FF33C7F8903324E1D7F87013B7F8F8
:103FD0006E331C4607F5EA7207F56873A3F568703F
:103FE00023460068FCF7EEFCC7F89003D7F890333F
:103FF000002B40F0068107F56873A3F566731B6814
:10400000DBB2B7F86E2307F5EA711846FFF7ECFD4F
:10401000C7F8940340E7B7F86C33232B59D1D7F88E
:104020009433002B05DB104B1B68D7F894239A427E
:1040300004DB4FF0FF33C7F89433BCE0B7F86E33BE
:10404000B3F5C07F04D1B7F86E33B3F5C07F0DD997
:104050004FF0FF33C7F89033DCE000BF08040020C6
:10406000E4EB00003C25002000E30000D7F87013CB
:10407000B7F86E331C4607F13C0207F56873A3F5E9
:10408000687023460068FCF79DFCC7F89003D7F8DA
:104090009033002B40F0B780664B1B68C7F898330D
:1040A0000123002B10D0B7F86E331946D7F894339C
:1040B000DBB207F13C0207F11C0000930B46202104
:1040C00000F0F6FAC7F898034FF0FF33C7F89433BF
:1040D000E2E6B7F86C33502B7FF4DEAEB7F86E3300
:1040E000042B04D04FF0FF33C7F8903392E0D7F899
:1040F0007013B7F86E331C4607F1140207F56873A6
:10410000A3F5687023460068FCF75CFCC7F89003D1
:10411000D7F89033002B78D1464B1B68C7F88C3307
:104120000123002B0CD007F56873A3F566731B6899
:1041300007F1180211461846FCF72CFFC7F88C034C
:104140003D4B1B68D7F88C239A4204D0394B1B682F
:10415000C7F88C335EE007F56873A3F562731B68DC
:10416000C7F87433D7F874331A4607F56873A3F5A4
:1041700063731B689A428CBF01230023DBB2C7F82C
:104180007833D7F87833002B02D02A4B1B6801E034
:10419000294B1B68C7F88C33274B1B68D7F88C2337
:1041A0009A4204D0234B1B68C7F88C3332E0D7F80F
:1041B0008C33C7F888336FE600BFD7F89C33002BE9
:1041C0000CBF01230023DBB2C7F89033D7F890333C
:1041D000002B1CD1D7F89833C7F88C33164B1B68CB
:1041E000D7F888239A4214D04FF0FF33C7F89033A2
:1041F00010E000BF0EE000BF0CE000BF0AE000BF0F
:1042000008E000BF06E000BF04E000BF02E000BF1E
:1042100000E000BFD7F89033002B03D0054B1B689C
:10422000C7F88C33D7F88C33184607F56977BD4645
:1042300090BD00BF080400203C25002080B582B05E
:1042400000AF7860786802F0C3FE09220121786827
:1042500002F0D2FE00BF0837BD4680BD80B582B0F7
:1042600000AF7860786802F0ADFF00BF0837BD4648
:1042700080BD80B588B002AFF860B9607A6007F1A0
:10428000100230237968B86805F067FE78617B69B1
:10429000002B02D04FF0FF3359E0BB681A683B692E
:1042A00013447A689A4202D06FF001034FE0FB6832
:1042B00008331A467968B86805F078FE78617B693A
:1042C000002B0AD1FB6810331A467968B86805F0EC
:1042D0006DFE78617B69002B02D06FF0020336E03F
:1042E000FB680833184603F0F0F90246FB685A6091
:1042F000BB681B687A689A4202D06FF0030326E01D
:10430000FB6803F10801FB6810330193002300935D
:1043100000230022F86802F067FD78617B69002BBA
:1043200002D06FF0040312E0F86802F09BFE78619F
:104330007B69002B02D06FF0050308E0FB680833AF
:10434000184603F0C2F90246FB685A60002318467B
:104350001837BD4680BD80B582B000AF7860786800
:1043600002F074FE034618460837BD4680BD80B58E
:1043700084B000AFF860B9607A607A68B968F868AC
:1043800002F0AEFE034618461037BD4680BD80B52C
:1043900082B000AF7860786800F06AFB002178682E
:1043A00000F084FB034618460837BD4680BD80B444
:1043B00083B000AF7860002318460C37BD4680BC40
:1043C000704780B584B000AFF860B9607A607A68F1
:1043D000B968F86802F083FB034618461037BD46FB
:1043E00080BD80B582B000AF786039603968786888
:1043F00002F0ECFB034618460837BD4680BD80B589
:10440000A8B000AF786039600023FB6240F25F1310
:10441000C7F89C3042E007F130031846FFF7B7FFBA
:1044200007F13003202239681846FFF7CAFF07F169
:104430002C0107F1300304221846FFF7C2FF07F1F1
:104440000C0207F1300311461846FFF7CAFF97F830
:104450002F300133DBB287F82F302023C7F8983094
:10446000D7F89820D7F89C309A4203DDD7F89C30D3
:10447000C7F89830D7F8982007F10C0319467868E8
:1044800009F01DF8D7F898307A6813447B60D7F8A4
:104490009C20D7F89830D31AC7F89C30D7F89C30B6
:1044A000002BB8DC07F130031846FFF780FF00BF90
:1044B000A037BD4680BD000090B5ADF5617D00AF71
:1044C00007F56074A4F55D74206007F56070A0F5D1
:1044D0005E70016007F56071A1F55F710A6007F514
:1044E0006072A2F5607213606F4B1B68C7F8783377
:1044F000D7F89033B3F5C07F40F0C48007F5607300
:10450000A3F55F731B68202B40F0BE8007F5C872CF
:1045100007F56073A3F5607107F56073A3F55D732C
:1045200009681868FFF723FF0346002B40F0AE80B0
:1045300007F56073A3F5F87393F87F31BC2B40F057
:10454000A78007F5C87303F25F1207F13003114625
:104550001846FFF754FF0023C7F87C331FE007F528
:104560006073A3F55472D7F87C3313441A7807F5B7
:104570006073A3F5F871D7F87C330B441B78534074
:10458000D9B207F56073A3F55472D7F87C3313449E
:104590000A461A70D7F87C330133C7F87C33D7F852
:1045A0007C33B3F5AF7FDADD07F56073A3F55473A1
:1045B0001B7803F07F03DAB207F56073A3F5547339
:1045C0001A700023C7F87C330EE007F56073A3F57B
:1045D0005472D7F87C3313441B78002B5AD1D7F888
:1045E0007C330133C7F87C33D7F87C33B3F59F7F36
:1045F000EBDB07F56073A3F5547393F83E31012BA1
:104600004AD107F544731846FFF7C1FE07F5447316
:10461000082226491846FFF7D4FE07F56073A3F574
:104620005E7307F5447020221968FFF7CAFE07F190
:10463000300303F23F1107F5447320221846FFF7B9
:10464000C0FE07F1100207F5447311461846FFF744
:10465000C8FE07F544731846FFF7A9FE124B1B6806
:10466000C7F878330123002B0BD007F5C87303F28A
:104670005F1107F1100320221846FEF76AFFC7F802
:1046800078030AE000BF08E000BF06E000BF04E0D6
:1046900000BF02E000BF00E000BFD7F87833184643
:1046A00007F56177BD4690BD0804002000EC0000CE
:1046B00080B5A8B002AFF860B9607A603B60284B63
:1046C0001B68C7F8943007F114031846FFF7B6FDCE
:1046D00097F8A030234A52F833303B613A6997F893
:1046E000A0302049DB000B445B681B681344C7F80B
:1046F000903007F1100107F11403D7F89020184605
:10470000FFF7B7FDC7F88C00D7F88C30002B1BD112
:1047100007F114031846FFF71EFE02463B6893425A
:1047200012D10F4B1B68C7F894300123002B0AD01D
:1047300007F114003B6800937B68BA68F968FFF7DB
:10474000BBFEC7F8940000E000BF07F11403184651
:10475000FFF784FDD7F8943018469837BD4680BDE2
:10476000080400200004002001680E4A034691421C
:1047700015D1C169A2F11022A2F1EF1291420ED11E
:104780008268012A0BD8C26812B101698A4206D038
:10479000586928B19B691B1A58425841704701203B
:1047A000704700BF55AA00FF0D4B70B59E68A6B1BB
:1047B0003046FFF7D9FF044678B9F3686BB935691D
:1047C0000DB9204670BD2846FFF7CEFF28B9EB682B
:1047D000B34202D12E462D69F2E70124F1E700BF72
:1047E000002C00202DE9F843404E3468D4B1B46861
:1047F000C4B1002877D0002975D001FB00F5B5FBC6
:10480000F0F088426FD1281D6DD8A9070DD025F092
:1048100003070437F46803E06368BB4207D2A46966
:10482000002CF9D12046BDE8F8832F46F2E7A368B3
:104830001BB12F4B01201B689847D4E90520616804
:1048400004F12008C91B23291CD80123A360BAB195
:104850009061A36903B15A610023C4E90533336948
:10486000DA0706D5FFF7A0FF18B10120204B1B681F
:1048700098472A4600214046444608F09AFDD1E771
:10488000F060E6E707F1200C04EB0C0320395960D7
:104890000021DFF860E0C3E902142169196144F8DE
:1048A0000CE0DFF854C0C3F81CC001B1CB60C3E911
:1048B0000520B2B193619A6902B15361236100236B
:1048C0004FF00109C4E905333369C4E90179DB0715
:1048D000CFD5FFF769FF0028CBD0054B48461B68B2
:1048E000C6E7F360E7E700249CE700BF002C002048
:1048F0001404002055AA00FF669911EE2DE9F0413D
:10490000054600287CD03F4F3B68002B78D0BA6822
:10491000002A75D0834203D87A681344984203D39F
:10492000394B01201B689847A5F120042046FFF76A
:104930001BFF18B1344B01201B68984755F8183CF1
:10494000012B03D0304B01201B689847002355F8FA
:10495000146C45F8183CAEB1B26892B955F81C3CDD
:1049600003F1200273681344736055F8103C3361FF
:1049700003B1DE6020462022002108F01AFD234604
:1049800034461E462069002832D08368002B2FD180
:10499000636842682033134463600369D4E90521E6
:1049A0002361DAB901BB426981696261A161EAB13F
:1049B0009461A26902B1546103B1DC60202200213C
:1049C00008F0F7FC3B699B071AD5FFF7EDFEB8B17D
:1049D000BDE8F0410C4B01201B6818479161A169AB
:1049E0000029E0D04A61DEE7F960F8E7FC60E0E723
:1049F000002EE7D1FB68A36103B15C61FC60E1E7D5
:104A0000BDE8F081002C00201404002038B50D46CC
:104A1000142200210446124808F0CBFC1149124828
:104A200005F00CFB232D1AD914F003031FBF043D1E
:104A3000ED18C3F10403E4182A460021204608F0CB
:104A4000B8FC074B094AC3E900459C602260A2F10B
:104A50001022203DA2F1EF126560E261DC6038BDFA
:104A6000002C0020FD480000E547000055AA00FF8B
:104A700080B582B000AF786068220021786808F0C5
:104A800098FC00BF0837BD4680BD80B582B000AF3E
:104A900078607B68002B04D06821786805F0D8FA2C
:104AA00000E000BF0837BD4680BD000080B483B081
:104AB00000AF786039603B68002B02D06FF0730361
:104AC00021E07B6800221A647B6800225A643B68FC
:104AD000002B17D17B680E4A9A647B680D4ADA6412
:104AE0007B680D4A1A657B680C4A5A657B680C4ADC
:104AF0009A657B680B4ADA657B680B4A1A667B68A5
:104B00000A4A5A66002318460C37BD4680BC7047D7
:104B100067E6096A85AE67BB72F36E3C3AF54FA54E
:104B20007F520E518C68059BABD9831F19CDE05B7A
:104B300090B5D1B000AF07F5A073A3F59E731860D0
:104B400007F5A073A3F5A07319600023C7F83C31E3
:104B500017E007F5A073A3F59E731B68D7F83C21F7
:104B6000123253F8221007F5A073A3F59873D7F803
:104B70003C21423243F82210D7F83C310133C7F8C8
:104B80003C31D7F83C31072BE3D90023C7F83C313F
:104B900026E0D7F83C319B0007F5A072A2F5A07281
:104BA00012681344C7F8383107F10C030422D7F810
:104BB0003811184608F083FC07F5A073A3F59A7323
:104BC0001B6819BA07F5A073A3F59873D7F83C21B1
:104BD000023243F82210D7F83C310133C7F83C3198
:104BE000D7F83C310F2BD4D90023C7F83C3100F063
:104BF000D2BD07F5A073A3F59873D3F8242107F568
:104C0000A073A3F59873D3F818314FEAB31107F5E1
:104C1000A073A3F59873D3F818314FEAF3235940E2
:104C200007F5A073A3F59873D3F818314FEA7363AF
:104C30004B401A4407F5A073A3F59873D3F82011DD
:104C400007F5A073A3F59873D3F8180107F5A073BF
:104C5000A3F59873D3F81C4107F5A073A3F59873D7
:104C6000D3F82031634003404B401A44F549D7F84C
:104C70003C3151F823301A4407F5A073A3F598731B
:104C8000D7F83C11023153F821301A4407F5A073CC
:104C9000A3F598731A6007F5A073A3F59873D3F87A
:104CA00008314FEAB30207F5A073A3F59873D3F860
:104CB00008314FEA73335A4007F5A073A3F5987390
:104CC000D3F808314FEAB3535A4007F5A073A3F560
:104CD0009873D3F8081107F5A073A3F59873D3F868
:104CE0000C31194007F5A073A3F59873D3F81001A0
:104CF00007F5A073A3F59873D3F8084107F5A073DF
:104D0000A3F59873D3F80C31234303400B431A44A3
:104D100007F5A073A3F598735A6007F5A073A3F580
:104D20009873D3F8142107F5A073A3F598731B6843
:104D30001A4407F5A073A3F59873C3F8142107F577
:104D4000A073A3F598731A6807F5A073A3F5987379
:104D50005B681A4407F5A073A3F59873C3F8242180
:104D600007F5A073A3F59873D3F8202107F5A07376
:104D7000A3F59873D3F814314FEAB31107F5A07374
:104D8000A3F59873D3F814314FEAF323594007F58C
:104D9000A073A3F59873D3F814314FEA73634B40B3
:104DA0001A4407F5A073A3F59873D3F81C1107F5FF
:104DB000A073A3F59873D3F8140107F5A073A3F5B6
:104DC0009873D3F8184107F5A073A3F59873D3F837
:104DD0001C31634003404B401A44D7F83C31013347
:104DE000984951F823301A44D7F83C31591C07F53B
:104DF000A073A3F59873023153F821301A4407F5D4
:104E0000A073A3F598731A6007F5A073A3F59873C0
:104E1000D3F824314FEAB30207F5A073A3F59873D2
:104E2000D3F824314FEA73335A4007F5A073A3F542
:104E30009873D3F824314FEAB3535A4007F5A0735F
:104E4000A3F59873D3F8241107F5A073A3F598730D
:104E5000D3F80831194007F5A073A3F59873D3F878
:104E60000C0107F5A073A3F59873D3F8244107F557
:104E7000A073A3F59873D3F80831234303400B4381
:104E80001A4407F5A073A3F598735A6007F5A07349
:104E9000A3F59873D3F8102107F5A073A3F59873C1
:104EA0001B681A4407F5A073A3F59873C3F8102183
:104EB00007F5A073A3F598731A6807F5A073A3F517
:104EC00098735B681A4407F5A073A3F59873C3F849
:104ED000202107F5A073A3F59873D3F81C2107F5DB
:104EE000A073A3F59873D3F810314FEAB31107F507
:104EF000A073A3F59873D3F810314FEAF323594008
:104F000007F5A073A3F59873D3F810314FEA7363D4
:104F10004B401A4407F5A073A3F59873D3F8181102
:104F200007F5A073A3F59873D3F8100107F5A073E4
:104F3000A3F59873D3F8144107F5A073A3F59873FC
:104F4000D3F81831634003404B401A44D7F83C3142
:104F500002333C4951F823301A44D7F83C31991CAC
:104F600007F5A073A3F59873023153F821301A4462
:104F700007F5A073A3F598731A6007F5A073A3F55E
:104F80009873D3F820314FEAB30207F5A073A3F565
:104F90009873D3F820314FEA73335A4007F5A07362
:104FA000A3F59873D3F820314FEAB3535A4007F56D
:104FB000A073A3F59873D3F8201107F5A073A3F598
:104FC0009873D3F82431194007F5A073A3F59873AB
:104FD000D3F8080107F5A073A3F59873D3F820411F
:104FE00007F5A073A3F59873D3F824312343034046
:104FF0000B431A4407F5A073A3F598735A6007F59D
:10500000A073A3F59873D3F80C2107F5A073A3F54B
:1050100098731B681A4407F5A073A3F59873C3F837
:105020000C2107F5A073A3F598731A6807F5A07310
:10503000A3F598735B681A4407F5A073A3F59873FA
:1050400002E000BF08EC0000C3F81C2107F5A073C4
:10505000A3F59873D3F8182107F5A073A3F59873F7
:10506000D3F80C314FEAB31107F5A073A3F5987389
:10507000D3F80C314FEAF323594007F5A073A3F599
:105080009873D3F80C314FEA73634B401A4407F519
:10509000A073A3F59873D3F8141107F5A073A3F5C3
:1050A0009873D3F80C0107F5A073A3F59873D3F8A0
:1050B000104107F5A073A3F59873D3F8143163403A
:1050C00003404B401A44D7F83C310333F44951F8BC
:1050D00023301A44D7F83C31D91C07F5A073A3F547
:1050E0009873023153F821301A4407F5A073A3F5E1
:1050F00098731A6007F5A073A3F59873D3F81C3161
:105100004FEAB30207F5A073A3F59873D3F81C31E7
:105110004FEA73335A4007F5A073A3F59873D3F899
:105120001C314FEAB3535A4007F5A073A3F59873A7
:10513000D3F81C1107F5A073A3F59873D3F82031A9
:10514000194007F5A073A3F59873D3F8240107F568
:10515000A073A3F59873D3F81C4107F5A073A3F5CA
:105160009873D3F82031234303400B431A4407F5C7
:10517000A073A3F598735A6007F5A073A3F598730D
:10518000D3F8082107F5A073A3F598731B681A4498
:1051900007F5A073A3F59873C3F8082107F5A0736A
:1051A000A3F598731A6807F5A073A3F598735B6865
:1051B0001A4407F5A073A3F59873C3F8182107F5EF
:1051C000A073A3F59873D3F8142107F5A073A3F582
:1051D0009873D3F808314FEAB31107F5A073A3F51C
:1051E0009873D3F808314FEAF323594007F5A073B9
:1051F000A3F59873D3F808314FEA73634B401A4410
:1052000007F5A073A3F59873D3F8101107F5A073F1
:10521000A3F59873D3F8080107F5A073A3F5987365
:10522000D3F80C4107F5A073A3F59873D3F81031A8
:10523000634003404B401A44D7F83C31043398494B
:1052400051F823301A44D7F83C31191D07F5A073E3
:10525000A3F59873023153F821301A4407F5A0736F
:10526000A3F598731A6007F5A073A3F59873D3F8A4
:1052700018314FEAB30207F5A073A3F59873D3F87A
:1052800018314FEA73335A4007F5A073A3F59873AA
:10529000D3F818314FEAB3535A4007F5A073A3F57A
:1052A0009873D3F8181107F5A073A3F59873D3F882
:1052B0001C31194007F5A073A3F59873D3F82001AA
:1052C00007F5A073A3F59873D3F8184107F5A073F9
:1052D000A3F59873D3F81C31234303400B431A44BE
:1052E00007F5A073A3F598735A6007F5A073A3F5AB
:1052F0009873D3F8242107F5A073A3F598731B685E
:105300001A4407F5A073A3F59873C3F8242107F591
:10531000A073A3F598731A6807F5A073A3F59873A3
:105320005B681A4407F5A073A3F59873C3F81421BA
:1053300007F5A073A3F59873D3F8102107F5A073B0
:10534000A3F59873D3F824314FEAB31107F5A0738E
:10535000A3F59873D3F824314FEAF323594007F5A6
:10536000A073A3F59873D3F824314FEA73634B40CD
:105370001A4407F5A073A3F59873D3F80C1107F539
:10538000A073A3F59873D3F8240107F5A073A3F5D0
:105390009873D3F8084107F5A073A3F59873D3F871
:1053A0000C31634003404B401A44D7F83C3105337D
:1053B0003B4951F823301A44D7F83C31591D07F5C1
:1053C000A073A3F59873023153F821301A4407F5FE
:1053D000A073A3F598731A6007F5A073A3F59873EB
:1053E000D3F814314FEAB30207F5A073A3F598730D
:1053F000D3F814314FEA73335A4007F5A073A3F57D
:105400009873D3F814314FEAB3535A4007F5A07399
:10541000A3F59873D3F8141107F5A073A3F5987347
:10542000D3F81831194007F5A073A3F59873D3F892
:105430001C0107F5A073A3F59873D3F8144107F581
:10544000A073A3F59873D3F81831234303400B439B
:105450001A4407F5A073A3F598735A6007F5A07373
:10546000A3F59873D3F8202107F5A073A3F59873DB
:105470001B681A4407F5A073A3F59873C3F820219D
:1054800007F5A073A3F598731A6807F5A073A3F541
:1054900098735B681A4407F5A073A3F5987301E04D
:1054A00008EC0000C3F8102107F5A073A3F598736A
:1054B000D3F80C2107F5A073A3F59873D3F8203126
:1054C0004FEAB31107F5A073A3F59873D3F8203111
:1054D0004FEAF323594007F5A073A3F59873D3F867
:1054E00020314FEA73634B401A4407F5A073A3F5CC
:1054F0009873D3F8081107F5A073A3F59873D3F840
:10550000200107F5A073A3F59873D3F8244107F59C
:10551000A073A3F59873D3F80831634003404B4060
:105520001A44D7F83C310633A04951F823301A44C5
:10553000D7F83C31991D07F5A073A3F59873023194
:1055400053F821301A4407F5A073A3F598731A6035
:1055500007F5A073A3F59873D3F810314FEAB3029F
:1055600007F5A073A3F59873D3F810314FEA73339E
:105570005A4007F5A073A3F59873D3F810314FEA9A
:10558000B3535A4007F5A073A3F59873D3F81011DD
:1055900007F5A073A3F59873D3F81431194007F5F4
:1055A000A073A3F59873D3F8180107F5A073A3F5BA
:1055B0009873D3F8104107F5A073A3F59873D3F847
:1055C0001431234303400B431A4407F5A073A3F59A
:1055D00098735A6007F5A073A3F59873D3F81C214C
:1055E00007F5A073A3F598731B681A4407F5A07319
:1055F000A3F59873C3F81C2107F5A073A3F598735E
:105600001A6807F5A073A3F598735B681A4407F549
:10561000A073A3F59873C3F80C2107F5A073A3F545
:105620009873D3F8082107F5A073A3F59873D3F8FE
:105630001C314FEAB31107F5A073A3F59873D3F8A3
:105640001C314FEAF323594007F5A073A3F5987373
:10565000D3F81C314FEA73634B401A4407F5A0732B
:10566000A3F59873D3F8241107F5A073A3F59873E5
:10567000D3F81C0107F5A073A3F59873D3F8204164
:1056800007F5A073A3F59873D3F824316340034062
:105690004B401A44D7F83C310733444951F8233082
:1056A0001A44D7F83C31D91D07F5A073A3F59873B8
:1056B000023153F821301A4407F5A073A3F598730B
:1056C0001A6007F5A073A3F59873D3F80C314FEA6D
:1056D000B30207F5A073A3F59873D3F80C314FEA22
:1056E00073335A4007F5A073A3F59873D3F80C31C0
:1056F0004FEAB3535A4007F5A073A3F59873D3F854
:105700000C1107F5A073A3F59873D3F81031194065
:1057100007F5A073A3F59873D3F8140107F5A073E8
:10572000A3F59873D3F80C4107F5A073A3F598730C
:10573000D3F81031234303400B431A4407F5A073F9
:10574000A3F598735A6007F5A073A3F59873D3F87F
:10575000182107F5A073A3F598731B681A4407F581
:10576000A073A3F59873C3F8182107F5A073A3F5E8
:1057700098731A6807F5A073A3F598735B681A44C9
:1057800007F5A073A3F59873C3F80821D7F83C3147
:105790000833C7F83C31D7F83C310F2B7FF629AAE4
:1057A0001023C7F83C3101F039B900BF08EC000004
:1057B00007F5A073A3F59873D3F8242107F5A07318
:1057C000A3F59873D3F818314FEAB31107F5A07316
:1057D000A3F59873D3F818314FEAF323594007F52E
:1057E000A073A3F59873D3F818314FEA73634B4055
:1057F0001A4407F5A073A3F59873D3F8201107F5A1
:10580000A073A3F59873D3F8180107F5A073A3F557
:105810009873D3F81C4107F5A073A3F59873D3F8D8
:105820002031634003404B401A44F949D7F83C31DA
:1058300051F823301A44D7F83C31991E07F5A0736C
:10584000A3F59873023153F821304FEA7341D7F82A
:105850003C31981E07F5A073A3F59873023053F8F6
:1058600020304FEAF3435940D7F83C31981E07F5F2
:10587000A073A3F59873023053F820309B0A594067
:10588000D7F83C31D81F07F5A073A3F59873023001
:1058900053F820301944D7F83C31A3F10F0007F535
:1058A000A073A3F59873023053F820304FEAF31039
:1058B000D7F83C31A3F10F0407F5A073A3F5987353
:1058C000023453F824304FEAB3435840D7F83C3100
:1058D000A3F10F0407F5A073A3F59873023453F8EE
:1058E0002430DB0843401944D7F83C31A3F11000C1
:1058F00007F5A073A3F59873023053F82030C81849
:1059000007F5A073A3F59873D7F83C11023143F85B
:10591000210007F5A073A3F59873D7F83C11023165
:1059200053F821301A4407F5A073A3F598731A6051
:1059300007F5A073A3F59873D3F808314FEAB302C3
:1059400007F5A073A3F59873D3F808314FEA7333C2
:105950005A4007F5A073A3F59873D3F808314FEABE
:10596000B3535A4007F5A073A3F59873D3F8081101
:1059700007F5A073A3F59873D3F80C31194007F518
:10598000A073A3F59873D3F8100107F5A073A3F5DE
:105990009873D3F8084107F5A073A3F59873D3F86B
:1059A0000C31234303400B431A4407F5A073A3F5BE
:1059B00098735A6007F5A073A3F59873D3F8142170
:1059C00007F5A073A3F598731B681A4407F5A07335
:1059D000A3F59873C3F8142107F5A073A3F5987382
:1059E0001A6807F5A073A3F598735B681A4407F566
:1059F000A073A3F59873C3F8242107F5A073A3F54A
:105A00009873D3F8202107F5A073A3F59873D3F802
:105A100014314FEAB31107F5A073A3F59873D3F8C7
:105A200014314FEAF323594007F5A073A3F5987397
:105A3000D3F814314FEA73634B401A4407F5A0734F
:105A4000A3F59873D3F81C1107F5A073A3F5987309
:105A5000D3F8140107F5A073A3F59873D3F8184190
:105A600007F5A073A3F59873D3F81C316340034086
:105A70004B401A44D7F83C310133654951F8233083
:105A80001A44D7F83C31591E07F5A073A3F5987353
:105A9000023153F821304FEA7341D7F83C31581E98
:105AA00007F5A073A3F59873023053F820304FEA3E
:105AB000F3435940D7F83C31581E07F5A073A3F5BE
:105AC0009873023053F820309B0A5940D7F83C3184
:105AD000981F07F5A073A3F59873023053F8203090
:105AE0001944D7F83C31A3F10E0007F5A073A3F5D4
:105AF0009873023053F820304FEAF310D7F83C3156
:105B0000A3F10E0407F5A073A3F59873023453F8BC
:105B100024304FEAB3435840D7F83C31A3F10E0488
:105B200007F5A073A3F59873023453F82430DB080B
:105B30004340C818D7F83C31A3F10F0107F5A07313
:105B4000A3F59873023153F82110D7F83C31013393
:105B5000441807F5A071A1F59871981C41F82040F0
:105B600007F5A071A1F59871023351F823301A445A
:105B700007F5A073A3F598731A6007F5A073A3F552
:105B80009873D3F824314FEAB30207F5A073A3F555
:105B90009873D3F824314FEA73335A4007F5A07352
:105BA000A3F59873D3F824314FEAB3535A4007F55D
:105BB000A073A3F59873D3F8241107F5A073A3F588
:105BC0009873D3F80831194007F5A073A3F59873BB
:105BD000D3F80C0107F5A073A3F59873D3F824410B
:105BE00007F5A073A3F59873D3F808312343034056
:105BF0000B431A4407F5A073A3F598735A6007F591
:105C0000A073A3F59873D3F8102107F5A07301E0F2
:105C100008EC0000A3F598731B681A4407F5A073FD
:105C2000A3F59873C3F8102107F5A073A3F5987333
:105C30001A6807F5A073A3F598735B681A4407F513
:105C4000A073A3F59873C3F8202107F5A073A3F5FB
:105C50009873D3F81C2107F5A073A3F59873D3F8B4
:105C600010314FEAB31107F5A073A3F59873D3F879
:105C700010314FEAF323594007F5A073A3F5987349
:105C8000D3F810314FEA73634B401A4407F5A07301
:105C9000A3F59873D3F8181107F5A073A3F59873BB
:105CA000D3F8100107F5A073A3F59873D3F8144146
:105CB00007F5A073A3F59873D3F818316340034038
:105CC0004B401A44D7F83C310233F94951F823309C
:105CD0001A4407F5A073A3F59873D7F83C11023165
:105CE00053F821304FEA734107F5A073A3F5987379
:105CF000D7F83C01023053F820304FEAF3435940C3
:105D000007F5A073A3F59873D7F83C01023053F858
:105D100020309B0A5940D7F83C31581F07F5A07333
:105D2000A3F59873023053F820301944D7F83C316A
:105D3000A3F10D0007F5A073A3F59873023053F893
:105D400020304FEAF310D7F83C31A3F10D0407F5EA
:105D5000A073A3F59873023453F824304FEAB34389
:105D60005840D7F83C31A3F10D0407F5A073A3F513
:105D70009873023453F82430DB084340C818D7F82E
:105D80003C31A3F10E0107F5A073A3F5987302311E
:105D900053F82110D7F83C310233441807F5A071AD
:105DA000A1F59871981C41F8204007F5A071A1F564
:105DB0009871023351F823301A4407F5A073A3F504
:105DC00098731A6007F5A073A3F59873D3F8203180
:105DD0004FEAB30207F5A073A3F59873D3F8203107
:105DE0004FEA73335A4007F5A073A3F59873D3F8BD
:105DF00020314FEAB3535A4007F5A073A3F59873C7
:105E0000D3F8201107F5A073A3F59873D3F82431C4
:105E1000194007F5A073A3F59873D3F8080107F5A7
:105E2000A073A3F59873D3F8204107F5A073A3F5E9
:105E30009873D3F82431234303400B431A4407F5E6
:105E4000A073A3F598735A6007F5A073A3F5987330
:105E5000D3F80C2107F5A073A3F598731B681A44B7
:105E600007F5A073A3F59873C3F80C2107F5A07389
:105E7000A3F598731A6807F5A073A3F598735B6888
:105E80001A4407F5A073A3F59873C3F81C2107F50E
:105E9000A073A3F59873D3F8182107F5A073A3F5A1
:105EA0009873D3F80C314FEAB31107F5A073A3F53B
:105EB0009873D3F80C314FEAF323594007F5A073D8
:105EC000A3F59873D3F80C314FEA73634B401A442F
:105ED00007F5A073A3F59873D3F8141107F5A07311
:105EE000A3F59873D3F80C0107F5A073A3F5987385
:105EF000D3F8104107F5A073A3F59873D3F81431C4
:105F0000634003404B401A44D7F83C31033368499F
:105F100051F823301A44D7F83C31591C07F5A073C7
:105F2000A3F59873023153F821304FEA7341D7F843
:105F30003C31581C07F5A073A3F59873023053F851
:105F400020304FEAF3435940D7F83C31581C07F54D
:105F5000A073A3F59873023053F820309B0A594080
:105F6000D7F83C31181F07F5A073A3F598730230DA
:105F700053F820301944D7F83C31A3F10C0007F551
:105F8000A073A3F59873023053F820304FEAF31052
:105F9000D7F83C31A3F10C0407F5A073A3F598736F
:105FA000023453F824304FEAB3435840D7F83C3119
:105FB000A3F10C0407F5A073A3F59873023453F80A
:105FC0002430DB084340C818D7F83C31A3F10D0159
:105FD00007F5A073A3F59873023153F82110D7F891
:105FE0003C310333441807F5A071A1F59871981C52
:105FF00041F8204007F5A071A1F59871023351F8DE
:1060000023301A4407F5A073A3F598731A6007F5B7
:10601000A073A3F59873D3F81C314FEAB30207F5C8
:10602000A073A3F59873D3F81C314FEA73335A4029
:1060300007F5A073A3F59873D3F81C314FEAB35357
:106040005A4007F5A073A3F59873D3F81C1107F510
:10605000A073A3F59873D3F82031194007F5A07306
:10606000A3F59873D3F8240107F5A073A3F59873EB
:10607000D3F81C4107F5A073A3F59873D3F820312A
:10608000234303400B431A4407F5A073A3F5987309
:106090005A6007F5A073A3F59873D3F8082107F5A4
:1060A000A073A3F598731B681A4407F5A07301E069
:1060B00008EC0000A3F59873C3F8082107F5A07356
:1060C000A3F598731A6807F5A073A3F598735B6836
:1060D0001A4407F5A073A3F59873C3F8182107F5C0
:1060E000A073A3F59873D3F8142107F5A073A3F553
:1060F0009873D3F808314FEAB31107F5A073A3F5ED
:106100009873D3F808314FEAF323594007F5A07389
:10611000A3F59873D3F808314FEA73634B401A44E0
:1061200007F5A073A3F59873D3F8101107F5A073C2
:10613000A3F59873D3F8080107F5A073A3F5987336
:10614000D3F80C4107F5A073A3F59873D3F8103179
:10615000634003404B401A44D7F83C310433F949BB
:1061600051F823301A44D7F83C31991C07F5A07335
:10617000A3F59873023153F821304FEA7341D7F8F1
:106180003C31981C07F5A073A3F59873023053F8BF
:1061900020304FEAF3435940D7F83C31981C07F5BB
:1061A000A073A3F59873023053F820309B0A59402E
:1061B000D7F83C31D81E07F5A073A3F598730230C9
:1061C00053F820301944D7F83C31A3F10B0007F500
:1061D000A073A3F59873023053F820304FEAF31000
:1061E000D7F83C31A3F10B0407F5A073A3F598731E
:1061F000023453F824304FEAB3435840D7F83C31C7
:10620000A3F10B0407F5A073A3F59873023453F8B8
:106210002430DB084340C818D7F83C31A3F10C0107
:1062200007F5A073A3F59873023153F82110D7F83E
:106230003C310433441807F5A071A1F59871981CFE
:1062400041F8204007F5A071A1F59871023351F88B
:1062500023301A4407F5A073A3F598731A6007F565
:10626000A073A3F59873D3F818314FEAB30207F57A
:10627000A073A3F59873D3F818314FEA73335A40DB
:1062800007F5A073A3F59873D3F818314FEAB35309
:106290005A4007F5A073A3F59873D3F8181107F5C2
:1062A000A073A3F59873D3F81C31194007F5A073B8
:1062B000A3F59873D3F8200107F5A073A3F598739D
:1062C000D3F8184107F5A073A3F59873D3F81C31E0
:1062D000234303400B431A4407F5A073A3F59873B7
:1062E0005A6007F5A073A3F59873D3F8242107F536
:1062F000A073A3F598731B681A4407F5A073A3F560
:106300009873C3F8242107F5A073A3F598731A684E
:1063100007F5A073A3F598735B681A4407F5A0739B
:10632000A3F59873C3F8142107F5A073A3F5987328
:10633000D3F8102107F5A073A3F59873D3F824318F
:106340004FEAB31107F5A073A3F59873D3F824317E
:106350004FEAF323594007F5A073A3F59873D3F8D8
:1063600024314FEA73634B401A4407F5A073A3F539
:106370009873D3F80C1107F5A073A3F59873D3F8AD
:10638000240107F5A073A3F59873D3F8084107F526
:10639000A073A3F59873D3F80C31634003404B40CE
:1063A0001A44D7F83C310533664951F823301A4472
:1063B000D7F83C31D91C07F5A073A3F598730231C7
:1063C00053F821304FEA7341D7F83C31D81C07F518
:1063D000A073A3F59873023053F820304FEAF343CB
:1063E0005940D7F83C31D81C07F5A073A3F5987332
:1063F000023053F820309B0A5940D7F83C31981EA0
:1064000007F5A073A3F59873023053F820301944B0
:10641000D7F83C31A3F10A0007F5A073A3F59873F0
:10642000023053F820304FEAF310D7F83C31A3F193
:106430000A0407F5A073A3F59873023453F82430C7
:106440004FEAB3435840D7F83C31A3F10A0407F5AB
:10645000A073A3F59873023453F82430DB0843404B
:10646000C818D7F83C31A3F10B0107F5A073A3F5C9
:106470009873023153F82110D7F83C310533441892
:1064800007F5A071A1F59871981C41F8204007F517
:10649000A071A1F59871023351F823301A4407F521
:1064A000A073A3F598731A6007F5A073A3F598730A
:1064B000D3F814314FEAB30207F5A073A3F598732C
:1064C000D3F814314FEA73335A4007F5A073A3F59C
:1064D0009873D3F814314FEAB3535A4007F5A073B9
:1064E000A3F59873D3F8141107F5A073A3F5987367
:1064F000D3F81831194007F5A073A3F59873D3F8B2
:106500001C0107F5A073A3F59873D3F8144107F5A0
:10651000A073A3F59873D3F81831234303400B43BA
:106520001A4407F5A073A3F598735A6007F5A07392
:10653000A3F59873D3F8202107F5A073A3F59873FA
:106540001B6801E008EC00001A4407F5A073A3F5EE
:106550009873C3F8202107F5A073A3F598731A6800
:1065600007F5A073A3F598735B681A4407F5A07349
:10657000A3F59873C3F8102107F5A073A3F59873DA
:10658000D3F80C2107F5A073A3F59873D3F8203145
:106590004FEAB31107F5A073A3F59873D3F8203130
:1065A0004FEAF323594007F5A073A3F59873D3F886
:1065B00020314FEA73634B401A4407F5A073A3F5EB
:1065C0009873D3F8081107F5A073A3F59873D3F85F
:1065D000200107F5A073A3F59873D3F8244107F5BC
:1065E000A073A3F59873D3F80831634003404B4080
:1065F0001A44D7F83C310633F94951F823301A448C
:10660000D7F83C31191D07F5A073A3F59873023133
:1066100053F821304FEA7341D7F83C31181D07F584
:10662000A073A3F59873023053F820304FEAF34378
:106630005940D7F83C31181D07F5A073A3F598739E
:10664000023053F820309B0A5940D7F83C31581E8D
:1066500007F5A073A3F59873023053F8203019445E
:10666000D7F83C31A3F1090007F5A073A3F598739F
:10667000023053F820304FEAF310D7F83C31A3F141
:10668000090407F5A073A3F59873023453F8243076
:106690004FEAB3435840D7F83C31A3F1090407F55A
:1066A000A073A3F59873023453F82430DB084340F9
:1066B000C818D7F83C31A3F10A0107F5A073A3F578
:1066C0009873023153F82110D7F83C31063344183F
:1066D00007F5A071A1F59871981C41F8204007F5C5
:1066E000A071A1F59871023351F823301A4407F5CF
:1066F000A073A3F598731A6007F5A073A3F59873B8
:10670000D3F810314FEAB30207F5A073A3F59873DD
:10671000D3F810314FEA73335A4007F5A073A3F54D
:106720009873D3F810314FEAB3535A4007F5A0736A
:10673000A3F59873D3F8101107F5A073A3F5987318
:10674000D3F81431194007F5A073A3F59873D3F863
:10675000180107F5A073A3F59873D3F8104107F556
:10676000A073A3F59873D3F81431234303400B436C
:106770001A4407F5A073A3F598735A6007F5A07340
:10678000A3F59873D3F81C2107F5A073A3F59873AC
:106790001B681A4407F5A073A3F59873C3F81C216E
:1067A00007F5A073A3F598731A6807F5A073A3F50E
:1067B00098735B681A4407F5A073A3F59873C3F840
:1067C0000C2107F5A073A3F59873D3F8082107F5FA
:1067D000A073A3F59873D3F81C314FEAB31107F5F2
:1067E000A073A3F59873D3F81C314FEAF3235940F3
:1067F00007F5A073A3F59873D3F81C314FEA7363C0
:106800004B401A4407F5A073A3F59873D3F82411ED
:1068100007F5A073A3F59873D3F81C0107F5A073CF
:10682000A3F59873D3F8204107F5A073A3F59873E7
:10683000D3F82431634003404B401A44D7F83C312D
:106840000733674951F823301A44D7F83C31591DB2
:1068500007F5A073A3F59873023153F821304FEA7E
:106860007341D7F83C31581D07F5A073A3F5987311
:10687000023053F820304FEAF3435940D7F83C3107
:10688000581D07F5A073A3F59873023053F8203014
:106890009B0A594007F5A073A3F59873D7F83C01FC
:1068A000023053F820301944D7F83C31A3F10800E6
:1068B00007F5A073A3F59873023053F820304FEA20
:1068C000F310D7F83C31A3F1080407F5A073A3F542
:1068D0009873023453F824304FEAB3435840D7F842
:1068E0003C31A3F1080407F5A073A3F598730234B3
:1068F00053F82430DB084340C818D7F83C31A3F1E3
:10690000090107F5A073A3F59873023153F821101C
:10691000D7F83C310733441807F5A071A1F59871F9
:10692000981C41F8204007F5A071A1F59871023339
:1069300051F823301A4407F5A073A3F598731A6031
:1069400007F5A073A3F59873D3F80C314FEAB3029F
:1069500007F5A073A3F59873D3F80C314FEA73339E
:106960005A4007F5A073A3F59873D3F80C314FEA9A
:10697000B3535A4007F5A073A3F59873D3F80C11DD
:1069800007F5A073A3F59873D3F81031194007F5F4
:10699000A073A3F59873D3F8140107F5A073A3F5BA
:1069A0009873D3F80C4107F5A073A3F59873D3F847
:1069B0001031234303400B431A4407F5A073A3F59A
:1069C00098735A6007F5A073A3F59873D3F818214C
:1069D00007F5A073A3F598731B681A4402E000BF83
:1069E00008EC000007F5A073A3F59873C3F818210D
:1069F00007F5A073A3F598731A6807F5A073A3F5BC
:106A000098735B681A4407F5A073A3F59873C3F8ED
:106A10000821D7F83C310833C7F83C31D7F83C316E
:106A20003F2B7EF6C5AE0023C7F83C3122E007F5C8
:106A3000A073A3F59E731B68D7F83C21123253F85C
:106A4000222007F5A073A3F59873D7F83C114231C3
:106A500053F82130D11807F5A073A3F59E731B6876
:106A6000D7F83C21123243F82210D7F83C310133D9
:106A7000C7F83C31D7F83C31072BD8D907F11003C0
:106A80004FF49471184603F0E3FA0023184607F513
:106A9000A277BD4690BD00BF80B586B000AFF8605C
:106AA000B9607A6000237B6111E0B968F868FEF78D
:106AB0003FF80346002B01D000230CE0BB684033B5
:106AC000BB607B68403B7B607B6940337B617B685C
:106AD0003F2BEAD87B6918461837BD4680BD80B584
:106AE00088B000AFF860B9607A606FF06D03BB6189
:106AF0007B68002B01D1002364E0FB681B6C03F072
:106B00003F03FB61FB69C3F140037B61FB681A6CC7
:106B10007B681A44FB681A64FB681A6CFB681A6489
:106B2000FB681B6C7A689A4204D9FB685B6C5A1C40
:106B3000FB685A64FB69002B35D07A687B699A42FE
:106B400031D3FA68FB6913447A69B968184606F0CC
:106B5000B6FCFB681946F868FDF7EAFFB861BB6947
:106B6000002B01D0BB692DE0BA687B691344BB6080
:106B70007A687B69D31A7B600023FB6113E07A6833
:106B8000B968F868FFF788FF38613B693F2B02D886
:106B90004FF0FF3316E0BA683B691344BB607A6874
:106BA0003B69D31A7B607B683F2BE8D87B68002B5E
:106BB00007D0FA68FB6913447A68B968184606F08A
:106BC0007EFC002318462037BD4680BD80B59CB0B2
:106BD00000AF786039606FF06D037B660023FB6562
:106BE0007B681B6C03F03F033B663B6E5A1C3A66A6
:106BF0007A688021D1543B6E382B0AD87A683B6E74
:106C0000D0183B6EC3F138031A46002106F0D1FBC1
:106C100019E07A683B6ED0183B6EC3F140031A4608
:106C2000002106F0C6FB7B6819467868FDF780FFF7
:106C300078667B6E002B40F0BD807B683822002197
:106C4000184606F0B6FB7B681B6C5A0F7B685B6CC2
:106C5000DB001343BB667B681B6CDB00FB667B6859
:106C600003F13802BB6E1BBA7A65FB6007F10C03B7
:106C700004221946786D06F022FC00BF7B6803F100
:106C80003C02FB6E1BBABA653B6107F1100304229C
:106C90001946B86D06F013FC00BF7B68194678688A
:106CA000FDF746FF78667B6E002B40F085807B68A1
:106CB0009B6C1BBA3A683A657B6107F114030422A6
:106CC0001946386D06F0FBFB00BF3B681A1D7B6858
:106CD000DB6C1BBAFA64BB6107F118030422194686
:106CE000F86C06F0ECFB00BF3B6803F108027B6820
:106CF0001B6D1BBABA64FB6107F11C030422194621
:106D0000B86C06F0DCFB00BF3B6803F10C027B684B
:106D10005B6D1BBA7A643B6207F1200304221946BB
:106D2000786C06F0CCFB00BF3B6803F110027B6877
:106D30009B6D1BBA3A647B6207F124030422194657
:106D4000386C06F0BCFB00BF3B6803F114027B68A3
:106D5000DB6D1BBAFA63BB6207F1280304221946F4
:106D6000F86B06F0ACFB00BF3B6803F118027B68D0
:106D70001B6E1BBABA63FB6207F12C03042219468F
:106D8000B86B06F09CFB00BFFB6D002B0FD13B687E
:106D900003F11C027B685B6E1BBA7A633B6307F1ED
:106DA000300304221946786B06F089FB00BF0023EC
:106DB0007B6602E000BF00E000BF7868FDF765FE7B
:106DC0007B6E18467037BD4680BD80B485B000AF7D
:106DD000F860B9607A603B60FA68BB681344184693
:106DE0001437BD4680BC704780B586B000AFF860F0
:106DF000B9607A603B606FF06D037B61BB68002B0C
:106E000009D0FB680833B968184600F07FFB786149
:106E10007B69002B33D17B68002B09D0FB682033C2
:106E20007968184600F072FB78617B69002B26D1E7
:106E30003B68002B09D0FB6828333968184600F0FE
:106E400065FB78617B69002B19D13B6A002B09D067
:106E5000FB681833396A184600F058FB78617B6983
:106E6000002B0CD17B6A002B12D0FB681033796A9F
:106E7000184600F04BFB78617B69002B08D04FF47B
:106E800012730B4A79690B48FFF79FFF03460BE02B
:106E9000BB68002B07D0FB680833184600F015FCD0
:106EA0000246FB685A60002318461837BD4680BD6D
:106EB00008ED000080BFFFFF90B585B000AFF8601F
:106EC000B9607A60FB685C68FB680833184600F0BC
:106ED000FCFB03469C4204D1FB685B68B3F5C07FB2
:106EE00001D93A4B6DE0FB6808330021184600F0E9
:106EF000A5FD0346002B08DDFB680833002118467A
:106F000000F0B2FB0346002B01D1304B59E0BB68C7
:106F1000002B25D0FB6820330021184600F08EFDA1
:106F20000346002B1ADDFB6820330021184600F0D1
:106F30009BFB0346002B11D0FB6828330021184629
:106F400000F07CFD0346002B08DDFB6828330021A0
:106F5000184600F089FB0346002B01D11B4B30E0A3
:106F6000FB6810330021184600F068FD0346002B33
:106F700001DC164B25E0BB68002B13D0FB683033D7
:106F80000021184600F05AFD0346002B08DDFB687F
:106F900038330021184600F051FD0346002B01DC78
:106FA0000A4B0EE0BB68002B0AD0FB68403300217F
:106FB000184600F043FD0346002B01DC034B00E0C4
:106FC000002318461437BD4690BD00BF80BFFFFFA9
:106FD00080B582B000AF786078220021786806F032
:106FE000E8F97B6800221A677B6800225A6700BFB5
:106FF0000837BD4680BD000080B584B000AFF860A2
:10700000B9601346FB71BB68012B01D00E4B16E033
:1070100000BFBB68012B0BD1FB79002B08D0FB799B
:10702000184602F0EDFF0346002B01D1064B06E0A7
:10703000FB68BA681A67FA79FB685A670023184632
:107040001037BD4680BD00BF00BFFFFF80B483B0D6
:1070500000AF78607B685B6818460C37BD4680BC23
:107060007047000080B582B000AF78600022002138
:107070007868FFF721FF0346002B01D0174B29E06A
:107080007B680833184600F00FFB03467F2B01D8BE
:10709000124B1FE07B6810330021184600F0E4FA21
:1070A0000346002B13D07B681033184600F0FCFA1F
:1070B0000346012B0BD97B6803F110027B68083370
:1070C0001946104600F018FC0346002B01DB034B69
:1070D00000E0002318460837BD4680BD00BEFFFF14
:1070E00090B58BB002AFF860B9607A606FF06D0355
:1070F000FB6100220021F868FFF7DEFE0346002B4B
:1071000001D02D4B54E007F11003184600F0FBF8B6
:10711000FB685A6807F11003B968184600F0E3FAF3
:10712000F861FB69002B31D1FB6803F1080207F11C
:1071300010031146184600F0DFFB0346002B03DB6B
:107140006FF00303FB6121E0FB685B68BB61FB68D8
:1071500003F11002FB6803F10804FB68483307F1F0
:10716000100107F110000093234601F009FBF861BC
:10717000FB69002B0AD107F11003BA697968184638
:1071800000F0E0FAF861FB69002B00BF07F1100383
:10719000184600F0CAF8FB69002B08D040F2FC4307
:1071A000064AF9690648FFF710FE034600E000238F
:1071B00018462437BD4690BD80BFFFFF08ED000094
:1071C00080BDFFFF80B582B000AF78607B68002B88
:1071D00041D07B686033184600F0A7F87B686833BD
:1071E000184600F0A2F87B684833184600F09DF876
:1071F0007B681833184600F098F87B6828331846E7
:1072000000F093F87B682033184600F08EF87B6816
:107210001033184600F089F87B680833184600F0F0
:1072200084F87B685833184600F07FF87B68503349
:10723000184600F07AF87B684033184600F075F87D
:107240007B683833184600F070F87B683033184696
:1072500000F06BF800E000BF0837BD4680BD0000BD
:1072600080B483B000AF7860044B1A687B685340E9
:1072700018460C37BD4680BC704700BF142C002058
:1072800080B586B000AFF860B9607A60F868FFF743
:10729000E7FF0346DB437B61FA68BB681A40796904
:1072A0007B680B40134318461837BD4680BD80B538
:1072B00084B000AFF860B9607A607A68B968F8683D
:1072C000FFF7DEFF034618461037BD4680BD80B588
:1072D00082B000AF78600B467B8013463B80B7F9E5
:1072E000023001331946B7F9003001331A46786885
:1072F000FFF7DDFF03469BB2013B9BB21BB2184672
:107300000837BD4680BD80B483B000AF78607B682D
:1073100001229A807B680022DA807B6800221A6052
:1073200000BF0C37BD4680BC704780B582B000AF4F
:1073300078607B68002B16D07B681B68002B08D018
:107340007B681A687B68DB889B001946104602F050
:107350008BFE7B6801229A807B680022DA807B6842
:1073600000221A6000E000BF0837BD4680BD80B52E
:1073700084B000AF786039603B6842F2107293428B
:1073800002D96FF00F032EE07B68DB881A463B685A
:10739000934227D90421386802F044FEF860FB6864
:1073A000002B02D16FF00F031DE07B681B68002BE0
:1073B00011D07B6819687B68DB889B001A46F868E7
:1073C00006F07DF87B681A687B68DB889B001946AD
:1073D000104602F049FE3B689AB27B68DA807B680F
:1073E000FA681A60002318461037BD4680BD80B584
:1073F00084B000AF786039603B6842F2107293420B
:1074000002D96FF00F0351E07B68DB881A463B68B6
:10741000934205D339687868FFF7A9FF034645E032
:107420007B68DB88013BFB600AE07B681A68FB68CD
:107430009B0013441B68002B06D1FB68013BFB60DB
:10744000FB68002BF1D100E000BFFB680133FB605B
:10745000FA683B689A4201D23B68FB600421F868F5
:1074600002F0E0FDB860BB68002B02D16FF00F03A3
:107470001CE07B681B68002B10D07B681968FB68D8
:107480009B001A46B86806F01AF87B681A687B6891
:10749000DB889B001946104602F0E6FDFB689AB2B5
:1074A0007B68DA807B68BA681A6000231846103758
:1074B000BD4680BD80B582B000AF786039603B6862
:1074C000002B04D17868FFF730FF00231AE07B68B7
:1074D000DB881A463B6893420CD17B6818683B688E
:1074E0009B001A46002105F064FF7B6801229A8008
:1074F000002307E07868FFF718FF39687868FFF71E
:1075000036FF034618460837BD4680BD80B584B0B7
:1075100000AF786039600023FB607A683B689A426C
:1075200001D100235AE03B68DB88002B11D17B6836
:10753000DB88002B0BD07B6801229A807B6818685F
:107540007B68DB889B001A46002105F032FF002390
:1075500044E03B68DB88013BBB600AE03B681A689B
:10756000BB689B0013441B68002B06D1BB68013B22
:10757000BB60BB68002BF1D100E000BFBB680133EA
:10758000BB603B68B3F904207B689A807B68DB882A
:107590001A46BB68934208D9B9687868FFF7E7FED6
:1075A000F860FB68002B0FD017E07B681A68BB6897
:1075B0009B00D0187B68DB881A46BB68D31A9B00F7
:1075C0001A46002105F0F5FE7B6818683B681968CB
:1075D000BB689B001A4605F072FFFB68184610371F
:1075E000BD4680BD80B483B000AF78607B68002B5F
:1075F00001DB7B6801E07B685B4218460C37BD46C7
:1076000080BC704790B585B000AF786039606FF08E
:107610006D03FB6001217868FFF7A9FEF860FB6845
:10762000002B1CD17B6818687B68DB889B001A469E
:10763000002105F0BEFE7B681C683868FFF7D2FFAA
:10764000034623603B68DB0F9BB21A46D203D31A72
:107650005B009BB201339BB21AB27B689A80FB68D5
:1076600018461437BD4690BD80B483B000AF786033
:1076700039607B68DB885B013A689A4201D300235A
:107680000DE07B681A683B685B099B0013441A682D
:107690003B6803F01F0322FA03F303F001031846CB
:1076A0000C37BD4680BC704780B582B000AF7860B3
:1076B0007B681A687B68DB881946104601F0F9F888
:1076C000034618460837BD4680BD80B582B000AF7E
:1076D00078607868FFF7E8FF03460733DB08184651
:1076E0000837BD4680BD80B586B000AFF860B96090
:1076F0007A606FF06D037B617B689B087A6802F0AB
:107700000302002A14BF01220022D2B213443B61BB
:107710003969F868FFF7CEFE78617B69002B0CD1E0
:10772000FB681868FB68DB8819467B68BA6801F05B
:1077300058F978617B69002B00BF7B6918461837C0
:10774000BD4680BD80B584B000AFF860B9607A6096
:10775000FB681868FB68DB8819467B68BA6801F02B
:1077600081F9034618461037BD4680BD80B584B008
:1077700000AF786039606FF06D03FB607868FFF7E9
:1077800093FF02463B681344BB607B68DB885B0168
:10779000BA689A4212D9BB685B09BA6802F01F0244
:1077A000002A14BF01220022D2B21344194678687D
:1077B000FFF7DDFDF860FB68002B09D10023FB60BB
:1077C0007B6818687B68DB883A68194601F03BFAE9
:1077D000FB6818461037BD4680BD80B582B000AF4B
:1077E000786039607B68DB88002B07D07B6818687D
:1077F0007B68DB883A68194601F096F90023184641
:107800000837BD4680BD80B485B000AF7860396070
:107810007B68DB88FB600DE07B681A68FB6803F11E
:107820008043013B9B0013441B68002B06D1FB687F
:10783000013BFB60FB68002BEED100E000BF3B6822
:10784000DB88BB600DE03B681A68BB6803F18043CE
:10785000013B9B0013441B68002B06D1BB68013B16
:10786000BB60BB68002BEED100E000BFFA68BB68CC
:107870009A4201D901233AE0BA68FB689A4232D9A8
:107880004FF0FF3333E07B681A68FB6803F18043F5
:10789000013B9B0013441A683B681968FB6803F1BD
:1078A0008043013B9B000B441B689A4201D9012392
:1078B0001DE07B681A68FB6803F18043013B9B0075
:1078C00013441A683B681968FB6803F18043013B65
:1078D0009B000B441B689A4202D24FF0FF3306E034
:1078E000FB68013BFB60FB68002BCCD100231846F2
:1078F0001437BD4680BC704780B485B000AF786057
:1079000039607B68DB88FB600DE07B681A68FB6888
:1079100003F18043013B9B0013441B68002B06D1FD
:10792000FB68013BFB60FB68002BEED100E000BF71
:107930003B68DB88BB600DE03B681A68BB6803F1FD
:107940008043013B9B0013441B68002B06D1BB689E
:10795000013BBB60BB68002BEED100E000BFFB68C1
:10796000002B04D1BB68002B01D1002361E0FA6831
:10797000BB689A4203D97B68B3F9043059E0BA680E
:10798000FB689A4204D93B68B3F904305B4250E08B
:107990007B68B3F90430002B06DD3B68B3F9043093
:1079A000002B01DA012344E03B68B3F90430002BDB
:1079B0003BDD7B68B3F90430002B36DA4FF0FF3340
:1079C00037E07B681A68FB6803F18043013B9B004A
:1079D00013441A683B681968FB6803F18043013B54
:1079E0009B000B441B689A4203D97B68B3F90430AF
:1079F0001FE07B681A68FB6803F18043013B9B0032
:107A000013441A683B681968FB6803F18043013B23
:107A10009B000B441B689A4204D27B68B3F9043084
:107A20005B4206E0FB68013BFB60FB68002BC8D1B2
:107A3000002318461437BD4680BC704780B586B019
:107A400000AF786039603868FFF7CCFD0346FB6013
:107A50003B68DB0F9BB21A46D203D31A5B009BB282
:107A600001339BB21BB2BB820123FB8207F10C03E3
:107A70003B6107F1100319467868FFF73DFF0346A5
:107A800018461837BD4680BD80B58AB000AFF86093
:107A9000B9607A606FF06D037B62FA687B689A4226
:107AA00005D1BB687B61FB68BB607B697B60FA6862
:107AB000BB689A4207D0B968F868FFF727FD78627B
:107AC0007B6A002B66D1FB6801229A807B68DB8889
:107AD0003B620DE07B681A683B6A03F18043013B1F
:107AE0009B0013441B68002B06D13B6A013B3B62A1
:107AF0003B6A002BEED100E000BF3B6A002B01D1B6
:107B0000002348E0396AF868FFF731FC78627B6A45
:107B1000002B3FD1FB681B68FB617B681A683B6ADE
:107B2000F969F86901F005F9B8613B6A9B00FA69E7
:107B30001344FB612AE0FB68DB881A463B6A9342E8
:107B40000FD33B6A01331946F868FFF710FC7862DF
:107B50007B6A002B1ED1FB681A683B6A9B001344AA
:107B6000FB61FB691A68BB691A44FB691A60FB690F
:107B70001B68BA699A428CBF01230023DBB2BB6148
:107B80003B6A01333B62FB690433FB61BB69002B39
:107B9000D1D100BF7B6A18462837BD4680BD80B56D
:107BA00088B000AFF860B9607A606FF06D03FB6178
:107BB0007B68DB88BB610DE07B681A68BB6903F1F9
:107BC0008043013B9B0013441B68002B06D1BB691B
:107BD000013BBB61BB69002BEED100E000BFBB687D
:107BE000DB881A46BB69934203D96FF00903FB6136
:107BF00067E0BB68DB881946F868FFF7B8FBF861F7
:107C0000FB69002B5DD1BB68DB881A46BB699342D8
:107C100016D2BA68FB689A4212D0FB681A68BB6930
:107C20009B00D018BB681A68BB699B00D118BB6861
:107C3000DB881A46BB69D31A9B001A4605F03FFC45
:107C4000FB68DA88BB68DB889A4210D9FB681A683F
:107C5000BB68DB889B00D018FB68DB881A46BB68D2
:107C6000DB88D31A9B001A46002105F0A2FBFB68B3
:107C70001868BB6819687B681A68BB6901F0A3F8CB
:107C800078617B69002B19D0FB681A68BB699B007F
:107C9000D018FB681A68BB699B00D118FB68DB88A9
:107CA0001A46BB69D31A7A6901F0EBFF78617B69E8
:107CB000002B03D06FF00903FB6102E0FB68012297
:107CC0009A80FB6918462037BD4680BD80B588B0D4
:107CD00000AFF860B9607A603B60BB68B3F904300C
:107CE000BB61BB68B3F904301A467B68B3F9043052
:107CF00002FB03F33A6802FB03F3002B2BDA7968EB
:107D0000B868FFF780FD78617B69002B12DB7A6829
:107D1000B968F868FFF743FFF861FB69002B27D1CA
:107D20007B69002B02D0BB691AB200E00122FB681C
:107D30009A801DE0BA687968F868FFF730FFF8614B
:107D4000FB69002B14D1BB699BB25B429BB21AB298
:107D5000FB689A800CE07A68B968F868FFF794FECF
:107D6000F861FB69002B03D1BB691AB2FB689A80EA
:107D7000FB6918462037BD4680BD80B584B000AF92
:107D8000F860B9607A6001237A68B968F868FFF72B
:107D90009DFF034618461037BD4680BD80B584B0B0
:107DA00000AFF860B9607A604FF0FF337A68B96865
:107DB000F868FFF78BFF034618461037BD4680BDB5
:107DC00080B588B002AFF860B9607A60BB68DB88C4
:107DD0007B6102E07B69013B7B617B69002B0AD000
:107DE000BB681A687B6903F18043013B9B00134425
:107DF0001B68002BEED07B68002B02D07B69002B28
:107E000005D10021F868FFF7FDFB034622E06FF083
:107E10006D033B617B6901331946F868FFF7A7FAE8
:107E200038613B69002B14D1B968F868FFF76EFB25
:107E300038613B69002B0CD1FB681868FB68DB8854
:107E40001946BB681A687B68013B00937B6901F0A7
:107E500002F83B6918461837BD4680BD2DE9B04F82
:107E60008AB000AF78613961FA60BB60FB68002BB3
:107E700003D07A69FB689A4209D3BB68002B03D010
:107E8000BB684FF0FF321A604FF0FF333BE07B6975
:107E900000229A4693464FF000024FF000035346EB
:107EA0000022C7E906233B6900221C461546D7E994
:107EB000062342EA040843EA0509C7E90689FB6884
:107EC00000223B607A60D7E90023D7E9060104F07D
:107ED000CBFE02460B46C7E90823D7E90823012B4E
:107EE00005D34FF0FF324FF00003C7E90823BB680A
:107EF000002B07D0BA693B6AF96801FB03F3D21A79
:107F0000BB681A603B6A18462837BD46BDE8B08F8B
:107F1000F0B597B000AFF860B9607A603B606FF081
:107F20006D037B6500213868FFF788FD0346002B51
:107F300002D16FF00B0387E207F13C031846FFF70D
:107F4000E2F907F134031846FFF7DDF907F12C03D6
:107F50001846FFF7D8F907F124031846FFF7D3F9BD
:107F600001233B8403237B8407F11003FB61396801
:107F70007868FFF748FC0346002B19DAFB68002BF2
:107F800008D00021F868FFF73DFB78657B6D002B7A
:107F900040F03F82BB68002B08D07968B868FFF7D3
:107FA000B5FA78657B6D002B40F0338200234BE2FD
:107FB00007F13C0379681846FFF7A8FA78657B6DEE
:107FC000002B40F0268207F1340339681846FFF78A
:107FD0009DFA78657B6D002B40F01B8201233B8767
:107FE000B7F93830A7F840307B68DB8802331A468F
:107FF00007F12C0311461846FFF7B9F978657B6D38
:10800000002B40F0068207F12C0300211846FFF7F1
:10801000F9FA78657B6D002B40F0FB817B68DB888B
:1080200002331A4607F1240311461846FFF79FF959
:1080300078657B6D002B40F0EC8107F13403184626
:10804000FFF732FB034603F01F03FB64FB6C1E2BA0
:1080500019D8FB6CC3F11F03FB6407F13C03F96CF7
:108060001846FFF783FB78657B6D002B40F0D181CC
:1080700007F13403F96C1846FFF778FB78657B6DE0
:10808000002B02D0C5E10023FB64B7F84230013B6E
:10809000BB647B8F013B7B64BA6C7B6CD31A5A0147
:1080A00007F1340311461846FFF760FB78657B6DD6
:1080B000002B40F0AE8116E0FA6AB96C7B6CCB1AEB
:1080C0009B0013441A6801321A6007F1340207F169
:1080D0003C0107F13C031846FFF760FE78657B6DB5
:1080E000002B40F0968107F1340207F13C03114662
:1080F0001846FFF701FC0346002BDDDABA6C7B6CF7
:10810000D31A5A0107F1340311461846FFF765FBED
:1081100078657B6D002B40F07C81BB6C3B6530E16A
:10812000FA6B3B6D9B0013441A68796B7B6C9B0068
:108130000B441B689A420CD3FA6A396D7B6CCB1ADC
:1081400003F18043013B9B0013444FF0FF321A6060
:1081500021E0FA6B3B6D9B0013441868FA6B3B6D92
:1081600003F18043013B9B0013441D687A6B7B6CD9
:108170009B0013441E68FA6A396D7B6CCB1A03F1BD
:108180008043013B9B00D418002332462946FFF769
:1081900065FE034623603B6D012B08D9FA6B3B6DEE
:1081A00003F18043023B9B0013441B6800E0002363
:1081B000FA6913603B6D002B08D0FA6B3B6D03F13D
:1081C0008043013B9B0013441B6800E00023FA69D5
:1081D00004321360FA6B3B6D9B001A44FB69083351
:1081E00012681A60FA6A396D7B6CCB1A03F180430E
:1081F000013B9B0013441A6801321A60FA6A396D18
:108200007B6CCB1A03F18043013B9B0013441A683B
:10821000013A1A6007F1240300211846FFF7F2F92A
:1082200078657B6D002B40F0F4807B6C002B08D0D0
:108230007A6B7B6C03F18043013B9B0013441B680A
:1082400000E000237A6A13607A6B7B6C9B001A440F
:108250007B6A043312681A60FA6A396D7B6CCB1A38
:1082600003F18043013B9B0013441A6807F124018A
:1082700007F124031846FFF7A3FD78657B6D002BFB
:1082800040F0C78007F11C0207F12403114618468D
:10829000FFF732FB0346002BB0DCFA6A396D7B6CCA
:1082A000CB1A03F18043013B9B0013441A6807F18A
:1082B000340107F124031846FFF782FD78657B6DD2
:1082C000002B40F0A6803A6D7B6CD31A013B5A011B
:1082D00007F1240311461846FFF748FA78657B6DCD
:1082E000002B40F0968007F1240207F13C0107F1D2
:1082F0003C031846FFF752FD78657B6D002B40F07C
:10830000888007F13C0300211846FFF797FB0346DE
:10831000002B33DA07F1340207F124031146184623
:10832000FFF7F4F878657B6D002B72D13A6D7B6CAA
:10833000D31A013B5A0107F1240311461846FFF7EF
:1083400015FA78657B6D002B63D107F1240207F1E4
:108350003C0107F13C031846FFF70FFD78657B6D84
:10836000002B56D1FA6A396D7B6CCB1A03F180432E
:10837000013B9B0013441A68013A1A603B6D013BB4
:108380003B653A6D7B6C9A423FF6CAAEFB68002BA8
:1083900017D007F12C031946F868FFF7B7F878658E
:1083A0007B6D002B35D17B68B3F904309AB23B6802
:1083B000B3F904309BB212FB03F39BB21AB2FB6811
:1083C0009A80BB68002B23D007F13C03F96C184658
:1083D000FFF703FA78657B6D002B1AD17B68B3F940
:1083E0000430A7F8403007F13C031946B868FFF79E
:1083F0008DF878657B6D002B0BD10021B868FFF7F5
:108400001DFB0346002B03D1BB6801229A8000E0CC
:1084100000BF07F13C031846FEF787FF07F134035E
:108420001846FEF782FF07F12C031846FEF77DFF82
:1084300007F124031846FEF778FF07F110030C211B
:10844000184601F005FE7B6D18465C37BD46F0BD51
:1084500080B586B000AFF860B9607A606FF06D03E8
:108460007B6100217868FFF7E9FA0346002B02DA06
:108470006FF009032DE07B68BA68F9680020FFF708
:1084800047FD78617B69002B22D108E07A68F968A2
:10849000F868FFF772FC78617B69002B18D1002126
:1084A000F868FFF7CBFA0346002BEFDB08E07A68A9
:1084B000F968F868FFF772FC78617B69002B07D1D7
:1084C0007968F868FFF718FA0346002BEFDA00BF67
:1084D0007B6918461837BD4680BDF0B591B004AF32
:1084E000F860B9607A603B606FF06D03FB62002159
:1084F000B86CFFF7A3FA0346002B06DDBB6C1B68C4
:108500001B6803F00103002B02D16FF0030333E17A
:1085100000217868FFF792FA0346002B02DA6FF029
:10852000030329E17868FFF7BFF80346B3F5406F0E
:1085300006D8B86CFFF7B8F80346B3F5406F02D918
:108540006FF0030318E17B68DB88002B06D1012163
:10855000F868FFF757F8F862FB6A0DE1BB6CDB883F
:108560001A467B68DB881946104601F0E1F9B862CB
:108570000421B86A01F056FD78627B6A002B02D1B3
:108580006FF00F03F8E007F114031846FEF7BBFE87
:10859000FB6C002B03D0FB6C1B68002B16D107F182
:1085A0001403B96C184601F05BF9F862FB6A002B02
:1085B00040F0CF80FB6C002B1AD0FB6C1A4607F101
:1085C000140393E8030082E8030011E0BB6CDB882E
:1085D0001946F86CFEF7CBFEF862FB6A002B40F000
:1085E000B880FA6C07F1140392E8030083E80300F3
:1085F000B968F868FEF78AFFF862FB6A002B40F062
:10860000A880FB6801229A80B96CF868FFF774F9BA
:108610000346002B09DBBA6CF968F868FFF718FF0E
:10862000F862FB6A002B40F09480BB6CDB88194633
:10863000F868FEF79CFEF862FB6A002B40F0898028
:10864000BB6C1B68184601F081F83862FB6818683B
:10865000FB681968BB6C1C68BB6CDB881D467B69BA
:108660007A6A029201933B6A00932B46224601F0FC
:108670005AFB3B68B3F12A3F19D1FB681868FB68C5
:108680001C68BB6C1D68BB6CDB889C467B681B68E8
:108690007A68D28816467A69796A039102920196BD
:1086A000009363462A46214601F0CFFA18E0FB68A2
:1086B0001868FB681C68BB6C1D68BB6CDB889C463B
:1086C0007B681B687A68D28816467A69796A039152
:1086D00002920196009363462A46214601F09AFAD7
:1086E000FB681868FB681968BB6C1A68BB6CDB8890
:1086F0001C467B6A01933B6A0093234601F02CFBE6
:10870000BB68B3F90430B3F1FF3F21D17B681B682C
:108710001B6803F00103002B1AD0FB681A68FB6882
:10872000DB881946104601F0DBFAF86101224FF0B0
:10873000FF31F869FEF7CBFD03461A46FB689A80C5
:10874000FA68B96CF868FFF718FBF862FB6A002B4F
:1087500000BFBB6A9B001946786A01F085FCFB6C80
:10876000002B03D0FB6C1B68002B04D107F1140312
:108770001846FEF7DAFDFB6A18463437BD46F0BDF1
:1087800080B586B002AFF860B9607A603B60BB69C3
:1087900001933B6800934FF02A337A68B968F86810
:1087A000FFF79BFE034618461037BD4680BD00000C
:1087B00080B483B000AF7860044B1A687B68534084
:1087C00018460C37BD4680BC704700BF142C0020F3
:1087D00080B584B000AF78607868FFF7E9FFF86093
:1087E000FB685A42FB685B085B421343BB60BB6893
:1087F000DB0FBB60BB685B4218461037BD4680BDCF
:1088000080B586B000AFF860B9607A60F868FFF7AD
:10881000CFFF0346DB437B61FA68BB681A40796986
:108820007B680B40134318461837BD4680BD90B592
:1088300085B000AF786039607868FFF7B9FF04460B
:108840003868FFF7B5FF03466340FB60F868FFF741
:10885000BFFF034618461437BD4690BD80B584B0AF
:1088600000AFF860B9607A607A68B968F868FFF7B5
:10887000C7FF034618461037BD4680BD80B582B09D
:1088800000AF7860396039687868FFF7D0FF034639
:10889000DB4318460837BD4680BD80B483B000AFC7
:1088A00078607B68B3FA83F318460C37BD4680BC0A
:1088B000704780B584B000AF786039603B68013B99
:1088C000FB601AE0FB689B007A6813441B68002B6E
:1088D00010D0FB689B007A6813441B681846FFF7AA
:1088E000DCFF0346C3F12003BB60FB685A01BB6891
:1088F000134406E0FB68013BFB60FB68002BE1DAF8
:10890000002318461037BD4680BD80B483B000AF49
:1089100078607B681BBA18460C37BD4680BC704730
:1089200080B586B000AF786039603B68002B26D0F8
:108930007B687B613B6803F18043013B9B007A6865
:1089400013443B6116E07B691B681846FFF7DDFFA7
:10895000F8603B691B681846FFF7D7FF02467B6942
:108960001A603B69FA681A607B6904337B613B6972
:10897000043B3B617A693B699A42E4D900E000BF5D
:108980001837BD4680BD90B587B000AFF860B960BC
:108990007A603B60FA68BB689A421ED000237B6114
:1089A00016E07B699B00BA68134419687B699B00D9
:1089B000FA68134418687B699B00FA68D418024669
:1089C0003868FFF74BFF034623607B6901337B6107
:1089D0007A697B689A42E4D300E000BF1C37BD4649
:1089E00090BD80B588B000AFF860B9607A603B6038
:1089F0003B689B083A6802F00302002A14BF012278
:108A00000022D2B21344FB61BA68FB699A4202D2D7
:108A10006FF0070322E0BB68002B01D100231DE0AB
:108A2000BB689B001A460021F86804F0C2FC3B6852
:108A3000002B0ED0BB689A003B68D31ABB61FB6861
:108A40007B617A69BB6913443A687968184604F017
:108A500036FDB968F868FFF763FF00231846203732
:108A6000BD4680BD80B58AB000AFF860B9607A605D
:108A70003B60BB689B007B617A693B689A4210D27D
:108A80007B697B623A687B69D31A7A6813443B62DC
:108A90003A687B69D31A1A460021786804F089FC89
:108AA0001FE03B687B627B683B627B6AFB6114E092
:108AB000FB6923F00303FA6813441A68FB6903F0A7
:108AC0000303DB0022FA03F3DBB2002B02D06FF0CA
:108AD000070325E0FB690133FB61FA697B699A4270
:108AE000E6D30023BB6116E0BB6923F00303FA68F9
:108AF00013441A68BB6903F00303DB0022FA03F195
:108B00007A6ABB69D31A013B3A6A1344CAB21A7033
:108B1000BB690133BB61BA697B6A9A42E4D3002323
:108B200018462837BD4680BD80B58AB000AFF860D2
:108B3000B9607A6000233B627B685B09FB617B68FC
:108B400003F01F03BB61FA69BB689A4206D8FA6951
:108B5000BB689A420AD1BB69002B07D0BB689B0057
:108B60001A460021F86804F024FC69E0FB69002B38
:108B700025D000237B620EE07A6AFB6913449B00D8
:108B8000FA681A447B6A9B00F9680B4412681A6001
:108B90007B6A01337B62BA68FB69D31A7A6A9A42AC
:108BA000EAD308E07B6A9B00FA68134400221A604B
:108BB0007B6A01337B627A6ABB689A42F2D3BB69F3
:108BC000002B3DD0BB687B6237E07B6A03F18043BA
:108BD000013B9B00FA6813441A68BB69C3F1200388
:108BE00002FA03F37B617B6A03F18043013B9B0044
:108BF000FA68134419687B6A03F18043013B9B00C8
:108C0000FA681344BA6921FA02F21A607B6A03F126
:108C10008043013B9B00FA68134419687B6A03F1A7
:108C20008043013B9B00FA6813443A6A0A431A6086
:108C30007B693B627B6A013B7B627B6A002BC4D110
:108C40002837BD4680BD80B48BB000AFF860B960F6
:108C50007A6000233B627B685B09FB617B6803F001
:108C60001F03BB61FB69002B2BD0BB687B6214E048
:108C70007A6AFB69D31A03F18043013B9B00FA68CF
:108C80001A447B6A03F18043013B9B00F9680B4463
:108C900012681A607B6A013B7B627A6AFB699A42BE
:108CA000E6D80BE07B6A03F18043013B9B00FA6846
:108CB000134400221A607B6A013B7B627B6A002BB3
:108CC000F0D1BB69002B2FD0FB697B6228E07B6A67
:108CD0009B00FA6813441A68BB69C3F1200322FAA7
:108CE00003F37B617B6A9B00FA68134419687B6A13
:108CF0009B00FA681344BA6901FA02F21A607B6AAF
:108D00009B00FA68134419687B6A9B00FA68134455
:108D10003A6A0A431A607B693B627B6A01337B6271
:108D20007A6ABB689A42D2D300BF2C37BD4680BC5A
:108D3000704780B489B000AFF860B9607A603B607A
:108D40000023FB610023BB6133E0BB699B00BA6871
:108D500013441B68FA6913447B61BB699B00BA68C2
:108D600013441B687A699A4234BF01230023DBB2A3
:108D7000FB61BB699B007A6813441B687A691344E2
:108D80007B61BB699B007A6813441B687A699A42CD
:108D900034BF01230023DBB21A46FB691344FB6195
:108DA000BB699B00FA6813447A691A60BB69013396
:108DB000BB61BA693B689A42C7D3FB69184624373E
:108DC000BD4680BC704780B489B000AFF860B96020
:108DD0007A603B600023FB610023BB6131E0BB692B
:108DE0009B00BA6813441B68FA699A428CBF01233E
:108DF0000023DBB27B61BB699B00BA6813441A682D
:108E0000FB69D31A3B61BB699B007A6813441B68FA
:108E10003A699A4234BF01230023DBB21A467B69C8
:108E20001344FB61BB699B007A6813441A68BB69F1
:108E30009B00F9680B4439698A1A1A60BB690133CF
:108E4000BB61BA693B689A42C9D3FB6918462437AB
:108E5000BD4680BC70472DE9B00FC1B000AFC7F868
:108E6000CC00C7F8C810C7F8C420C7F8C03000232A
:108E7000C7F8FC30D7F8C820D7F8C0309A4203D2E0
:108E8000D7F8C830C7F8C030D7F8C820D7F8C030F6
:108E9000D31AC7F8F830D7F8C030DB08C7F8F43079
:108EA000D7F8C03003F00703C7F8F030A5E3D7F8D0
:108EB000C420131DC7F8C43013680022BB64FA64D1
:108EC000D7F820310022C7F8B830C7F8BC20D7E95E
:108ED00012010B46D7F8B82002FB03F2D7F8BC30DA
:108EE00084460CFB03F313440246D7F8B810A2FBE8
:108EF0000121F967BA67FA6F1344FB67D7E91E23AC
:108F0000C7E93623C7E93623D7F8D830C7F8D430B5
:108F1000D7E936234FF000004FF000011800002180
:108F20000346C7F8D030D7F8D420D7F8FC30134424
:108F3000C7F8D430D7F8D420D7F8FC309A4234BFE1
:108F400001230023DBB21A46D7F8D0301344C7F808
:108F5000D030D7F8CC301A68D7F8D4301344C7F8DB
:108F6000D430D7F8CC301A68D7F8D430934234BF15
:108F700001230023DBB21A46D7F8D0301344C7F8D8
:108F8000D030D7F8D030C7F8FC30D7F8CC20131D3C
:108F9000C7F8CC30D7F8D4301360D7F8C420131DED
:108FA000C7F8C430136800223B647A64D7F82031D4
:108FB0000022C7F8B030C7F8B420D7E910010B463B
:108FC000D7F8B02002FB03F2D7F8B43084460CFB8C
:108FD00003F313440246D7F8B010A2FB01217967CE
:108FE0003A677A6F13447B67D7E91C23C7E93623B6
:108FF000C7E93623D7F8D830C7F8D430D7E93623B5
:109000004FF000004FF00001180000210346C7F8A0
:10901000D030D7F8D420D7F8FC301344C7F8D43078
:10902000D7F8D420D7F8FC309A4234BF012300236C
:10903000DBB21A46D7F8D0301344C7F8D030D7F88F
:10904000CC301A68D7F8D4301344C7F8D430D7F8E6
:10905000CC301A68D7F8D430934234BF01230023B0
:10906000DBB21A46D7F8D0301344C7F8D030D7F85F
:10907000D030C7F8FC30D7F8CC20131DC7F8CC305F
:10908000D7F8D4301360D7F8C420131DC7F8C43004
:1090900013680022BB63FA63D7F820310022C7F8B7
:1090A000A830C7F8AC20D7E90E010B46D7F8A820A6
:1090B00002FB03F2D7F8AC3084460CFB03F31344F5
:1090C0000246D7F8A810A2FB0121F966BA66FA6E2B
:1090D0001344FB66D7E91A23C7E93623C7E93623C9
:1090E000D7F8D830C7F8D430D7E936234FF000008E
:1090F0004FF00001180000210346C7F8D030D7F820
:10910000D420D7F8FC301344C7F8D430D7F8D42093
:10911000D7F8FC309A4234BF01230023DBB21A4651
:10912000D7F8D0301344C7F8D030D7F8CC301A680D
:10913000D7F8D4301344C7F8D430D7F8CC301A68F5
:10914000D7F8D430934234BF01230023DBB21A4650
:10915000D7F8D0301344C7F8D030D7F8D030C7F89C
:10916000FC30D7F8CC20131DC7F8CC30D7F8D4305A
:109170001360D7F8C420131DC7F8C4301368002249
:109180003B637A63D7F820310022C7F8A030C7F8D4
:10919000A420D7E90C010B46D7F8A02002FB03F26C
:1091A000D7F8A43084460CFB03F313440246D7F8E7
:1091B000A010A2FB012179663A667A6E13447B66A1
:1091C000D7E91823C7E93623C7E93623D7F8D830BB
:1091D000C7F8D430D7E936234FF000004FF0000134
:1091E000180000210346C7F8D030D7F8D420D7F8AC
:1091F000FC301344C7F8D430D7F8D420D7F8FC306B
:109200009A4234BF01230023DBB21A46D7F8D0308C
:109210001344C7F8D030D7F8CC301A68D7F8D43018
:109220001344C7F8D430D7F8CC301A68D7F8D43004
:10923000934234BF01230023DBB21A46D7F8D03063
:109240001344C7F8D030D7F8D030C7F8FC30D7F87F
:10925000CC20131DC7F8CC30D7F8D4301360D7F822
:10926000C420131DC7F8C43013680022BB62FA6221
:10927000D7F820310022C7F89830C7F89C20D7E9EA
:109280000A010B46D7F8982002FB03F2D7F89C306E
:1092900084460CFB03F313440246D7F89810A2FB54
:1092A0000121F965BA65FA6D1344FB65D7E9162308
:1092B000C7E93623C7E93623D7F8D830C7F8D43002
:1092C000D7E936234FF000004FF0000118000021CD
:1092D0000346C7F8D030D7F8D420D7F8FC30134471
:1092E000C7F8D430D7F8D420D7F8FC309A4234BF2E
:1092F00001230023DBB21A46D7F8D0301344C7F855
:10930000D030D7F8CC301A68D7F8D4301344C7F827
:10931000D430D7F8CC301A68D7F8D430934234BF61
:1093200001230023DBB21A46D7F8D0301344C7F824
:10933000D030D7F8D030C7F8FC30D7F8CC20131D88
:10934000C7F8CC30D7F8D4301360D7F8C420131D39
:10935000C7F8C430136800223B627A62D7F8203124
:109360000022C7F89030C7F89420D7E908010B46CF
:10937000D7F8902002FB03F2D7F8943084460CFB18
:1093800003F313440246D7F89010A2FB012179653C
:109390003A657A6D13447B65D7E91423C7E9362310
:1093A000C7E93623D7F8D830C7F8D430D7E9362301
:1093B0004FF000004FF00001180000210346C7F8ED
:1093C000D030D7F8D420D7F8FC301344C7F8D430C5
:1093D000D7F8D420D7F8FC309A4234BF01230023B9
:1093E000DBB21A46D7F8D0301344C7F8D030D7F8DC
:1093F000CC301A68D7F8D4301344C7F8D430D7F833
:10940000CC301A68D7F8D430934234BF01230023FC
:10941000DBB21A46D7F8D0301344C7F8D030D7F8AB
:10942000D030C7F8FC30D7F8CC20131DC7F8CC30AB
:10943000D7F8D4301360D7F8C420131DC7F8C43050
:1094400013680022BB61FA61D7F820310022C7F807
:109450008830C7F88C20D7E906010B46D7F888205A
:1094600002FB03F2D7F88C3084460CFB03F3134461
:109470000246D7F88810A2FB01AB5B449B46C7E9C4
:1094800036ABC7E936ABD7F8D830C7F8D430D7E910
:1094900036234FF000004FF0000118000021034672
:1094A000C7F8D030D7F8D420D7F8FC301344C7F829
:1094B000D430D7F8D420D7F8FC309A4234BF0123F7
:1094C0000023DBB21A46D7F8D0301344C7F8D030A7
:1094D000D7F8CC301A68D7F8D4301344C7F8D43052
:1094E000D7F8CC301A68D7F8D430934234BF012370
:1094F0000023DBB21A46D7F8D0301344C7F8D03077
:10950000D7F8D030C7F8FC30D7F8CC20131DC7F8F7
:10951000CC30D7F8D4301360D7F8C420131DC7F867
:10952000C430136800223B617A61D7F820310022F1
:10953000C7F88030C7F88420D7E904010B46D7F874
:10954000802002FB03F2D7F8843084460CFB03F33F
:1095500013440246D7F88010A2FB01894B44994678
:10956000C7E93689C7E93689D7F8D830C7F8D43083
:10957000D7E936234FF000004FF00001180000211A
:109580000346C7F8D030D7F8D420D7F8FC301344BE
:10959000C7F8D430D7F8D420D7F8FC309A4234BF7B
:1095A00001230023DBB21A46D7F8D0301344C7F8A2
:1095B000D030D7F8CC301A68D7F8D4301344C7F875
:1095C000D430D7F8CC301A68D7F8D430934234BFAF
:1095D00001230023DBB21A46D7F8D0301344C7F872
:1095E000D030D7F8D030C7F8FC30D7F8CC20131DD6
:1095F000C7F8CC30D7F8D4301360D7F8F420531E16
:10960000C7F8F430002A7FF452AC6DE0D7F8C430CC
:109610001A1DC7F8C4201B680022BB60FA60D7F887
:10962000203100223B607A60D7E902010B46D7E97E
:109630000089424602FB03F24B4684460CFB03F3CF
:10964000134402464146A2FB01452B441D46C7E98F
:109650003A45C7E93A45D7F8E830C7F8E430D7E9E2
:109660003A014FF000024FF000030A0000231346B6
:10967000C7F8E030D7F8E420D7F8FC301344C7F837
:10968000E430D7F8E420D7F8FC309A4234BF012305
:109690000023DBB21A46D7F8E0301344C7F8E030B5
:1096A000D7F8CC301B68D7F8E4201344C7F8E4306F
:1096B000D7F8CC301B68D7F8E4209A4234BF012396
:1096C0000023DBB21A46D7F8E0301344C7F8E03085
:1096D000D7F8E030C7F8FC30D7F8CC301A1DC7F8FF
:1096E000CC20D7F8E4201A60D7F8F0305A1EC7F81B
:1096F000F020002B8AD119E0D7F8CC301A68D7F8BF
:10970000FC301A44D7F8CC301A60D7F8CC301B683C
:10971000D7F8FC209A428CBF01230023DBB2C7F8A4
:10972000FC30D7F8CC300433C7F8CC30D7F8F83059
:109730005A1EC7F8F820002BDED1D7F8FC301846A7
:1097400007F58277BD46BDE8B00F704780B485B09D
:1097500000AF78607B681B68FB607B681B68023326
:109760005B0003F00803FA681344FB602023BB602E
:109770000DE07B681B68FA6802FB03F3C3F1020289
:10978000FB6802FB03F3FB60BB685B08BB60BB6864
:10979000072BEED8FB685B4218461437BD4680BCE9
:1097A000704780B58CB002AFF860B9607A603B60FA
:1097B0007B6BDB0004331A460021F86B03F0F9FDE4
:1097C00000237B6229E07B6A9B00BA6813441B6814
:1097D000BB61FB6B1A687B681B68B96901FB03F30B
:1097E0001A44BB6B02FB03F37B617B6B991CBB6967
:1097F00000933B687A68F86BFFF72DFB7B6B991C35
:109800007B6900937B6B3A6BF86BFFF724FBFB6B78
:109810000433FB637B6A01337B627A6A7B6B9A4217
:10982000D1D37B6B9B00FA6B13441B683B627B6B51
:109830003A6BF96BF868FFF7C6FAF8613A6AFB69A8
:1098400053401846FEF7C4FF7B6B9B000093002338
:10985000FA6BF96800F0ACFA00BF2837BD4680BD4E
:1098600080B584B000AF786039606FF06D03FB6045
:1098700001217868FDF7C6FEF860FB68002B1DD15A
:109880003B68DB889B0119467868FDF76FFFF8603D
:10989000FB68002B12D13A6879687868FEF7D8FD2A
:1098A000F860FB68002B09D13B68DB8819467868B3
:1098B000FDF79DFDF860FB68002B00BFFB681846B4
:1098C0001037BD4680BD80B586B000AFF860B96086
:1098D0007A603B6000237B6112E0396A7869FEF7A9
:1098E000CDFF38613B697A68B968F868FFF74BF8D3
:1098F0007B6901337B617B689B00BA681344BB6062
:109900007A693B689A42E8D300BF00BF1837BD466A
:1099100080BD80B483B000AF78607B684F2B01D9E5
:10992000032300E0012318460C37BD4680BC704776
:1099300080B588B000AF786039603B685B0118463D
:10994000FFF7E7FFF8610122FB6902FA03F3BB614D
:10995000BB697A6802FB03F37B617B683B617B68D0
:109960005B000133FB607A693B691A44FB6813446E
:1099700018462037BD4680BD80B58CB004AFF86076
:10998000B9607A603B607B689B001A460021386BA7
:1099900003F00FFD3B6B01221A607B6B03933B6866
:1099A00002937B680193BB6800937B68BA6A396B4A
:1099B000386BFFF7F6FE7B689B003A6B13447B61C4
:1099C0007B689B001A46F968786903F078FD7B692B
:1099D000FB610223BB6117E07B689B00FA691344BB
:1099E0003B617B6B03933B6802937B680193BB688D
:1099F00000937B687A69F9693869FFF7D2FE3B69A1
:109A0000FB61BB690133BB61BA69FB6A9A42E3D36C
:109A100000BF00BF2037BD4680BD80B586B000AF17
:109A2000F860B9607A603B607B68B3F12A3F13D17C
:109A3000B968F868FEF73DFF78617B69002B01D1BA
:109A400001237B617B695A093B681A607B6903F0DB
:109A50001F023B6A1A6005E03B68BA681A603B6AFD
:109A600000221A6000BF1837BD4680BD80B586B0A1
:109A700002AFF860B9607A603B60FB69B3F12A3FDE
:109A80000DD1BB697A6802FB03F39B00BA68D11859
:109A90007B689B001A46F86803F011FD07E0BB697C
:109AA00000933B687A68B968F868FFF70CFF00BF5D
:109AB0001037BD4680BD80B594B004AFF860B96082
:109AC0007A603B60FB6C7B6100233B6107F1140211
:109AD00007F11003009313463A6DF96CB86CFFF769
:109AE0009CFF7B695B011846FFF713FF7863012237
:109AF0007B6B02FA03F33B633B6B3A6802FB03F3B5
:109B0000FB623B68BB62BB6D7B62FB6A9B007A6A4F
:109B100013443B62BB6A9B003A6A1344FB6178685A
:109B2000FFF714FEB861FB6903937B6A02933B6BFA
:109B300001937B6D0093BB693A687968B868FFF759
:109B40001BFF3B689B001A46796AF86803F0B7FC74
:109B50000023FB630023BB63FB690393BB69029390
:109B60003B6801937B6800933B68FA68F968F86882
:109B7000FFF717FE3B69002B05D17B69013B7B6139
:109B80001F233B6102E03B69013B3B61FB6B0133FF
:109B9000FB63BB6B5B00BB637B699B00BA6C1344CC
:109BA0001A683B6922FA03F303F00103BA6B13430B
:109BB000BB63FA6B7B6B9A4205D03B69002B1ED1CD
:109BC0007B69002B1BD13B6D0193BB6B00933B6BFF
:109BD0003A68796A386AFFF749FFFB690393BB6902
:109BE00002933B6801937B6800933B683A6AF9688B
:109BF000F868FFF7D6FD0023BB630023FB633B69D6
:109C0000002BA9D17B69002BA6D100BF00BF403734
:109C1000BD4680BD80B58AB006AFF860B9607A6095
:109C20003B607B6A04933B6A039300230293FB69C6
:109C30000193BB6900933B687A68B968F868FFF7DD
:109C40003AFF00BF1037BD4680BD80B58AB006AF71
:109C5000F860B9607A603B607B6A04933B6A039367
:109C60004FF02A330293FB690193BB6900933B6871
:109C70007A68B968F868FFF71EFF00BF1037BD4665
:109C800080BD80B489B000AFF860B9607A603B6095
:109C90000023FB611AE0FB699B00BA6813441B6850
:109CA000BB61BA697B68D31A7B617A69BB699A42E6
:109CB0008CBF01230023DBB27B60FB699B00FA6849
:109CC00013447A691A60FB690133FB61FA693B68E6
:109CD0009A42E0D37B6818462437BD4680BC704763
:109CE00080B586B000AF786039607B68FB60002388
:109CF0007B6100233B610AE03B699B00FA681344E7
:109D00001B687A6913437B613B6901333B613A69A4
:109D10003B689A42F0D37869FEF75AFD034618462D
:109D20001837BD4680BD80B588B004AFF860B96013
:109D30007A603B603B6A0393BB6902933B68019383
:109D40007B6800933B68FA69B968F868FFF729FDFA
:109D500000BF1037BD4680BD80B58AB004AFF86043
:109D6000B9607A603B6001237B6107F114027B6A72
:109D700003933B6A02933B6801937B680093012342
:109D8000B968F868FFF70DFD00BF1837BD4680BD04
:109D900080B483B000AF7860044B1A687B6853408E
:109DA00018460C37BD4680BC704700BF142C0020FD
:109DB00080B590B000AFF860B9607A603B60FB6836
:109DC000BB63F868FFF7E4FF0346DB437B633B6854
:109DD000002B01D1BB683B600023FB6330E07A6855
:109DE000FB6B13443B6207F11C030422396A1846DB
:109DF00003F065FBFB69BA6B13403B633A68FB6B8E
:109E000013447B6207F118030422796A184603F0B1
:109E100056FBBB697A6B1340FB62BA68FB6B1A4452
:109E2000396BFB6A0B43BA627B6107F114030422AE
:109E30001946B86A03F043FB00BFFB6B0433FB63B6
:109E4000FB6B0433BA6C9A42C9D218E07A68FB6B98
:109E500013441A78BB6BDBB21340D9B23A68FB6B80
:109E600013441A787B6BDBB21340DAB2B868FB6B31
:109E700003440A43D2B21A70FB6B0133FB63FA6BE3
:109E8000BB6C9A42E2D300BF00BF4037BD4680BDE5
:109E900080B487B000AFF860B9607A60FB681B6877
:109EA000BA68D31A002B02DC6FF05F0350E0FB6846
:109EB0001B681B785BB2002B09DBFB681B68591C15
:109EC000FA6811601B781A467B681A6034E0FB68F8
:109ED0001B681B7803F07F037B617B69002B02D03A
:109EE0007B69042B02DD6FF0630331E0FB681B68C4
:109EF000BA68D31A7A699A4202DB6FF05F0327E0EF
:109F00007B6800221A60FB681B685A1CFB681A6099
:109F10000DE07B681B681B02FA68126812781A430E
:109F20007B681A60FB681B685A1CFB681A607B69B7
:109F30005A1E7A61002BECD17B681B68FA681268A4
:109F4000B9688A1A934202D96FF05F0300E00023D8
:109F500018461C37BD4680BC704780B584B000AF42
:109F6000F860B9607A603B60FB681B68BA68D31A16
:109F7000002B02DC6FF05F0314E0FB681B681B78AA
:109F80001A463B68934202D06FF061030AE0FB6817
:109F90001B685A1CFB681A607A68B968F868FFF792
:109FA00077FF034618461037BD4680BD80B586B0A2
:109FB00000AFF860B9607A606FF06D037B6107F104
:109FC00010020223B968F868FFF7C7FF78617B6960
:109FD000002B01D07B690EE0FB681B683A691946CB
:109FE0007868FDF780FB7861FB681A683B691A4462
:109FF000FB681A607B6918461837BD4680BD0000B3
:10A0000080B483B000AF0346FB71FB79092B01D10B
:10A01000034B00E0002318460C37BD4680BC704758
:10A0200074ED0000014B1B68184700BF1C040020A2
:10A03000014B1B68184700BF18040020024B186032
:10A04000024B0020196070471C04002018040020F7
:10A0500010B50A46044619B1024B00211B68984707
:10A0600010BD00BF78ED000010B5044608B1FFF741
:10A07000EFFF2046BDE81040FFF7DABF80B483B0A1
:10A0800000AF074B1B687B600023BA8862F30F03A5
:10A09000FA8862F31F4318460C37BD4680BC7047F0
:10A0A0007CED000080B400AF23F00103022262F3D4
:10A0B000420343F0080303F00F031846BD4680BC7B
:10A0C0007047000080B400AF024B1B681846BD46C5
:10A0D00080BC7047182C002080B588B000AF786035
:10A0E000314A137843F0010313702F4A137843F079
:10A0F000020313702D492E4801F098FFF861FB69A7
:10A100000E2B07D12A4802F06BF82849284801F0A5
:10A110008DFFF861FB69002B07D0234A137823F0E9
:10A12000010313704FF0FF3339E007F108031946BC
:10A130001F4802F039F80346002B0AD01C4802F0F1
:10A140004FF8194A137823F0010313704FF0FF33CF
:10A1500025E0FA68BB6803F18053013B1B011344FF
:10A160009B68BB61BB69B3F5004F0AD0104802F091
:10A1700037F80D4A137823F0010313706FF00403CE
:10A180000DE0094A137823F001031370064A13788F
:10A1900023F002031370044B01221A7100231846A6
:10A1A0002037BD4680BD00BF182C00206CEE00009B
:10A1B000E430002080B500AF064B1B79002B05D0A2
:10A1C000054802F00DF8034B00221A7100231846CF
:10A1D00080BD00BF182C0020E430002080B483B084
:10A1E00000AF0346FB71FB79012B02DC002B04DA84
:10A1F00006E0022B04D1002304E06FF0030301E02A
:10A200006FF0040318460C37BD4680BC7047000051
:10A2100080B584B000AFF860B9607A60BB68002B8D
:10A2200002D07B68002B02D16FF0040319E0FA68BA
:10A230007B681344B3F5801F02D96FF0040310E06C
:10A240000A4A137843F001031370FB687A681946D1
:10A25000B86803F034F9054A137823F0010313704A
:10A26000002318461037BD4680BD00BF182C0020C3
:10A2700080B586B000AFF860B9607A60BB68002B2B
:10A2800002D07B68002B02D16FF0040331E0FA6842
:10A290007B681344B3F5801F02D96FF0040328E0F4
:10A2A000164B1B79002B02D14FF0FF3321E0134AEC
:10A2B000137843F001031370104A137823F002035C
:10A2C0001370B9687B68FA680D4801F0FFFE786189
:10A2D0000A4A137823F0010313707B69002B07D01F
:10A2E000064A137843F0020313704FF0FF3300E087
:10A2F000002318461837BD4680BD00BF182C00202B
:10A30000E430002080B584B000AF78607B68B3F59E
:10A31000801F04D27B68C3F30E03002B02D06FF0C2
:10A32000040329E0164B1B79002B02D14FF0FF33B9
:10A3300022E0134A137843F001031370104A137894
:10A3400023F0020313700123FB60FA6879680D485B
:10A3500001F0E7FEB8600A4A137823F00103137096
:10A36000BB68002B07D0064A137843F00203137032
:10A370004FF0FF3300E0002318461037BD4680BD84
:10A38000182C0020E430002080B582B000AF0023FC
:10A390007B600CE07868FFF7B5FF0346002B02D026
:10A3A0004FF0FF3308E07B6803F500437B607B6878
:10A3B000B3F5801FEED3002318460837BD4680BD95
:10A3C00080B400AF024B1846BD4680BC704700BF4A
:10A3D00080ED000080B582B000AF78607868FFF74C
:10A3E0007BFE034618460837BD4680BD80B400AFEB
:10A3F00000231846BD4680BC7047000080B584B07D
:10A4000000AFF860B9607A60BB68002B02D07B684F
:10A41000002B02D16FF004031DE0FB68B3F1006F65
:10A4200005D3FA687B6813440D4A934202D96FF052
:10A43000040310E00B4A137843F001031370FB6828
:10A440007A681946B86803F03AF8064A137823F098
:10A4500001031370002318461037BD4680BD00BFAE
:10A4600000200008182C002080B586B000AFF860EE
:10A47000B9607A60BB68002B02D07B68002B02D1E8
:10A480006FF0040335E0FB68B3F1006F05D3FA68A1
:10A490007B681344194A934202D96FF0040328E001
:10A4A000174B1B79002B02D14FF0FF3321E0144AE8
:10A4B000137843F001031370114A137823F0020359
:10A4C0001370B9687B68FA680E4801F0FFFD786187
:10A4D0000B4A137823F0010313707B69002B07D01C
:10A4E000074A137843F0020313704FF0FF3300E084
:10A4F000002318461837BD4680BD00BF0020000865
:10A50000182C0020E430002080B584B000AF7860C3
:10A510007B68B3F1006F08D37B681C4A934204D276
:10A520007B6803F03F03002B02D06FF0040329E0A7
:10A53000174B1B79002B02D14FF0FF3322E0144A56
:10A54000137843F001031370114A137823F00203C8
:10A5500013700123FB60FA6879680E4801F0E1FD91
:10A56000B8600B4A137823F001031370BB68002B0B
:10A5700007D0074A137843F0020313704FF0FF33FC
:10A5800000E0002318461037BD4680BD00200008BB
:10A59000182C0020E430002080B582B000AF4FF0CE
:10A5A00000637B600BE07868FFF7AEFF0346002B8B
:10A5B00002D04FF0FF3307E07B6840337B607B685D
:10A5C000034A9342EFD3002318460837BD4680BDA7
:10A5D0000020000880B400AF024B1846BD4680BC86
:10A5E000704700BF98ED000080B582B000AF786082
:10A5F00039607B68002B02D03B68002B01D100231F
:10A6000005E03A687968002000F09CF90346184696
:10A610000837BD4680BD80B584B000AFF860B96032
:10A620007A607B681946B868FFF7DEFF0346184674
:10A630001037BD4680BD000080B500AF00F0A8F91E
:10A64000024B01221A7000BF80BD00BF202C0020E9
:10A6500080B400AF034B00221A7000BFBD4680BC1F
:10A66000704700BF202C002080B483B000AF244B83
:10A670003B603B6803221A613B6803225A613B68D6
:10A68000204A9A613B68204ADA613B684FF4806255
:10A690001A623B6800229A623B6800225A623B6859
:10A6A0000222DA623B68174A1A663B68174A5A6602
:10A6B0003B6810229A663B6800221A673B680022BA
:10A6C000DA663B6802225A67BFF35F8F00237B6024
:10A6D0000CE07B68C3F10F030D4AD15C3A687B68DC
:10A6E00013440A461A707B6801337B607B680F2B2A
:10A6F000EFD9BFF35F8F00BF0C37BD4680BC7047FA
:10A70000242C002008EE0000CC2C0020CC300020AF
:10A7100014EE000080B58AB000AFF860B9607A60CE
:10A7200000233B62FB68DB68FB61FB681B69BB6164
:10A73000BA69FB699A4205D9BA69FB69D31A013B28
:10A740007B6207E0FB689A68B969FB69CB1A13441E
:10A75000013B7B62FB689A68FB69D31A7A6A934271
:10A7600028BF13467B627A6A7B68934228BF1346F0
:10A770007B62FB685A68FB6913447B617A6AB9683B
:10A78000786902F09CFE3A6A7B6A13443B62BA68BD
:10A790007B6A1344BB607A687B6AD31A7B60FA6970
:10A7A0007B6A1344FB61FB689B68FA699A4201D19A
:10A7B0000023FB61BFF35F8FFB68FA69DA607B6897
:10A7C000002BB2D13B6A18462837BD4680BD80B504
:10A7D00088B000AFF860B9607A60FB68DB68FB6145
:10A7E000FB689A68FB69D31ABB61BA697B689A42B5
:10A7F00011D9FB685A68FB6913443B617A68B968F0
:10A80000386902F05CFEBFF35F8FFA697B681A4417
:10A81000FB68DA601FE0BB697B61FB685A68FB6913
:10A8200013443B617A69B968386902F048FE7A6876
:10A83000BB69D31A7B61FB685B683B61BA68BB6923
:10A8400013447A691946386902F039FEBFF35F8F05
:10A85000FB687A69DA6000BF2037BD4680BD80B4EE
:10A8600087B000AF78607B681B693B617B68DB6801
:10A87000FB603A69FB689A4208D87B689A68FB6873
:10A88000D21A3B691344013B7B6104E03A69FB68DF
:10A89000D31A013B7B617B6918461C37BD4680BCDF
:10A8A0007047000080B588B000AFF860B9607A608A
:10A8B000BB68BB61FB685A1C13465B001344DB009A
:10A8C0001F4A13447B617B695B69022B29D0022BF1
:10A8D0002ED8002B02D0012B13D029E07869FFF786
:10A8E000BEFF38613A697B689A4202D20023FB615D
:10A8F00021E07B68FB617A68B9697869FFF767FFD7
:10A9000019E07869FFF7ABFF38617A683B699342D9
:10A9100028BF1346FB61FA69B9697869FFF757FFE9
:10A9200009E07A68B9697869FFF7F4FEF86102E036
:10A930000023FB6100BFFB6918462037BD4680BD80
:10A94000242C002080B588B000AFF860B9607A6030
:10A950000E4BFB61FB691B78DBB2002B01D1FFF7CB
:10A9600083FEEFF311834FF0200181F31188BB6167
:10A970007A68B968F868FFF795FF7861BB6983F377
:10A9800011887B6918462037BD4680BD242C0020E5
:10A9900080B500AFFFF768FE00BF80BD002004490E
:10A9A000044A521A043A01DB8850FBE7704700BFA3
:10A9B00000040020A04E00200746FFF7EFFF002014
:10A9C0000146024603460446054606468046814641
:10A9D0008246834684468646384700BF80B584B0A9
:10A9E00000AF0B4BFB60FB687B607B6883F30A88DE
:10A9F00000BF084B9B6800209847B860BB68002BDD
:10AA000001D0012300E0002318461037BD4680BD69
:10AA1000A0360020B0ED000080B400AF002318463F
:10AA2000BD4680BC7047000080B586B000AF78603E
:10AA3000124BDB68984778617B69002B00D0FEE7FA
:10AA40000F4A7B6813600023FB60FB6883F30A886E
:10AA500000BF0B4B1B681B683B613B6983F3088895
:10AA600000BFBFF34F8F00BFBFF36F8F00BF044B1A
:10AA70001B685B681846FFF79FFF00BFB0ED000042
:10AA8000DC30002080B483B000AF7860FEE780B493
:10AA900083B000AF7860002318460C37BD4680BCF9
:10AAA000704780B483B000AF7860002318460C373D
:10AAB000BD4680BC704780B483B000AF786001238E
:10AAC00018460C37BD4680BC704780B483B000AFD9
:10AAD0007860012318460C37BD4680BC704780B5AE
:10AAE00000AF00F0A1FA0346184680BD80B5AAB0B9
:10AAF00000AFF860B9607A6007F198031946F8680A
:10AB000001F0BAF8C7F89C00D7F89C30002B02D0AF
:10AB1000D7F89C304DE0D7F89830802B28BF8023A1
:10AB2000C7F89830D7F8983007F118021946F86836
:10AB300000F03CFEC7F89C00D7F89C30002B02D0F8
:10AB4000D7F89C3035E000237B610023C7F8A430A0
:10AB500021E0002387F8A33014E007F11802D7F8AA
:10AB6000A43013441B781A4697F8A33042FA03F333
:10AB700003F001027B6913447B6197F8A330013332
:10AB800087F8A33097F8A330072BE6D9D7F8A4307D
:10AB90000133C7F8A430D7F89830D7F8A4209A42E8
:10ABA000D7D307F1140304221946786802F087FC12
:10ABB00000231846A837BD4680BD80B586B000AFDB
:10ABC0000346B9607A60FB7300237B61BB68042B8A
:10ABD00002D04AF2C5330EE0FB7BC0339B00BA685B
:10ABE0007968184600F0ACF978617B69002B01D0D8
:10ABF0007B6900E0002318461837BD4680BD000081
:10AC000080B584B000AFF860B9607A60BB68042B8F
:10AC100002D043F65C2346E0FB68062B41D801A234
:10AC200052F823F041AC00004FAC00005DAC0000D6
:10AC30006BAC000079AC000087AC000095AC000064
:10AC40007A68B9680020FFF7B8FF03462BE07A68FE
:10AC5000B9680120FFF7B1FF034624E07A68B968BC
:10AC60000220FFF7AAFF03461DE07A68B9681020AA
:10AC7000FFF73CFF034616E07A68B9681120FFF73A
:10AC800035FF03460FE07A68B9681220FFF72EFF00
:10AC9000034608E07A68B9681320FFF727FF0346E8
:10ACA00001E04CF25A3318461037BD4680BD00BF54
:10ACB00080B5A6B000AF7860396007F18C03194603
:10ACC000786800F0D9FFC7F89000D7F89030002BD3
:10ACD00002D0D7F890304EE0D7F88C30802B28BFC8
:10ACE0008023C7F88C30D7F88C30DB003A689A4262
:10ACF00002D945F2A3533EE007F10C038022002164
:10AD0000184602F056FB0023C7F894300BE007F119
:10AD10000C02D7F894301344FF221A70D7F89430FD
:10AD20000133C7F894303B68DB08D7F894209A4287
:10AD3000EDD33B6803F00703012202FA03F3DBB211
:10AD4000013BD9B207F10C02D7F8943013440A46FC
:10AD50001A70D7F88C3007F10C021946786800F0A9
:10AD600087FEC7F89000D7F89030002B02D0D7F8B4
:10AD7000903000E0002318469837BD4680BD80B56E
:10AD800084B000AF03463960FB710023FB60FB79A0
:10AD9000C0339B0007F108010422184600F0D0F8E8
:10ADA000F860FB68002B01D0FB681FE0BB68B3F1C3
:10ADB000FF3F02D145F2A35318E0BB683A689A42BC
:10ADC00002D24AF2C53311E03B68BB60FB79C03365
:10ADD0009B0007F108010422184600F0ADFAF86064
:10ADE000FB68002B01D0FB6800E0002318461037F9
:10ADF000BD4680BD80B584B000AF786039607B68A7
:10AE0000062B3BD801A252F823F000BF29AE000068
:10AE100035AE000041AE00004DAE000059AE00005E
:10AE200065AE000071AE000039680020FFF7A7FF93
:10AE3000F86026E039680120FFF7A1FFF86020E004
:10AE400039680220FFF79BFFF8601AE0396810208C
:10AE5000FFF72EFFF86014E039681120FFF728FF94
:10AE6000F8600EE039681220FFF722FFF86008E072
:10AE700039681320FFF71CFFF86002E04CF25A33E8
:10AE800019E0FB68002B01D0FB6814E007F1080310
:10AE90001A4604217868FFF7B3FEF860FB68002BC0
:10AEA00001D0FB6807E0BB683A689A4202D043F6DB
:10AEB0005C2300E0002318461037BD4680BD00BF6C
:10AEC00080B586B000AFF860B9607A607B681B68B7
:10AED000BA681946F86800F069FC78617B69002B54
:10AEE00001D07B690FE007F110031946F86800F004
:10AEF000C3FE78617B69002B01D07B6903E03A696E
:10AF00007B681A60002318461837BD4680BD80B59F
:10AF100084B000AF0346B9607A60FB73FB7B012B02
:10AF200008D8FB7B0C337A68B9681846FFF7C8FF6E
:10AF3000034601E04AF2C53318461037BD4680BDCE
:10AF400080B58AB000AFF860B9607A60344B5B6856
:10AF5000984703467B613B7DC3F34103DBB21A464E
:10AF6000304B53F8223087F8273097F82720FB68BA
:10AF7000B3FBF2F101FB02F29B1A002B02D04AF262
:10AF8000C53348E07B683B620023FB613B6A002BD2
:10AF900012D0234B5B69FA6802F1006097F8272012
:10AFA0007968B1FBF2F2B9689847B861BB69002BC8
:10AFB00002DA43F65C232EE097F827307A68B2FB7A
:10AFC000F3F397F8272002FB03F3FA691344FB61BC
:10AFD0003A6AFB69D31A3B623B6A002B1AD0104BCA
:10AFE0005B69F968FA690A4402F1006007F110012F
:10AFF00001229847B861BB69002B02DA43F65C2353
:10B0000009E0BA68FB69134407F110013A6A18466F
:10B0100002F055FA002318462837BD4680BD00BF10
:10B02000DCED000028EE000080B584B000AF002306
:10B03000FB60304B9B68002098470346FB60FB6831
:10B04000002B02D043F65C2350E007F108030422F2
:10B0500019460020FFF774FFF860FB68002B01D051
:10B06000FB6843E03B1D042219464FF44370FFF791
:10B0700067FFF860FB68002B01D0FB6836E0BB6817
:10B080001D4A934206D17B68002B03D07B68B3F145
:10B09000FF3F03D100F0AAFAF86026E03B46042205
:10B0A000194640F60C30FFF74BFFF860FB68002BA9
:10B0B00001D0FB681AE03B68002B0ED03B68B3F16F
:10B0C000FF3F0AD03A687B689A4206D33B6813F187
:10B0D000020F0AD17B68012B07D100F0CBF8F86092
:10B0E000FB68002B01D0FB6800E0FB6818461037B6
:10B0F000BD4680BDDCED00001281DEC080B483B0AF
:10B1000000AF786039607B683A68B3FBF2F2396867
:10B1100001FB02F29B1A7A68D31A18460C37BD4617
:10B1200080BC704780B483B000AF786039607A68C3
:10B130003B681A4479683B680B44013B3968B3FBB0
:10B14000F1F1386800FB01F15B1AD31A013B184694
:10B150000C37BD4680BC704780B584B000AF7860C6
:10B1600039600023FB607B6803F03F03002B02D0B3
:10B170004AF2C5331BE040217868FFF7BFFFB86093
:10B180000EE00D4BDB69B86898470346FB60FB682F
:10B19000002B02D043F65C2309E0BB684033BB6060
:10B1A0007A683B681344BA689A42EAD3FB68184647
:10B1B0001037BD4680BD00BFDCED000080B58AB011
:10B1C00000AFF860B9607A607B683B62264B5B68D1
:10B1D000984703463B613B7CC3F34103DBB21A460D
:10B1E000224B53F82230FB7700237B6232E07B6AEC
:10B1F00001333A6A9A4203D23A6A7B6AD31A00E070
:10B200000123BB61184B5B69F9687A6A8818FA7F79
:10B21000B969B1FBF2F21649984778617B69002B56
:10B2200002DA43F65C231AE00F4B9B69B9687A6A2D
:10B230008818FA7FB969B1FBF2F20D499847786135
:10B240007B69002B02DA43F65C2308E07A6ABB696B
:10B2500013447B627A6A3B6A9A42C8D30023184639
:10B260002837BD4680BD00BFDCED000028EE0000A1
:10B27000E030002080B582B000AF00237B604FF447
:10B2800000614FF00820FFF767FF78607B68002BB4
:10B2900001D07B6809E04FF400624FF008214FF0C5
:10B2A0000060FFF78BFF78607B6818460837BD4663
:10B2B00080BD80B586B000AFF860B9607A603B6051
:10B2C000FA68BB6813443A689A422FD23A683B6ADC
:10B2D0001344FA689A4229D2FA683B689A4202D922
:10B2E000FB687B6101E03B687B61FA68BB681A44DC
:10B2F00039683B6A0B449A4204D93A683B6A134462
:10B300003B6103E0FA68BB6813443B617A693B68C0
:10B31000D31A7A6AD0187A69FB68D31A7A68D11876
:10B320003A697B69D31A1A4602F0C9F80023184615
:10B330001837BD4680BD000080B594B002AFF860FC
:10B34000B9607A600023BB6304237B634021F86803
:10B35000FFF7D4FE3863FA687B681344402118462F
:10B36000FFF7E0FE386440214FF44370FFF7C6FE5C
:10B37000F86201214FF44370FFF7C0FEB8623B6CE6
:10B38000B3F5006F02D943F65C2303E1834B5B689E
:10B39000984703467B613B7DC3F34103DBB21A460A
:10B3A0007F4B53F8223087F827307C4B5B6997F846
:10B3B00027200421B1FBF2F2D2B207F1180179483B
:10B3C00098470346BB63BB690133BB61BB69B3F1FB
:10B3D000FF3F01D10123BB613A6CFB6A9A420CD852
:10B3E000FB6A03F1006340211846FFF7B5FEB8631E
:10B3F000BB6B002B01D0BB6BCCE03B6B03F100605F
:10B400003A6C3B6BD31A1946FFF7A6FEB863BB6BC9
:10B41000002B01D0BB6BBDE03A6CBB6A9A4201D9EC
:10B42000BB6A3B643B6BFB6347E0FB6B01333A6CED
:10B430009A4202D301237B6403E03A6CFB6BD31A7C
:10B440007B64564B5B69FA6B02F1082097F8272062
:10B45000796CB1FBF2F2544998470346BB63524BF7
:10B4600001937B6C0093FB6BBA687968F868FFF70F
:10B4700020FFB863BB6B002B01D0BB6B8AE097F851
:10B4800027307A6CB2FBF3F3FB61444B9B69FA6B98
:10B4900002F10060FA69444998470346BB63BB6BFD
:10B4A000002B06D0BA6BFB699A4202D043F65C23AC
:10B4B00070E0FA6B7B6C1344FB63FA6B3B6C9A4253
:10B4C000B3D33A6CBB6A9A4211D2FB6A03F10820EB
:10B4D000FB6A03F10061BA6AFB6AD31A1A46FFF7E6
:10B4E0006DFEB863BB6B002B01D0BB6B52E02B4BE6
:10B4F0005B69BA6A02F1082097F82720796BB1FBE3
:10B50000F2F2294998470346BB63274B01937B6BB3
:10B510000093BB6ABA687968F868FFF7CAFEB86337
:10B52000BB6B002B01D0BB6B34E007F118021E4B44
:10B5300001937B6B0093BB6A04214FF44370FFF7C8
:10B54000B8FEB863BB6B002B01D0BB6B22E097F851
:10B5500027307A6BB2FBF3F33B62104B9B69BA6AFC
:10B5600002F100603A6A104998470346BB63BB6B1F
:10B57000002B06D0BA6B3B6A9A4202D043F65C239A
:10B5800008E0FFF777FEB863BB6B002B01D0BB6B05
:10B5900000E0BB6B18464837BD4680BDDCED0000BF
:10B5A00028EE00000C0B0008E030002080B582B0CF
:10B5B00000AF00237B604FF400614FF00060FFF7A5
:10B5C000CBFD78607B68002B01D07B6809E04FF4ED
:10B5D00000624FF000614FF00820FFF7EFFD786048
:10B5E0007B6818460837BD4680BD000080B58AB02C
:10B5F00000AF00237B62504B5B68984703463B607B
:10B600003B78C3F34103DBB21A464C4B53F822306C
:10B61000FB7707F10803042219464FF40060FFF797
:10B620008FFC78627B6A002B01D07B6A80E03B1D37
:10B630000422194640F60C30FFF782FC78627B6AE0
:10B64000002B01D07B6A73E0BB683D4A93420ED168
:10B650007B68002B0BD07B68B3F1FF3F07D0FFF76F
:10B66000A5FF78627B6A002B61D07B6A60E04FF4B3
:10B6700000614FF00060FFF76FFD78627B6A002B7E
:10B6800001D07B6A54E0012200212E4801F091FE96
:10B690004FF40063BB6100233B621BE03B6A013354
:10B6A000BA699A4203D2BA693B6AD31A00E001230D
:10B6B0007B61214B9B693A6A02F10060FA7F7969EC
:10B6C000B1FBF2F21F49984703467B623A6A7B69F5
:10B6D00013443B623A6ABB699A42DFD3FFF7CAFD63
:10B6E00078627B6A002B01D07B6A21E0144B3B61BE
:10B6F00007F11003042219460020FFF71DFE7862AF
:10B700007B6A002B02D043F65C2311E00123FB602F
:10B7100007F10C03042219464FF44370FFF70CFEA7
:10B7200078627B6A002B02D043F65C2300E07B6AE0
:10B7300018462837BD4680BDDCED000028EE00002D
:10B740001281DEC0E030002080B500AFFFF76CFC56
:10B750000346184680BD80B588B000AFF860B96078
:10B760007A603B600023FB6107F114031946F86817
:10B7700000F082FAF861FB69002B01D0FB6911E04F
:10B780007B697A68934228BF1346BB61BA693968FE
:10B79000B868FFF7D5FBF861FB69002B01D0FB69A6
:10B7A00000E0002318462037BD4680BD80B584B038
:10B7B00000AFF860B9607A60FB681E2B00F2F4807D
:10B7C00001A252F823F000BF45B80000A9B900005B
:10B7D00055B8000065B8000075B8000085B80000D5
:10B7E00095B80000A5B80000B5B80000C5B80000C5
:10B7F000D5B80000E5B80000F5B8000007B90000B2
:10B8000019B900002BB900003DB900004FB9000084
:10B8100061B9000073B90000A9B90000A9B900001E
:10B82000A9B90000A9B90000A9B90000A9B9000090
:10B83000A9B90000A9B90000A9B9000085B90000A4
:10B8400097B900007B68BA680421F868FFF783FFA6
:10B850000346ABE07B68BA682421F868FFF77BFFFA
:10B860000346A3E07B68BA684421F868FFF773FFDA
:10B8700003469BE07B68BA684821F868FFF76BFFD6
:10B88000034693E07B68BA684C21F868FFF763FFD2
:10B8900003468BE07B68BA686C21F868FFF75BFFB2
:10B8A000034683E07B68BA688C21F868FFF753FF92
:10B8B00003467BE07B68BA689021F868FFF74BFF8E
:10B8C000034673E07B68BA68B021F868FFF743FF6E
:10B8D00003466BE07B68BA68D021F868FFF73BFF4E
:10B8E000034663E07B68BA68F021F868FFF733FF2E
:10B8F00003465BE07B68BA684FF49071F868FFF725
:10B900002AFF034652E07B68BA684FF4A071F868DA
:10B91000FFF721FF034649E07B68BA684FF41871CE
:10B92000F868FFF718FF034640E07B68BA684FF4F9
:10B930002071F868FFF70FFF034637E07B68BA68AD
:10B940004FF4B071F868FFF706FF03462EE07B68FE
:10B95000BA684FF4D071F868FFF7FDFE034625E0A2
:10B960007B68BA684FF4F071F868FFF7F4FE03469D
:10B970001CE07B68BA684FF40871F868FFF7EBFECB
:10B98000034613E07B68BA684FF42871F868FFF744
:10B99000E2FE03460AE07B68BA684FF43871F86843
:10B9A000FFF7D9FE034601E04CF25A331846103730
:10B9B000BD4680BD80B598B000AFF860B9607A60D0
:10B9C0003B600023BB6507F154031946F86800F09B
:10B9D00053F9B865BB6D002B01D0BB6D43E07B6DA7
:10B9E0007A689A4202D94AF2C5333CE07B6D402B1B
:10B9F00002D94AF2C53336E007F114037A681946D2
:10BA0000B868FFF79DFAB865BB6D002B01D0BB6D20
:10BA100029E00023FB6516E007F11402FB6D1344D7
:10BA20001A783968FB6D0B441B781343DAB2396816
:10BA3000FB6D0B441B789A4202D04AF2C53312E0E8
:10BA4000FB6D0133FB65FA6D7B689A42E4D37A683B
:10BA50003968B868FFF770FCB865BB6D002B01D082
:10BA6000BB6D00E0002318466037BD4680BD000076
:10BA700080B584B000AFF860B9607A60FB681E2BB7
:10BA800000F2F48001A252F823F000BF09BB0000CD
:10BA90006DBC000019BB000029BB000039BB0000D1
:10BAA00049BB000059BB000069BB000079BB000026
:10BAB00089BB000099BB0000A9BB0000B9BB000016
:10BAC000CBBB0000DDBB0000EFBB000001BC0000F1
:10BAD00013BC000025BC000037BC00006DBC00009A
:10BAE0006DBC00006DBC00006DBC00006DBC0000B2
:10BAF0006DBC00006DBC00006DBC00006DBC0000A2
:10BB000049BC00005BBC00007B68BA680421F8688F
:10BB1000FFF750FF0346ABE07B68BA682421F86862
:10BB2000FFF748FF0346A3E07B68BA684421F86842
:10BB3000FFF740FF03469BE07B68BA684821F8683E
:10BB4000FFF738FF034693E07B68BA684C21F8683A
:10BB5000FFF730FF03468BE07B68BA686C21F8681A
:10BB6000FFF728FF034683E07B68BA688C21F868FA
:10BB7000FFF720FF03467BE07B68BA689021F868F6
:10BB8000FFF718FF034673E07B68BA68B021F868D6
:10BB9000FFF710FF03466BE07B68BA68D021F868B6
:10BBA000FFF708FF034663E07B68BA68F021F86896
:10BBB000FFF700FF03465BE07B68BA684FF49071C3
:10BBC000F868FFF7F7FE034652E07B68BA684FF467
:10BBD000A071F868FFF7EEFE034649E07B68BA689B
:10BBE0004FF41871F868FFF7E5FE034640E07B6804
:10BBF000BA684FF42071F868FFF7DCFE034637E0BF
:10BC00007B68BA684FF4B071F868FFF7D3FE03465B
:10BC10002EE07B68BA684FF4D071F868FFF7CAFE6F
:10BC2000034625E07B68BA684FF4F071F868FFF7C7
:10BC3000C1FE03461CE07B68BA684FF40871F868DF
:10BC4000FFF7B8FE034613E07B68BA684FF428712B
:10BC5000F868FFF7AFFE03460AE07B68BA684FF466
:10BC60003871F868FFF7A6FE034601E04CF25A333C
:10BC700018461037BD4680BD80B483B000AF7860F1
:10BC800039607B681E2B00F2958001A252F823F0E8
:10BC90000DBD0000B5BD000015BD00001DBD0000BC
:10BCA00025BD00002DBD000035BD00003DBD0000DC
:10BCB00045BD00004DBD000055BD00005DBD00004C
:10BCC00065BD00006DBD000075BD00007DBD0000BC
:10BCD00085BD00008DBD000095BD00009DBD00002C
:10BCE000B5BD0000B5BD0000B5BD0000B5BD00008C
:10BCF000B5BD0000B5BD0000B5BD0000B5BD00007C
:10BD0000B5BD0000A5BD0000ADBD00003B68202210
:10BD10001A6052E03B6820221A604EE03B68042221
:10BD20001A604AE03B6804221A6046E03B68202221
:10BD30001A6042E03B6820221A603EE03B68042221
:10BD40001A603AE03B6820221A6036E03B68202205
:10BD50001A6032E03B6820221A602EE03B683022F5
:10BD60001A602AE03B6820221A6026E03B68202205
:10BD70001A6022E03B6820221A601EE03B68202205
:10BD80001A601AE03B6840221A6016E03B684022C5
:10BD90001A6012E03B6840221A600EE03B684022C5
:10BDA0001A600AE03B6840221A6006E03B682022E5
:10BDB0001A6002E04CF25A3300E0002318460C37B8
:10BDC000BD4680BC704700BF80B400AF002318465A
:10BDD000BD4680BC704780B400AF00231846BD4606
:10BDE00080BC704780B487B000AF0346FB71FB791D
:10BDF000FF2B01D1002315E00D4B1B6A7B61FB7902
:10BE00007A6922FA03F303F007033B617B691B0E97
:10BE100003F00703FB60074B1A68FB689A403B6915
:10BE200022FA03F318461C37BD4680BC704700BF9A
:10BE300000E00140C804002080B400AF0B4B012299
:10BE4000A3F80421094BB3F804319BB2002BF9D1BC
:10BE5000064B0122A3F80021054B01229A60044BF6
:10BE600001221A6000BFBD4680BC704700C001407F
:10BE70000070004080B483B000AF03463960FB71AE
:10BE800097F9073004493A6841F8232000BF0C377E
:10BE9000BD4680BC704700BF3031002080B483B005
:10BEA00000AF0346FB710B4997F9073003F1C0025D
:10BEB00051F8223023F4803341F82230054A97F9B3
:10BEC0000730C03352F8233000BF0C37BD4680BC6A
:10BED000704700BF0060004080B584B000AF0346EB
:10BEE000FB7197F907301846FFF7D8FFBFF35F8F54
:10BEF00000BF97F90730FB60FB6803F01F0207499A
:10BF000097F907305B09012000FA02F2603341F82B
:10BF1000232000BF1037BD4680BD00BF00E100E018
:10BF200080B584B000AF0346B9607A60FB73BB682C
:10BF3000DAB2094997F90F301201D2B20B4483F8F3
:10BF4000002397F90F3079681846FFF793FF00BF79
:10BF50001037BD4680BD00BF00E100E080B485B071
:10BF600000AF0346FB7197F90730FB60FB6803F0F5
:10BF70001F020649FB685B09012000FA02F241F842
:10BF8000232000BF1437BD4680BC704700E100E0AD
:10BF900080B582B000AF0346FB7197F907301846B1
:10BFA000FFF79AFF97F907301846FFF7D7FF00BF52
:10BFB0000837BD4680BD000080B485B000AF0346A1
:10BFC000FB7197F90730FB60FB6803F01F020A4919
:10BFD00097F907305B09012000FA02F2203341F89B
:10BFE0002320BFF34F8F00BFBFF36F8F00BF00BF91
:10BFF0001437BD4680BC704700E100E080B584B0D6
:10C0000000AF0346B9607A60FB7397F90F307A6826
:10C01000B9681846FFF784FF97F90F301846FFF705
:10C02000B7FF00BF1037BD4680BD000080B584B0AB
:10C0300000AF786039607B68FB600023BB60FB6801
:10C040003A685A603B681B78002B23D03B685A68DB
:10C05000FB681A643B68DA68FB689A64FB68002234
:10C060005A64184B01221A763B6893F911003B6819
:10C070001B7CFA681946FFF7C1FF124B98221A750C
:10C080003B6893F913003B689B7CFA681946FFF7FD
:10C09000B5FF05E00B4B00221A760A4B00221A75F9
:10C0A000F86800F02FF9B860BB68002B01D0BB68BE
:10C0B00003E0FB68044A1A60BB6818461037BD46A7
:10C0C00080BD00BF00E07F404E45504F80B586B038
:10C0D00000AFF860B9607A603B60FB683B610023A9
:10C0E0007B613B685A083B699A633B69BA681A638B
:10C0F0003B697A685A633B69002283F83C207B687D
:10C10000B3F1006F04D2386903F0A2FA786103E05A
:10C11000386900F0B1F878617B6918461837BD4678
:10C1200080BD80B588B000AFF860B9607A60FB6808
:10C130007B610023FB617B69002283F83C20BB68A4
:10C14000B3F1006F1BD20023BB61BB6823F4001363
:10C15000B3F5803F06D2BB6823F4FF5323F01F03DF
:10C16000BB6105E0BB6823F4FF4323F07F03BB61A1
:10C170007A68B969786903F0D9FAF8610EE0BB68AA
:10C1800023F03F033B617A683969786900F056F91A
:10C19000F861FB69002B01D0FB6900E0FB691846E0
:10C1A0002037BD4680BD000080B483B000AF78600A
:10C1B00039603B68084A92E8030083E803003B6863
:10C1C000064A083392E8030083E803000023184678
:10C1D0000C37BD4680BC704754EE00003004002090
:10C1E00080B584B000AF78607B68FB600023BB60E3
:10C1F000FB6800221A60FB685B6893F91130002B22
:10C2000006DBFB685B6893F911301846FFF7D4FE34
:10C210000B4B00221A76FB685B6893F91330002BF6
:10C2200006DBFB685B6893F913301846FFF7C4FE22
:10C23000034B00221A75BB6818461037BD4680BDF7
:10C2400000E07F4080B483B000AF084B7B607B6828
:10C250001B6803F00703072B01D1054B00E0054BDA
:10C2600018460C37BD4680BC704700BF90A2000145
:10C2700090A1000110A2000180B586B000AF7860E7
:10C2800000237B61786800F02FF978617B69002BCF
:10C2900001D07B6932E07B685B681B78002B06D09D
:10C2A0007B68012283F83C2000233B6102E07B682D
:10C2B000DB683B613A690421786803F091F87861A2
:10C2C0007B685B681B78002B01D07B6916E0182225
:10C2D0004FF48051786903F0FFF878617B689B6BBD
:10C2E000002B02D07B69002BE4D002F05BFFF860EA
:10C2F0007B69002B01D1FB687B617B69184618378D
:10C30000BD4680BD80B586B000AF78607B680022F6
:10C3100083F83C201C20FFF765FD78611820FFF7AB
:10C3200061FD38613E4B012283F816247B693D4A4A
:10C33000934202D84FF4FB736EE07B6903F57423DC
:10C3400003F23F23384AA2FB03239B0CFB603B69AB
:10C3500003F5742303F23F23334AA2FB03239B0C10
:10C36000BB60FB689BB2314A03F5F0539BB2A2F865
:10C37000E430BB6843F6B85202FB03F32C4AA2FB3D
:10C3800003239A087B689A60BB6840F6D86202FB78
:10C3900003F3274AA2FB03239A087B68DA60BB6891
:10C3A0005B00234AA2FB03239A087B681A61BB68DF
:10C3B000542202FB03F31E4AA2FB03239A087B6864
:10C3C0005A61BB684FF4FA2202FB03F3184AA2FB3E
:10C3D00003239A087B689A61BB6844F2506202FBAF
:10C3E00003F3134AA2FB03239A087B685A62BB68D3
:10C3F000104A02FB03F30E4AA2FB03239A087B6850
:10C400001A62BB680C4A02FB03F3094AA2FB03232E
:10C410009A087B68DA61002318461837BD4680BD4C
:10C4200000E00140FF083D0083DE1B4300E07F4049
:10C43000ABAAAAAA80DE0F00A0F7030080B588B0DF
:10C4400000AFF860B9607A600023FB61FB68BA68EE
:10C450001A63FB687A689A63F86800F045F8F86137
:10C46000FB69002B02D04FF4FA7336E0FB685B687F
:10C470001B78002B06D0FB68022283F83C200023A7
:10C48000BB6102E0FB685B6ABB61164B0122A3F84B
:10C49000E020BA694021F86802F068FFF861FB68A3
:10C4A0005B681B78002B01D0FB6916E019224FF462
:10C4B0000051F86903F010F8F861FB689B6B002BE2
:10C4C00002D0FB69002BE4D002F06CFE7861FB69BE
:10C4D000002B01D17B69FB61FB6918462037BD4603
:10C4E00080BD00BF00E07F4080B584B000AF7860C1
:10C4F0000023FB604FF49643BB607B685B681B784E
:10C50000002B0DD07B685B6893F911301846FFF75C
:10C510003FFD7B685B6893F913301846FFF738FDE1
:10C520000C4B4AF68022A3F8842008E0BB68002B5D
:10C5300002D14FF4FA7309E0BB68013BBB60054BC5
:10C54000B3F884309BB2802BF0D1FB6818461037CB
:10C55000BD4680BD00E07F40704700BF00BEFEE7E3
:10C56000064B074993F826001A6A51F82030C2F3A7
:10C5700002620449D3400B60704700BF00E00140F5
:10C58000A0040020C8040020704700BFF8B54AF29C
:10C59000035001234549464AA1F8FE03A2F804319D
:10C5A000B2F804319BB2002BFAD101204FF40045C0
:10C5B0004FF0090C3F4CDFF800E1404EC4F804E0B6
:10C5C000DFF8FCE03949C4F80CE03E4FA2F8000166
:10C5D0003D4AB06030606261276091F82620A56016
:10C5E0002561086A54F82220384EC0F30260C24028
:10C5F000326081F8133481F8A2C091F880341BB9FD
:10C6000091F8813499074CD0284D95F88034002B4F
:10C610003CD00022254B83F8812483F8802400231A
:10C62000224981F8323091F83C301A07FBD543F2A9
:10C63000021000231D4A088581F82A3092F83C3008
:10C640009B06FBD50320052319494FF0F10C81F817
:10C650001C011F49116282F8263092F82630156AB3
:10C6600054F82300C5F302640123E0403060F02455
:10C670004FF42540174981F80CC00B720C7382F8F7
:10C68000303082F85230A2F8FE03F8BD0121C820F4
:10C6900085F8801400F07EF895F88034012BFBD1EA
:10C6A000B7E74FF47A70FFF76FFFB8E700E001409B
:10C6B00000C00140A004002000127A000070004079
:10C6C00000366E01002D310100C2EB0BC8040020C2
:10C6D000211201200020004038B50025284C0121FE
:10C6E000C82084F8285000F055F884F8245094F8B5
:10C6F0002430002BFBD194F82430214943F002036D
:10C7000084F8243091F82430C3F340009B07F9D417
:10C710001B4A81F8220092F8223003F0FF00002B20
:10C72000F9D192F84030164960F3C71382F84030CF
:10C7300091F84030DB09FBD191F84200104A63F3D5
:10C74000C71081F8420092F84230DB09FBD192F821
:10C7500044000B4963F3C71082F8440091F8443059
:10C76000C3F3C014DB09F9D1012000F0DFF8054B59
:10C77000012083F8BB44BDE8384000F0A7B800BFF3
:10C780000030084000E00140A0F101000028FBD18A
:10C79000704700BF1E4B1F4A1B6800FB01F193420C
:10C7A00013D302F1854202F5071203F5741302F662
:10C7B000834203F6FF03A2FB03231B0DA3FB0131FE
:10C7C0004FF0FF30F1B1FFF7DFBF4FF47A7210B4D2
:10C7D000A1FB02C41048B0FBF3F34FF0FF303CB9AB
:10C7E000BCFBF3FC4FEA9C0080B110BCFFF7CCBF50
:10C7F0009B00B1FBF3F1A1FB0212002AF5D1084620
:10C8000020B1F2E71846002BDDD1704710BC70470D
:10C81000C804002000127A0000CA9A3B10B5032019
:10C8200084B000F083F80C22FF2101A800F0C1FDC4
:10C83000224A01981188002934D0012120F00103F7
:10C8400054883CB3918823F0020369B3D28823F063
:10C85000040322BB01931A491A4A0B67C2F88032BB
:10C86000029B03204B67C2F88432039B164C8B67F4
:10C87000C2F8883200F02AF80023104931F8022B60
:10C8800003F1C00001330AB144F82020042BF5D194
:10C8900004B010BD9488002CD8D1D28852B123F0B6
:10C8A0000803D7E70346CBE7D288002AD2D023F08B
:10C8B0000803CFE70029CDD10346CCE780EE000086
:10C8C0000080004000E100E000600040EFF31081D4
:10C8D000012383F31088124B33F8102092B22AB14F
:10C8E00033F81020013A92B223F8102033F81030B8
:10C8F0009BB28BB90B4A10B4B2F8FE330A4C9BB210
:10C9000034F8100043F4254323EA0003A2F8FE3371
:10C9100081F3108810BC704781F31088704700BF06
:10C92000BC04002000E0014088EE000030B4EFF3CA
:10C930001081012383F310880E4A32F810309BB225
:10C940006BB90D4C0D4DB4F8FE3335F810C09BB2E9
:10C9500043EA0C0343F425439BB2A4F8FE3332F8B8
:10C96000103001339BB222F8103081F3108830BCB4
:10C97000704700BFBC04002000E0014088EE0000CA
:10C980002DE9F041DFF870800646D8F80070B7B1A5
:10C990000025D8F8044004E00135BD4204F10C0440
:10C9A0000DD0637AB342F7D1D4E900020021121A04
:10C9B000013500F0FEFCBD4204F10C04F1D1D8F8C1
:10C9C0000870B7B10025D8F80C4004E00135BD422D
:10C9D00004F110040DD0637BB342F7D1D4E9000217
:10C9E000A168121A013500F06AFDBD4204F110047D
:10C9F000F1D1BDE8F08100BF2CF10000704700BF0D
:10CA0000002270B52B4B2C4C2C49C4F800342C4B15
:10CA10002C4899602C4D2D4B2A6003F14001028077
:10CA200042808280C28043F8042F8B42FBD1284B86
:10CA3000284A00201A60FFF7E1FFFFF7A7FD012059
:10CA4000FFF7DCFF84F30A880020FFF799FFFFF768
:10CA500087FDFFF741FE0320FFF768FF00234FF635
:10CA6000FF701D4903F108020133092B21F8120060
:10CA7000F8D10320FFF72AFF00F084F80220FFF727
:10CA8000BDFF0120FFF77CFF144D154B5B1B002BF6
:10CA90004FEAA30606DD002455F8043B013498470D
:10CAA000A642F9DCFFF7BAFEBDE870400020FFF7B0
:10CAB00053BD00BFA5EDF5FE903200200000000040
:10CAC00000ED00E0BC0400200C050020C80400209C
:10CAD000C804002000127A00000D0840CCDE0000DF
:10CAE000D0DE000010B586B0FF21122201A800F0B0
:10CAF00060FC4FF0010E114901F5267C8B8806A8D9
:10CB00001A0A00EB420232F8140CDBB208310EFABA
:10CB100003F320EA0303614522F8143CEED100231D
:10CB2000074C0DF1020203F1080132F8020F013344
:10CB3000092B24F81100F6D106B010BD94EE0000C8
:10CB4000000D084070B500240B4B0C4EB3F82021AB
:10CB5000B3F84051ADB2154025FA04F3DB0704D514
:10CB600056F82430E0B203B198470134102CF3D1C9
:10CB7000014BA3F8305170BD00600040CC04002090
:10CB8000704700BF2DE9F84F0320FFF7CFFE0223C7
:10CB900049F6F7712D4A6FF00100C2F8D0304FF41A
:10CBA000254C4FF0FF334AF2015B6FF0004A032639
:10CBB0006FF07F496FF0020E4FF6FE686FF00F07BF
:10CBC000D468234D0C4023492143D160224C234A91
:10CBD0002349C2F88001A5F804B0A5F800C0A5F863
:10CBE00004C0C4F804A0A360E360236163611D4C2A
:10CBF0001360C1F8CC33C1F8CC63C1F8C043C1F8AD
:10CC0000C833C1F8E033C1F8D093A1F500511364E3
:10CC100050649364D36413655365A1F84081C2F8EE
:10CC200010E05761D2F83011C2F83031C2F800314B
:10CC3000C2F8043101235363FFF754FFFFF7A0FF4D
:10CC40003046BDE8F84FFFF741BE00BF00ED00E001
:10CC5000000E00400800FA0500000E400080004071
:10CC600000E0014002E4FCFF53B94AB9002908BFC3
:10CC700000281CBF4FF0FF314FF0FF3000F08CB99F
:10CC8000ADF1080C6DE904CE00F006F8DDF804E023
:10CC9000DDE9022304B070472DE9F04F099D0E46EF
:10CCA00004460F46002B47D18A429446B2FA82F3DB
:10CCB0005AD943B102FA03FCC3F120029F409C40C1
:10CCC00020FA02F217434FEA1C461FFA8CFE220C90
:10CCD000B7FBF6F106FB117701FB0EF042EA0742C3
:10CCE000904208D91CEB020201F1FF3702D29042B8
:10CCF00000F23C813946121AA4B2B2FBF6F006FBF0
:10CD0000102200FB0EFE44EA0244A64508D91CEBA3
:10CD1000040400F1FF3202D2A64500F22A81104637
:10CD200040EA0140A4EB0E0400211DB1DC400023C9
:10CD3000C5E90043BDE8F08F8B4205D90DB1C5E9C7
:10CD4000000100210846F5E7B3FA83F100294FD12D
:10CD5000B342C0F00281824240F2FF800846002DBB
:10CD6000E8D0C5E90047E5E7002B40F0AF808A1A1C
:10CD70004FEA1C4E1FFA8CF70121B2FBFEF60EFBA8
:10CD80001620220C42EA004207FB06F090420FD91F
:10CD90001CEB020206F1FF382CBF4FF001094FF0E7
:10CDA0000009904203D9B9F1000F00F0DC8046463B
:10CDB000121AA4B2B2FBFEF00EFB102200FB07F722
:10CDC00044EA0244A7420FD91CEB040400F1FF32ED
:10CDD0002CBF4FF0010E4FF0000EA74203D9BEF159
:10CDE000000F00F0C9801046E41B40EA06409CE7B3
:10CDF000C1F120048B4006FA01FC00FA01FE22FA80
:10CE000004F7E6408A401F4320FA04F34FEA17482C
:10CE100043EA0C031FFA87FC4FEA1349B6FBF8F00C
:10CE200008FB106649EA064600FB0CF9B1450ED92D
:10CE3000BE1900F1FF3A2CBF4FF0010B4FF0000B71
:10CE4000B14503D9BBF1000F00F0A2805046A6EB1C
:10CE500009061FFA83F9B6FBF8F308FB136603FB18
:10CE60000CFC49EA0646B4450ED9BE1903F1FF3859
:10CE70002CBF4FF001094FF00009B44503D9B9F1B7
:10CE8000000F00F08280434643EA0040A6EB0C0608
:10CE9000A0FB028C66454346E14602D307D1C64556
:10CEA00005D2B8EB02036CEB070C0138E1465DB12B
:10CEB000BEEB030266EB090606FA04F422FA01F35C
:10CEC000CE401C43C5E90046002133E702FA03FCCB
:10CED000C3F1200299409C40D6404FEA1C4E20FAF4
:10CEE00002F21FFA8CF7B6FBFEF00A430EFB106647
:10CEF000110C41EA064100FB07F68E420ED91CEBED
:10CF0000010100F1FF382CBF4FF001094FF000097B
:10CF10008E4202D9B9F1000F34D04046891B92B23B
:10CF2000B1FBFEF60EFB161142EA014206FB07F1C9
:10CF300091420ED91CEB020206F1FF382CBF4FF0D4
:10CF400001094FF00009914202D9B9F1000F16D042
:10CF50004646521A46EA00410FE7841A66EB03027E
:10CF600001201746FBE6023E624421E70239624493
:10CF7000C1E664440238D3E66444023834E7023E32
:10CF80006244E6E702386144C8E7023B3E447BE77F
:10CF900002383E445BE700BF704700BF024B0A46C1
:10CFA0000146186800F002B84404002070B5A1FBE7
:10CFB000025434B9294600F049F8064628B93046EB
:10CFC00070BD0C2200260260F9E72A46214600F0D7
:10CFD000F0F9F4E708B5064B044613B10021AFF3AE
:10CFE0000080044B1B6803B19847204600F06CFF9B
:10CFF0000000000080320020024B0146186800F05B
:10D000006BBA00BF4404002070B50F4E0C460546B5
:10D01000316811B900F00AFA30602146284600F064
:10D0200005FA431C03D14FF0FF34204670BDC41CE9
:10D0300024F00304A042F8D0211A284600F0F6F9A3
:10D040000130F2D1EFE700BF403100202DE9F84375
:10D05000CD1C064625F0030508350C2D38BF0C25E0
:10D06000002D01DBA94204D90C2333600020BDE868
:10D07000F883DFF8D48000F069F8D8F800301C4657
:10D0800044BB29463046FFF7BFFF431C044658D136
:10D09000D8F800402746002F43D1002C4BD02368FE
:10D0A0003946304604EB030900F0C0F9814542D10E
:10D0B000216830466D1A2946FFF7A6FF01303AD0A5
:10D0C00023682B442360D8F800305A6862BBC8F844
:10D0D00000700FE02268521B20D40B2A17D9611967
:10D0E000A342256018BF5960636808BFC8F80010E4
:10D0F00062514B60304600F02FF804F10B00231D05
:10D1000020F00700C21A1CBF1B1AA350AFE76268C9
:10D11000A3420CBFC8F800205A60EBE723466468BE
:10D12000AEE73C467F68B6E71A465B68A342FBD190
:10D1300000235360DEE70C233046336000F00CF828
:10D1400094E70560D6E700BF44310020014800F0B5
:10D15000B4B900BF88320020014800F0AFB900BF69
:10D1600088320020002310B504468360818119466F
:10D170004366C28108228361C0E90033C0E90433F9
:10D180005C3000F016F90D4B246263620C4BA36215
:10D190000C4BE3620C4B23630C4B9C4206D003F117
:10D1A0006802944202D0D0339C4205D104F1580069
:10D1B000BDE8104000F080B910BD00BF0DD30000E5
:10D1C0002FD3000067D300008BD30000483100202C
:10D1D000024A0349034800F069B800BF3804002040
:10D1E0000DDC00004804002041680C4B994210B54A
:10D1F000044601D000F00AFDA168094B994202D013
:10D20000204600F003FDE168064B994204D0204619
:10D21000BDE8104000F0FABC10BD00BF483100204E
:10D22000B03100201832002010B50B4B04210B4CFC
:10D230000B4A20461A600022FFF794FF04F16800B1
:10D2400001220921FFF78EFF04F1D00002221221F2
:10D25000BDE81040FFF786BF803200204831002033
:10D26000D1D10000014800F028B900BF8932002068
:10D27000014800F023B900BF8932002010B50446F0
:10D28000FFF7F0FF236A1BB1BDE81040FFF7F0BFC6
:10D29000044B2362044B1B68002BF5D1FFF7C4FF3E
:10D2A000F2E700BFE9D10000803200202DE9F84309
:10D2B0000746884614460026D4E90195B9F10109CC
:10D2C00005D52468002CF7D13046BDE8F883AB893A
:10D2D000012B07D9B5F90E30013303D02946384662
:10D2E000C04706436835E9E70FB407B5064904AB04
:10D2F000086853F8042B8168019300F05FF903B0CC
:10D300005DF804EB04B070474404002010B50C46EF
:10D31000B1F90E1000F078F80028ABBF636DA38957
:10D320001B1823F48053ACBF6365A38110BD2DE9A6
:10D33000F0411F468B8905460C46DB05164605D590
:10D3400002230022B1F90E1000F04CF8A3893246F6
:10D35000B4F90E10284623F48053A3813B46BDE860
:10D36000F04100F073B810B50C46B1F90E1000F0A2
:10D3700039F8431CA38915BF606523F4805343F437
:10D380008053A38118BFA38110BDB1F90E1000F026
:10D3900019B80139024410B5904201D1002005E0CE
:10D3A000037811F8014FA34201D0181B10BD0130C2
:10D3B000F2E702440346934200D1704703F8011B91
:10D3C000F9E7000038B50023054D044608462B60F8
:10D3D000F3F706FF431C02D12B6803B1236038BD6D
:10D3E0008432002038B50446064D08461146002216
:10D3F0002A601A46F3F706FF431C02D12B6803B1DB
:10D40000236038BD8432002038B50446064D0846F6
:10D41000114600222A601A46F3F7FAFE431C02D195
:10D420002B6803B1236038BD8432002038B5002357
:10D43000054D044608462B6000F036FD431C02D122
:10D440002B6803B1236038BD8432002038B5044610
:10D45000064D0846114600222A601A46FDF7DBF801
:10D46000431C02D12B6803B1236038BD84320020F5
:10D4700070B50D4D00260D4C641BA410A64209D1B9
:10D480000B4D00260B4C00F02FFD641BA410A64290
:10D4900005D170BD55F8043B01369847EEE755F8C5
:10D4A000043B01369847F2E7CCDE0000CCDE0000FA
:10D4B000CCDE0000D0DE00007047704770470A44A1
:10D4C000431E914200D1704710B511F8014B9142B3
:10D4D00003F8014FF9D110BD38B50546002941D0F8
:10D4E00051F8043C0C1F002BB8BFE418FFF72EFEC8
:10D4F0001D4A136833B9636014602846BDE838409C
:10D50000FFF72ABEA34208D9206821188B4201BF29
:10D5100019685B6809182160EDE71A465B680BB172
:10D52000A342FAD911685018A0420BD120680144D7
:10D53000501811608342E0D118685B68084453605A
:10D540001060DAE702D90C232B60D6E72068211897
:10D550008B4202BF19685B680918636008BF2160CD
:10D560005460CAE738BD00BF443100209368013BD6
:10D57000002B936010B407DA9469A34201DB0A29F7
:10D5800002D110BC00F06ABB1368581C106008463A
:10D59000197010BC7047F8B506460F461446D518EA
:10D5A000AC4201D1002007E03A4614F8011B304696
:10D5B000FFF7DCFF431CF3D1F8BD00002DE9F04F6D
:10D5C0000D469DB014469846064618B1036A0BB93D
:10D5D000FFF754FE6B6ED90705D4AB899A0502D4C8
:10D5E000A86DFFF76AFFAB891B0701D52B699BB9B3
:10D5F0002946304600F070FB70B16B6EDC0704D535
:10D600004FF0FF301DB0BDE8F08FAB899805F7D41F
:10D61000A86DFFF753FFF3E70023CDF80C804FF020
:10D620000109DFF8B481099320238DF829303023D4
:10D630008DF82A3023469A4613F8012B0AB1252A81
:10D64000F9D1BAEB040B0BD05B4622462946304693
:10D65000FFF7A1FF013000F0A780099A5A44099210
:10D660009AF80030002B00F09F8000234FF0FF322B
:10D670000AF1010A049307938DF853301A93CDE908
:10D68000052354460522544814F8011B00F07AFB88
:10D69000049AD8B9D10644BF20238DF8533013071C
:10D6A00044BF2B238DF853309AF800302A2B15D025
:10D6B000079A544600204FF00A0C214611F8013B0E
:10D6C000303B092B4BD9B0B1079214E0A0EB080313
:10D6D000A24609FA03F313430493D2E7039B191DEF
:10D6E0001B68002B0391BBBF5B4242F00202079311
:10D6F0000793B8BF049223782E2B0AD163782A2B84
:10D7000032D1039B02341A1D1B6843EAE373039270
:10D710000593DFF8C8A003222178504600F032FBC1
:10D7200038B1A0EB0A004022049B0134824013432D
:10D73000049314F8011B062229488DF8281000F0E4
:10D7400021FB00283FD0274B1BBB039B073323F053
:10D75000070308330393099B3B4409936AE70CFBD7
:10D7600002320C460120A8E7002301344FF00A0CD6
:10D7700019460593204610F8012B303A092A03D99F
:10D78000002BC6D00591C4E70CFB01210446012300
:10D79000F0E703AB2A4604A930460093124BAFF3DF
:10D7A00000800746781CD6D16B6ED90705D4AB89AB
:10D7B0009A0502D4A86DFFF781FEAB895B063FF5A1
:10D7C0001FAF09981EE703AB2A4604A93046009311
:10D7D000054B00F07DF8E4E744F100004AF1000059
:10D7E0004EF100000000000097D500002DE9F04741
:10D7F000164698468A6807460B690C46DDF8209065
:10D800009342B8BF1346336091F843200AB1013305
:10D8100033602368990642BF33680233336025685A
:10D8200015F0060506D104F1190AE36832689B1A5F
:10D83000AB422BDC94F843302268003B18BF012335
:10D84000920630D404F1430241463846C8470130BD
:10D8500023D023681A3454F80A2C03F00603042B4F
:10D860000ABF54F80E5C002533684FF0000608BF6D
:10D87000ED1A54F8123C08BF25EAE5759342C4BF7F
:10D880009B1AED18B5421AD1002008E00123524638
:10D8900041463846C847013003D14FF0FF30BDE85C
:10D8A000F0870135C1E7E1185A1C302002332244C9
:10D8B00081F8430094F8451082F84310C2E7012331
:10D8C000224641463846C8470130E6D00136D9E7FE
:10D8D0002DE9FF470F7E914680460C46782F9A46E9
:10D8E0000C9E01F1430207D8622F0AD8002F00F0E6
:10D8F000D180582F00F0B88004F1420684F84270BD
:10D900003AE0A7F16303152BF6D801A151F823F0F3
:10D9100069D900007DD90000F9D80000F9D80000CD
:10D92000F9D80000F9D800007DD90000F9D800002E
:10D93000F9D80000F9D80000F9D800007BDA00001F
:10D94000A7D9000035DA0000F9D80000F9D80000A6
:10D950009DDA0000F9D80000A7D90000F9D800002E
:10D96000F9D800003DDA000033681A1D1B683260E8
:10D9700004F1420684F8423001239CE033682068B9
:10D98000191D3160060601D51D6803E04506FBD56B
:10D99000B3F90050002D03DA2D236D4284F8433093
:10D9A00058480A2311E021683368080653F8045BDD
:10D9B00002D4490648BFADB26F2F3360514814BF3F
:10D9C0000A230823002184F843106668002EA6600D
:10D9D00005DB21682E4321F0040121604BD016465F
:10D9E000B5FBF3F103FB1157C75D06F8017D2F4628
:10D9F0000D46BB42F4D9082B0BD12368DF0708D5AD
:10DA0000236961689942DEBF302306F8013C06F1C4
:10DA1000FF36921B22614B4603AA21464046CDF8B1
:10DA200000A0FFF7E3FE01304AD14FF0FF3004B011
:10DA3000BDE8F087236843F020032360782732484D
:10DA4000236884F845701F06316851F8045B02D4DE
:10DA50005F0648BFADB23160D90744BF43F0200331
:10DA600023601DB11023ADE72648E9E7236823F0C2
:10DA700020032360F6E71646BDE733682568181DC6
:10DA8000616930602E061B6801D5196002E06806E6
:10DA9000FBD51980002316462361BCE733680021BB
:10DAA0001A1D32601E686268304600F06BF908B1DA
:10DAB000801B606063682361002384F84330AAE719
:10DAC0002369324649464046D0470130ADD02368ED
:10DAD0009B0713D4E068039B9842B8BF1846A6E79B
:10DAE0000123324649464046D04701309DD001359A
:10DAF000E36803995B1AAB42F2DCEBE7002504F123
:10DB00001906F5E755F1000066F10000B1F90C20A7
:10DB1000F8B5160705460C4654D44B68002B02DCBA
:10DB20000B6C002B48DDE66A002E45D0002312F472
:10DB300080522F68216A2B6030D0626DA38959070B
:10DB400005D56368D21A636B0BB1236CD21A00231C
:10DB5000E66A216A2846B047431CA38906D1296892
:10DB60001D292BD8284ACA40D60727D50022D90418
:10DB700062602269226004D5421C01D12B6803B97E
:10DB80006065616B2F60B9B104F14403994202D022
:10DB90002846FFF7A1FC002363630DE0012328461C
:10DBA000B0470246501CC9D12B68002BC6D01D2B94
:10DBB00001D0162B1CD12F60002020E043F0400341
:10DBC0001BB219E00F69002FF6D093070E680F60A3
:10DBD0000CBF4B690023F61B8B60002EECDD334637
:10DBE0003A46216A2846D4F828C0E047002807DCD6
:10DBF000B4F90C3043F040034FF0FF30A381F8BD7F
:10DC00000744361AE9E700BF0100402038B50B6928
:10DC100005460C4613B90025284638BD18B1036ADD
:10DC20000BB9FFF72BFBB4F90C30002BF3D0626E6D
:10DC3000D00704D4990502D4A06DFFF73EFC284616
:10DC40002146FFF763FF636E0546DA07E4D4A38934
:10DC50009B05E1D4A06DFFF731FCDDE7F8B50E467A
:10DC60001446054618B1036A0BB9FFF707FBA36911
:10DC7000A360A3891A0701D5236943B92146284621
:10DC800000F02AF818B14FF0FF373846F8BD236886
:10DC9000F6B222693746981A6369834205DC214649
:10DCA0002846FFF7B3FF0028EDD1A368013BA3602E
:10DCB00023685A1C22601E70431C62699A4204D079
:10DCC000A389DB07E1D50A2EDFD121462846FFF7DD
:10DCD0009DFF0028D9D0D6E738B5294B05460C461C
:10DCE000186818B1036A0BB9FFF7C8FAB4F90C3019
:10DCF000190722D4DA0607D409222A6043F0400328
:10DD00004FF0FF30A38133E0580712D5616B41B16A
:10DD100004F14403994202D02846FFF7DDFB0023BB
:10DD20006363A38923F02403A38100236360236931
:10DD30002360A38943F00803A38123694BB9A38916
:10DD400003F42073B3F5007F03D02146284600F08A
:10DD50004CF8B4F90C3013F001020AD00022A26092
:10DD600062695242A261226942B913F08000C5D1B2
:10DD700038BD990758BF6269A260F4E70020F7E751
:10DD800044040020C9B20346024410B59342184629
:10DD900001D1002003E0047801338C42F6D110BD9C
:10DDA00070B50C46B1F90E1096B0154600291E4606
:10DDB0000CDAA389002113F0800F14BF40234FF425
:10DDC0008063002031602B6016B070BD6A4600F0A1
:10DDD00049F80028EDDB019901F47041A1F50053E9
:10DDE000594259414FF48063EBE78B89F7B59D07A2
:10DDF00006460C4607D504F147032360236101233F
:10DE0000636103B0F0BD01AB6A46FFF7C9FF009F35
:10DE1000054630463946FFF719F948B9B4F90C30D0
:10DE20009A05EED423F0030343F00203A381E2E753
:10DE3000A389206043F08003A381019BC4E9040708
:10DE40005BB1B4F90E10304600F01EF828B1A3897A
:10DE500023F0030343F00103A381A3891D43A5819C
:10DE6000CFE7000038B50023064D044608461146AA
:10DE70002B60F3F7BBF9431C02D12B6803B123607D
:10DE800038BD00BF8432002038B50023054D04465C
:10DE900008462B60F3F7B0F9431C02D12B6803B19D
:10DEA000236038BD84320020054A0346106810B153
:10DEB000034413607047034803441360704700BF76
:10DEC0008C320020A03E0020FEE700BF2D0800009D
:10DED000050800007CF90000000400202500000077
:10DEE00010050020600B0000F8B500BFF8BC08BCAE
:10DEF0009E467047F8B500BFF8BC08BC9E46704708
:10DF00000100000002000000040000000100000009
:10DF1000B0ED00000000020000000300030000005C
:10DF2000B0ED000000000700000003000200000048
:10DF3000B0ED000000000500000002000400000039
:10DF4000B0ED000000000A00000002000400000024
:10DF5000EDFEDEC0BFE6D86F8826F4FF97FB96C4BF
:10DF6000E6FBC4993E4619FC565DA26ADF34C3291C
:10DF7000489ADC38B360CAF5C98C6B942A4882FA97
:10DF80009D4823EFB166A9EF6A6E4AA37C1919ED8B
:10DF90001FCCC04954686973206465766963652045
:10DFA0006973201B5B313B316D4E4F542053454309
:10DFB000555245005468697320646576696365202D
:10DFC0007761732070726F766973696F6E65642014
:10DFD000776974682064756D6D79206B6579732E2F
:10DFE000200000001B5B313B33316D005B57524E0C
:10DFF0005D2025732573257325730D0A000000002D
:10E000001B5B306D000000005B494E465D204265A1
:10E0100067696E6E696E6720424C322070726F764F
:10E020006973696F6E696E670D0A000054464D5F33
:10E0300044554D4D595F50524F564953494F4E49E3
:10E040004E47206973206E6F742073756974616226
:10E050006C6520666F722070726F64756374696F8F
:10E060006E2120005B4552525D204E6F2076616C20
:10E07000696420415353454D424C595F414E445FC2
:10E08000544553542070726F766973696F6E696E70
:10E0900067206461746120666F756E640D0A00000C
:10E0A0007263203D3D203000433A2F5573657273F3
:10E0B0002F4D69636861656C2F446F63756D656E84
:10E0C00074732F4769744875622F74727573746521
:10E0D000642D6669726D776172652D6D2F626C3289
:10E0E0002F6578742F6D6375626F6F742F626C3259
:10E0F0005F6D61696E2E63005B4552525D20506C0E
:10E100006174666F726D20696E6974206661696CF6
:10E1100065640D0A000000005B494E465D205374A3
:10E12000617274696E6720626F6F746C6F61646591
:10E13000720D0A005B4552525D204F545020737996
:10E140007374656D20696E697469616C697A617454
:10E15000696F6E206661696C65640D0A00000000DD
:10E160005B4552525D2050726F766973696F6E69BC
:10E170006E67206661696C65640D0A005B455252EA
:10E180005D204572726F72207768696C6520696ED8
:10E19000697469616C697A696E6720746865207357
:10E1A0006563757269747920636F756E7465720D3D
:10E1B0000A0000005B4552525D20506C6174666F2E
:10E1C000726D20706F737420696E69742066616966
:10E1D0006C65640D0A0000005B4552525D20507270
:10E1E000652D6C6F6164207374657020666F72209A
:10E1F000696D616765202564206661696C65640DE1
:10E200000A0000005B4552525D20556E61626C65EC
:10E2100020746F2066696E6420626F6F7461626C37
:10E220006520696D6167650D0A0000005B4552520B
:10E230005D20506F73742D6C6F6164207374657012
:10E2400020666F7220696D616765202564206661B4
:10E25000696C65640D0A00005B494E465D20426FA3
:10E260006F746C6F6164657220636861696E6C6F56
:10E2700061642061646472657373206F66667365A0
:10E28000743A20307825780D0A0000005B494E462C
:10E290005D20496D6167652076657273696F6E3ABE
:10E2A000207625642E25642E25640D0A00000000CA
:10E2B0005B494E465D204A756D70696E6720746FCC
:10E2C0002074686520666972737420696D61676582
:10E2D00020736C6F740D0A005B4552525D204E65D1
:10E2E0007665722073686F756C642067657420684A
:10E2F0006572650D0A000000646F5F626F6F7400E5
:10E30000010000005B4552525D20696E76616C69C8
:10E310006420666C6173682049442025643B206555
:10E32000787065637465642025640D0A0000000040
:10E3300072657420213D204E554C4C00433A2F55B8
:10E34000736572732F4D69636861656C2F446F63E9
:10E35000756D656E74732F4769744875622F74729A
:10E3600075737465642D6669726D776172652D6D64
:10E370002F626C322F6578742F6D6375626F6F74C6
:10E380002F666C6173685F6D61705F657874656E30
:10E390006465642E630000005B4552525D20696E27
:10E3A00076616C696420666C617368206172656176
:10E3B0002049440D0A00000066617020213D204E76
:10E3C000554C4C0028666120213D204E554C4C296F
:10E3D0002026262028736563746F7220213D204E0D
:10E3E000554C4C2900000000666C6173685F6465E1
:10E3F000766963655F62617365000000666C6173D6
:10E40000685F617265615F6572617365645F7661A3
:10E410006C0000005B4552525D20617265612025F1
:10E42000642073697A652030782578206E6F7420B7
:10E43000646976697369626C6520627920736563CB
:10E44000746F722073697A6520307825780D0A0020
:10E450005B4552525D20666C617368206172656134
:10E4600020256420736563746F7220636F756E740A
:10E47000206F766572666C6F770D0A005B455252AD
:10E480005D204661696C656420746F20616464205E
:10E49000696D616765206461746120746F207368C1
:10E4A0006172656420617265610D0A007072696D48
:10E4B000617279007365636F6E6461727900000048
:10E4C0005B4552525D20496D61676520696E20741D
:10E4D000686520257320736C6F74206973206E6FDC
:10E4E000742076616C6964210D0A00005B494E4618
:10E4F0005D20496D616765202564207570677261D4
:10E500006465207365636F6E6461727920736C6FEC
:10E5100074202D3E207072696D61727920736C6F6A
:10E52000740D0A005B494E465D2045726173696E49
:10E530006720746865207072696D61727920736CF0
:10E540006F740D0A000000007263203D3D20300012
:10E55000433A2F55736572732F4D69636861656C1B
:10E560002F446F63756D656E74732F4769744875BA
:10E57000622F747275737465642D6669726D77614C
:10E5800072652D6D2F6275696C645F7261366D34D2
:10E590005F626F6F742F6C69622F6578742F6D6383
:10E5A00075626F6F742D7372632F626F6F742F6259
:10E5B0006F6F747574696C2F7372632F6C6F616405
:10E5C00065722E63000000005B494E465D20496D78
:10E5D00061676520256420636F7079696E672074B8
:10E5E0006865207365636F6E6461727920736C6F08
:10E5F0007420746F20746865207072696D6172791F
:10E6000020736C6F743A203078257A7820627974A0
:10E6100065730D0A000000005B4552525D20536592
:10E6200063757269747920636F756E746572207595
:10E630007064617465206661696C656420616674EC
:10E64000657220696D6167652075706772616465C8
:10E650002E0D0A005B57524E5D204661696C656461
:10E660002072656164696E6720736563746F72738D
:10E670003B20424F4F545F4D41585F494D475F53D8
:10E680004543544F52533D2564202D20746F6F2015
:10E69000736D616C6C3F0D0A000000005B57524EB9
:10E6A0005D204661696C65642072656164696E67AE
:10E6B00020696D61676520686561646572733B20E0
:10E6C000496D6167653D25750D0A00003000000049
:10E6D0005B4552525D20536563757269747920639E
:10E6E0006F756E7465722075706461746520666103
:10E6F000696C656420616674657220696D61676527
:10E700002076616C69646174696F6E2E0D0A000079
:10E710005B4552525D204661696C656420746F20D0
:10E720006F70656E20666C61736820617265612030
:10E7300049442025642028696D616765202564208F
:10E74000736C6F74202564293A2025642C20636142
:10E750006E6E6F7420636F6E74696E75650D0A005E
:10E760005B4552525D2070616E6963210D0A0000A5
:10E77000626F6F745F636F70795F696D6167650069
:10E78000626F6F745F706572666F726D5F757064D3
:10E7900061746500626F6F745F707265706172653D
:10E7A0005F696D6167655F666F725F7570646174E4
:10E7B00065000000636F6E746578745F626F6F74DC
:10E7C0005F676F005B4552525D20446574656374FA
:10E7D000656420696E636F6E73697374656E74200F
:10E7E000737461747573210D0A0000005B57524EFB
:10E7F0005D2043616E6E6F74207570677261646531
:10E800003A206D6F726520736563746F7273207444
:10E8100068616E20616C6C6F7765640D0A000000A2
:10E820005B57524E5D2043616E6E6F74207570674A
:10E83000726164653A20736C6F74732068617665E9
:10E84000206E6F6E2D636F6D70617469626C6520F0
:10E85000736563746F72730D0A0000005B57524E4C
:10E860005D2043616E6E6F742075706772616465C0
:10E870003A20736C6F747320617265206E6F742020
:10E88000636F6D70617469626C650D0A0000000051
:10E890007263203D3D203000433A2F5573657273FB
:10E8A0002F4D69636861656C2F446F63756D656E8C
:10E8B00074732F4769744875622F74727573746529
:10E8C000642D6669726D776172652D6D2F62756951
:10E8D0006C645F7261366D345F626F6F742F6C6948
:10E8E000622F6578742F6D6375626F6F742D73720C
:10E8F000632F626F6F742F626F6F747574696C2F02
:10E900007372632F737761705F736372617463688E
:10E910002E630000756E7365740000006261640010
:10E92000676F6F64000000005072696D617279203A
:10E93000696D6167650000005B494E465D20257387
:10E940003A206D616769633D25732C207377617090
:10E950005F747970653D307825782C20636F70790D
:10E960005F646F6E653D307825782C20696D616736
:10E97000655F6F6B3D307825780D0A007072696DA8
:10E9800061727920736C6F74000000004255473B40
:10E990002063616E27742068617070656E000000EE
:10E9A00073637261746368006E6F6E6500000000CF
:10E9B0005B494E465D20426F6F7420736F757263C2
:10E9C000653A2025730D0A005B494E465D20426F73
:10E9D0006F7420736F757263653A206E6F6E650D8C
:10E9E0000A00000010002DE15D29410B8D77679C26
:10E9F000110F1F8A0401040304020401040104032B
:10EA0000010303040104000028696D6167655F6EFE
:10EA1000756D29203C20307846000000433A2F5580
:10EA2000736572732F4D69636861656C2F446F6302
:10EA3000756D656E74732F4769744875622F7472B3
:10EA400075737465642D6669726D776172652D6D7D
:10EA50002F6275696C645F7261366D345F626F6FCF
:10EA6000742F6C69622F6578742F6D6375626F6F98
:10EA7000742D7372632F626F6F742F626F6F747572
:10EA800074696C2F7372632F626F6F747574696C25
:10EA90005F7075626C69632E630000002873776194
:10EAA000705F7479706529203C2030784600000042
:10EAB0005B494E465D205365636F6E6461727920D9
:10EAC000696D616765206F6620696D61676520709B
:10EAD000616972202825642E2920697320756E7261
:10EAE0006561636861626C652E2054726561742093
:10EAF000697420617320656D7074790D0A000000DF
:10EB000072657665727400004255473B2063616E02
:10EB100027742068617070656E0000007065726D0A
:10EB20000000000074657374000000005B494E46ED
:10EB30005D20496D61676520696E6465783A2025BE
:10EB4000642C205377617020747970653A202573A6
:10EB50000D0A00005B494E465D20496D61676520E6
:10EB6000696E6465783A2025642C205377617020A3
:10EB7000747970653A206E6F6E650D0A00000000B2
:10EB8000300000005B4552525D204661696C65644F
:10EB90002072656164696E6720696D6167652068D0
:10EBA00065616465720D0A005B4552525D204261E9
:10EBB0006420696D616765206D61676963203078E5
:10EBC000256C780D0A0000005B4552525D20496DAE
:10EBD000616765206E6F7420626F6F7461626C652F
:10EBE0000D0A0000010002001000110020002100A9
:10EBF0002200230024003000310032003300FFFFE8
:10EC00000000000000000000982F8A4291443771F4
:10EC1000CFFBC0B5A5DBB5E95BC25639F111F1599F
:10EC2000A4823F92D55E1CAB98AA07D8015B8312E1
:10EC3000BE853124C37D0C55745DBE72FEB1DE808D
:10EC4000A706DC9B74F19BC1C1699BE48647BEEFBC
:10EC5000C69DC10FCCA10C246F2CE92DAA84744A47
:10EC6000DCA9B05CDA88F97652513E986DC631A8BD
:10EC7000C82703B0C77F59BFF30BE0C64791A7D59C
:10EC80005163CA0667292914850AB72738211B2E24
:10EC9000FC6D2C4D130D385354730A65BB0A6A760C
:10ECA0002EC9C281852C7292A1E8BFA24B661AA818
:10ECB000708B4BC2A3516CC719E892D1240699D628
:10ECC00085350EF470A06A1016C1A419086C371EA1
:10ECD0004C774827B5BCB034B30C1C394AAAD84E7F
:10ECE0004FCA9C5BF36F2E68EE828F746F63A578BA
:10ECF0001478C8840802C78CFAFFBE90EB6C50A44D
:10ED0000F7A3F9BEF27871C6433A2F557365727353
:10ED10002F4D69636861656C2F446F63756D656E17
:10ED200074732F4769744875622F747275737465B4
:10ED3000642D6669726D776172652D6D2F627569DC
:10ED40006C645F7261366D345F626F6F742F6C69D3
:10ED5000622F6578742F6D62656463727970746F69
:10ED60002D7372632F6C6962726172792F72736195
:10ED70002E63000009204000B3D30000030201010C
:10ED800000000000200000000080000004000000DF
:10ED900001000000FF0000000000000080000000F3
:10EDA000400000004000000001000000FF000000E3
:10EDB0007DA00000A5A00000D9A00000B5A1000022
:10EDC000DDA1000011A2000071A2000005A3000057
:10EDD00089A30000C5A00000C1A300007DA0000021
:10EDE000A5A00000D5A30000EDA30000DDA1000058
:10EDF000FDA3000069A4000009A5000099A500007A
:10EE0000C5A00000D5A500005465726D696E616CE7
:10EE10000000000000000000000054545220524541
:10EE200047474553000000000100000002000000B9
:10EE30000400000000000000FFFF000000200000B0
:10EE40008000000000000100FFFF0F0000800000B4
:10EE5000800000000200000034EE00000000000806
:10EE6000FF1F000840000000040000000000000038
:10EE7000000000000000000000000000FFDFFFDFD6
:10EE80000000000000000000010002000800100067
:10EE90002000000000800000000000000080000052
:10EEA000010000000040000002000000008000009F
:10EEB0000300000004000000040000000040000007
:10EEC0000500000000400000060000000080000077
:10EED00007000000104000000800000004000000CF
:10EEE00009000000008000000E000000008000000B
:10EEF0000F000000000C011C00010000000C011CB0
:10EF000001010000000C011C02010000000C011CAA
:10EF100003010000000C011C04010000000C011C96
:10EF200005010000000C011C06010000000C011C82
:10EF300007010000000001000801000000000100BE
:10EF400009010000000001000A01000004000000A7
:10EF50000B010000040000000F010000000001068A
:10EF6000020200000000010603020000000001068A
:10EF7000040200000000010605020000000001007C
:10EF8000000300000000010601030000040000006F
:10EF9000030300000400000004030000000C011142
:10EFA00005030000000C011106030000000C011114
:10EFB00007030000000C011108030000000C011100
:10EFC00009030000000C01110A0300000400000006
:10EFD0000B030000040000000C030000040000000C
:10EFE0000D0300000400000000040000000C0117E5
:10EFF00001040000000C011702040000050C0000D1
:10F00000030400000400000004040000000C0117C9
:10F0100005040000000C01170604000000000113A5
:10F020000704000000000103080400001040000075
:10F0300009040000000001060A04000000000106A7
:10F040000B040000000001060C0400000000010693
:10F050000D040000104000000E0400000400000039
:10F060000F04000000000113000500000000011360
:10F0700001050000400001040505000040000104F6
:10F0800006050000000401070B050000000401074D
:10F090000C050000000C011C00060000000C011C07
:10F0A00001060000000C011C02060000000C011CFF
:10F0B0000A060000040000000B0600000400000027
:10F0C0000C060000000001050D060000000001050F
:10F0D0000E060000000C011700070000000C0117CD
:10F0E00001070000000C011702070000000C0117C7
:10F0F00003070000000C011704070000000C0117B3
:10F1000005070000040000000807000004000000DC
:10F1100009070000040000000A07000004000000C6
:10F120000C070000040000000D07000000000000B4
:10F1300044F100000000000044F100000000000065
:10F1400044F10000232D302B2000686C4C006566D4
:10F150006745464700303132333435363738394128
:10F16000424344454600303132333435363738393E
:10F17000616263646566000010000000000000002A
:10F18000017A5200027C0E011B0C0D0010000000E1
:10F190001800000000000000100000000000000047
:04F1A000000000006B
:10F1A40080B584B000AF0023FB6000237B601F4B5D
:10F1B400B3F884309BB23B604FF49643BB601B4B67
:10F1C4004FF42A42A3F8842008E0BB68002B02D144
:10F1D4004FF4FA73FB60BB68013BBB60134BB3F89D
:10F1E40084309BB2002BF0D13B68012B07D10F4B2D
:10F1F4004DF60112A3F84420FCF71CFE09E03B681D
:10F20400802B06D10A4B01225A60094B5B68002B04
:10F21400FBD17B6840F2F512934201D17B68FB601D
:10F22400FB6818461037BD4680BD00BF00E07F4034
:10F234000070004080B584B000AF78607B685B6884
:10F244001B78002B0DD07B685B6893F9113018464E
:10F25400FCF7B0FE7B685B6893F913301846FCF743
:10F26400A9FE124BB3F884309BB2002B02D178680C
:10F27400FDF738F900F01CF8F86000F047F8B860C2
:10F28400FB68002B01D1BB68FB60FFF789FFB86006
:10F29400FB68002B01D1BB68FB607B68002283F80C
:10F2A4003C20FB6818461037BD4680BD00E07F4017
:10F2B40080B483B000AF4FF496437B60114BB3220C
:10F2C4001A7007E07B68002B01D1142315E07B68DA
:10F2D400013B7B600C4BD3F88030C3F3C033DBB20B
:10F2E400012BEFD1084B1B7CC3F30013DBB2002BC3
:10F2F40002D040F2F51300E0002318460C37BD4657
:10F3040080BC704700007E4000E07F4080B483B042
:10F3140000AF4FF496437B60114B50221A7007E004
:10F324007B68002B01D1142315E07B68013B7B60D3
:10F334000C4BD3F88030C3F3C033DBB2012BEFD1D5
:10F34400084B1B7CC3F30013DBB2002B02D040F24A
:10F35400F51300E0002318460C37BD4680BC704707
:10F3640000007E4000E07F4080B485B000AFF860CC
:10F37400B9607A60174AFB681B6B1363164B202233
:10F384001A70154BD0221A70FB681A6BBB681A44AA
:10F39400FB681A63FB689B6B5A1EFB689A637B6865
:10F3A400002B10D007E07B68002B01D114230BE065
:10F3B4007B68013B7B60074BD3F88030C3F3C033D9
:10F3C400DBB2012BEFD1002318461437BD4680BCB5
:10F3D400704700BF00E07F4000007E4080B588B0E9
:10F3E40000AFF860B9607A607B68002B06D1FB68D7
:10F3F4005B6893F911301846FCF7DCFD334AFB686F
:10F404005B6B1363324BE8221A70BB685B08BB6109
:10F4140002237B612E4BBA69D2B21A700023FB61BE
:10F424002CE0FB681B6B1A46294B12881A80FB6878
:10F434001B693B6106E03B695A1E3A61002B01D10E
:10F4440014233FE0214BD3F88030C3F38023DBB295
:10F45400012BF0D0FB681A6B7B691A44FB681A63B2
:10F46400FB685A6B7B691A44FB685A63FB689B6BA5
:10F474005A1EFB689A63FB690133FB61FA69BB6935
:10F484009A42CED3124BD0221A707B68002B11D033
:10F4940007E07B68002B01D1142313E07B68013B58
:10F4A4007B600A4BD3F88030C3F3C033DBB2012B4B
:10F4B400EFD106E0FB685B6893F911301846FCF75E
:10F4C4004BFD002318462037BD4680BD00E07F4039
:10F4D40000007E4080B586B000AFF860B9607A6005
:10F4E40000237B61174B1B7CC3F30013DBB2012B9E
:10F4F4000FD1144BD3F88030C3F38033DBB2012B2C
:10F5040004D1104B1B7C0F4B00221A7440F2F513EC
:10F514007B610C4BD3F88020BB681340002B01D0D7
:10F524007B687B61FB68002B01D0FB687B617B6996
:10F53400002B01D0FFF7BCFE7B6918461837BD4687
:10F5440080BD00BF00E07F4080B489B000AFF860A8
:10F55400B9607A60FB689B693B610823FB760823EA
:10F564007B611A4ABB681363194B40221A70184A0C
:10F57400FB7E13700023FB6109E0FB695B007A6882
:10F584001344134A1B881380FB690133FB61FA6936
:10F594007B699A42F1D30E4BD0221A7007E03B6983
:10F5A400002B01D114230BE03B69013B3B61074B6A
:10F5B400D3F88030C3F3C033DBB2012BEFD1002387
:10F5C40018462437BD4680BC704700BF00E07F402A
:10F5D40000007E4080B485B000AFF860B9607A6006
:10F5E400194B4FF6FF721A80174B4FF6FF725A8071
:10F5F4007B689AB2FB689BB2DB039BB213439BB25A
:10F6040043F4F0439AB2104BDA80BB689BB26FEAC2
:10F6140043536FEA53539AB20B4B9A800A4B4FF6FB
:10F62400FF721A81084B4FF6FF725A81064B4FF650
:10F63400FF729A81044B4FF6FF72DA8100BF1437D0
:10F64400BD4680BC704700BF2004002080B584B054
:10F6540000AF78600023FB60786800F0B9F8F860C8
:10F66400FB68002B10D0FB681EE07B689B681A4681
:10F6740080217868FFF7B2FEF86018224FF4A041A9
:10F68400F868FFF727FFF8607B689B6B002B02D0BC
:10F69400FB68002BE9D0FFF783FDB860FB68002B03
:10F6A40001D1BB68FB60FB6818461037BD4680BDBE
:10F6B40080B586B000AF786000237B61FCF7C0FDA5
:10F6C40038613B691B689BB203F007039BB2DB43C1
:10F6D4009BB263F007039AB2114B1A800E22FF21EA
:10F6E4001048FDF764FE786800F072F80C4A396936
:10F6F4007868FFF729FF7861182200217869FFF7FD
:10F70400E9FE7861FFF74CFDF8607B69002B01D1BD
:10F71400FB687B617B6918461837BD4680BD00BF16
:10F72400200400202204002080B588B000AFF860D7
:10F73400B9607A600023FB61FB68BA681A63FB68EE
:10F744007A689A63F86800F043F8F861FB69002B63
:10F7540001D0FB6935E01D4B0122A3F8E02020E035
:10F76400FB681B6B23F40013B3F5803F06D2FB68E0
:10F77400DB69BB614FF400537B6105E0FB681B6AE6
:10F78400BB614FF400437B61BA697969F868FFF79C
:10F79400EBFDF86119224FF4C041F869FFF79AFEB6
:10F7A400F861FB689B6B002B02D0FB69002BD7D060
:10F7B400FFF7F6FC3861FB69002B01D13B69FB6163
:10F7C400FB6918462037BD4680BD00BF00E07F407E
:10F7D40080B584B000AF78600023FB604FF496439B
:10F7E400BB601A4B00221A607B685B681B78002B95
:10F7F4000DD07B685B6893F911301846FCF7DAFB8F
:10F804007B685B6893F913301846FCF7D3FB104B05
:10F814004FF45942A3F844200D4B4AF60122A3F8B1
:10F82400842008E0BB68002B02D14FF4FA7309E08E
:10F83400BB68013BBB60064BB3F884309BB2012B21
:10F84400F0D1FB6818461037BD4680BD00700040FB
:10F8540000E07F4080B588B000AFF860B9607A609E
:10F86400184BD3F8DC30C3F3C073DBB2BB61F86868
:10F87400FFF7AEFFF861FB69002B01D0FB691CE0C8
:10F88400BB68590B7B685B0B1A46B869FFF7A2FE8D
:10F894000D4A0E49F868FFF757FEF8611822002157
:10F8A400F869FFF717FEF861FFF77AFC7861FB69E6
:10F8B400002B01D17B69FB61FB6918462037BD46EB
:10F8C40080BD00BF00E07F402004002030A1000183
:10F8D40080B584B000AF78600B46FB701346BB70F4
:10F8E4007868FFF775FFF860FB68002B01D0FB68B0
:10F8F40033E0BB78002B08D0FB789BB2194A43F461
:10F90400CC439BB2A2F8E8301EE01022FF21164837
:10F91400FDF74DFDFB789BB203F001039BB2002B76
:10F9240002D14FF6FF7201E047F6FF720E4BDA8008
:10F934000D4A0E497868FFF707FEF8601822002187
:10F94400F868FFF7C7FDF860FFF72AFCB860FB68AA
:10F95400002B01D1BB68FB60FB6818461037BD461D
:10F9640080BD00BF00E07F402004002030A10001E2
:08F97400DC0EFF7F0100000022
:10F97C000000000038250020FFFFFFFF0100000001
:10F98C0001000000D5CF0000F9CF00009DCF000092
:10F99C00FFFF00000000000000000000000000005D
:10F9AC00010000005CEE00000000000003000000FD
:10F9BC00483100204804002000000000483100209D
:10F9CC00B0310020183200200000000000000000C0
:10F9DC00000000000000000000000000000000001B
:10F9EC00000000000000000000000000000000000B
:10F9FC0000000000000000000000000000000000FB
:04FA0C0000000000F6
:08FA1000A5EDF5FEA5EDF5FEE4
:020000040100F9
:04A10000FFFFFFFF5F
:04A20000FFFDFFFF60
:04A28000F8F8FFFFEC
:04000003000016B132
:00000001FF
